time_s,temperature_c
0.0,33.02109909057617
0.3277089446783066,33.02027130126953
0.6650034338235855,33.01945495605469
0.9925715625286102,33.01897430419922
1.3260841369628906,33.0178337097168
1.6596872359514236,33.01585388183594
1.9965089857578278,33.01388168334961
2.3249320685863495,33.011688232421875
2.6628702878952026,33.009849548339844
2.9904786497354507,33.008155822753906
3.328618034720421,33.00613021850586
3.6561861634254456,33.00485610961914
3.9936214685440063,33.00370407104492
4.322316125035286,33.0023307800293
4.659328982234001,33.00068283081055
4.986062273383141,32.99999237060547
5.324262008070946,32.99905014038086
5.652634799480438,32.9975700378418
5.9905629605054855,32.996307373046875
6.317034736275673,32.99544143676758
6.655345112085342,32.99445724487305
6.983496621251106,32.99407958984375
7.320871576666832,32.99319076538086
7.648630812764168,32.992515563964844
7.986387982964516,32.992408752441406
8.33669789135456,32.991912841796875
8.653272315859795,32.99088668823242
8.99076797068119,32.99068832397461
9.31839644908905,32.99011993408203
9.655147790908813,32.989864349365234
9.97803881764412,32.99006271362305
10.32194159924984,32.989139556884766
10.649650543928146,32.98875045776367
10.98705567419529,32.987571716308594
11.314764618873596,32.98688507080078
11.653316393494606,32.98615264892578
11.980854347348213,32.98563766479492
12.318430468440056,32.98455047607422
12.645576149225235,32.98392868041992
12.984942644834518,32.98229217529297
13.306234404444695,32.98163986206055
13.65036852657795,32.98076629638672
13.977564498782158,32.97962188720703
14.315412193536758,32.97817611694336
14.643261954188347,32.97749328613281
14.981340989470482,32.976566314697266
15.30841626226902,32.97509002685547
15.646213665604591,32.97372817993164
15.973751619458199,32.97264862060547
16.312353685498238,32.971649169921875
16.650181263685226,32.97024917602539
16.97772927582264,32.96871566772461
17.315486446022987,32.96806335449219
17.64334626495838,32.96703338623047
17.981505766510963,32.965877532958984
18.30950640141964,32.9644775390625
18.646106868982315,32.96345138549805
18.974590301513672,32.962928771972656
19.312790036201477,32.96175765991211
19.639835134148598,32.96023941040039
19.977260380983353,32.95851135253906
20.306025445461273,32.95705795288086
20.643802732229233,32.95606994628906
20.971199870109558,32.95492172241211
21.30892686545849,32.95319366455078
21.63693755865097,32.95172882080078
21.974151581525803,32.95119094848633
22.302695363759995,32.950801849365234
22.64017090201378,32.95038986206055
22.968533635139465,32.94963836669922
23.30583818256855,32.94892883300781
23.634492605924606,32.9485969543457
23.96550066769123,32.94783401489258
24.299174174666405,32.94697952270508
24.631117656826973,32.94568634033203
24.97490979731083,32.944942474365234
25.303534045815468,32.943782806396484
25.640496611595154,32.943115234375
25.96813514828682,32.942176818847656
26.30550004541874,32.941795349121094
26.634295284748077,32.94118118286133
26.97157971560955,32.94009780883789
27.299318835139275,32.939666748046875
27.637357637286186,32.93880844116211
27.964815124869347,32.93815231323242
28.29771414399147,32.937034606933594
28.630824387073517,32.93627166748047
28.968501091003418,32.93568801879883
29.28999401628971,32.935089111328125
29.63467128574848,32.93479919433594
29.962118715047836,32.93375015258789
30.29930256307125,32.93305206298828
30.626971274614334,32.93256378173828
30.96519112586975,32.93166732788086
31.292950361967087,32.93073272705078
31.62500448524952,32.929813385009766
31.95762187242508,32.92922592163086
32.2906918823719,32.928192138671875
32.623691484332085,32.92740249633789
32.962384074926376,32.92630386352539
33.29969868063927,32.92515182495117
33.627478033304214,32.92439270019531
33.96570794284344,32.92319107055664
34.29340682923794,32.92213439941406
34.632039070129395,32.921016693115234
34.95287820696831,32.91979217529297
35.2969016879797,32.91928482055664
35.62472127377987,32.918678283691406
35.96326299011707,32.918251037597656
36.29046902060509,32.9174690246582
36.62154749035835,32.916770935058594
36.956166476011276,32.916015625
37.2937124222517,32.91529846191406
37.620868161320686,32.914207458496094
37.95369677245617,32.91362762451172
38.28558996319771,32.91320037841797
38.61885108053684,32.91187286376953
38.96472528576851,32.91009521484375
39.29087519645691,32.9084587097168
39.616844058036804,32.907875061035156
39.949893951416016,32.90691375732422
40.283436700701714,32.9048957824707
40.62161631882191,32.90353775024414
40.950099751353264,32.902496337890625
41.28751493990421,32.90092849731445
41.61918684840202,32.899681091308594
41.952960938215256,32.898399353027344
42.29055717587471,32.896934509277344
42.61722005903721,32.895469665527344
42.955731600522995,32.893959045410156
43.2834405452013,32.89241409301758
43.62245500087738,32.89117431640625
43.9508780837059,32.89043426513672
44.28653307259083,32.8892822265625
44.61529813706875,32.888328552246094
44.95312571525574,32.88664245605469
45.28079442679882,32.88566207885742
45.618732646107674,32.884246826171875
45.945264771580696,32.88322067260742
46.28451056778431,32.88092041015625
46.611183509230614,32.879554748535156
46.95078134536743,32.87870407104492
47.27657921612263,32.87664031982422
47.61526174843311,32.875648498535156
47.94253818690777,32.87407684326172
48.28086867928505,32.87293243408203
48.60791377723217,32.871158599853516
48.94535914063454,32.86994934082031
49.274104088544846,32.868534088134766
49.61161985993385,32.86698913574219
49.951449036598206,32.86526870727539
50.27635172009468,32.86464309692383
50.615376234054565,32.86348342895508
50.943246111273766,32.862693786621094
51.280590891838074,32.86161804199219
51.609476655721664,32.8603630065918
51.94646939635277,32.85930633544922
52.27433927357197,32.857669830322266
52.61208638548851,32.856109619140625
52.939996495842934,32.854820251464844
53.27771343290806,32.853973388671875
53.6053117364645,32.85266876220703
53.94288785755634,32.85062026977539
54.27087843418121,32.849308013916016
54.60914857685566,32.84827423095703
54.936203733086586,32.847599029541016
55.27486614882946,32.8458137512207
55.60230351984501,32.84484100341797
55.93963824212551,32.84351348876953
56.26719631254673,32.84226989746094
56.60048760473728,32.84048080444336
56.934281811118126,32.83924102783203
57.27076157927513,32.83856201171875
57.59833976626396,32.83743667602539
57.93623775243759,32.836151123046875
58.275292441248894,32.83567810058594
58.6023073643446,32.83465576171875
58.9405070990324,32.83350372314453
59.26806516945362,32.832000732421875
59.606606885790825,32.831077575683594
59.933360293507576,32.829952239990234
60.271600261330605,32.8292350769043
60.599520429968834,32.82766342163086
60.93718707561493,32.82597732543945
61.26545928418636,32.82464599609375
61.60294488072395,32.82372283935547
61.930764466524124,32.82158660888672
62.262436375021935,32.82054901123047
62.59499341249466,32.81868362426758
62.93407827615738,32.81743240356445
63.262028619647026,32.8156852722168
63.59971538186073,32.81460952758789
63.92717286944389,32.81351852416992
64.26511108875275,32.812355041503906
64.59260880947113,32.81098937988281
64.93044644594193,32.81028366088867
65.25837667286396,32.80923080444336
65.59588238596916,32.80788803100586
65.9239836037159,32.80659866333008
66.26191176474094,32.805477142333984
66.60045348107815,32.80453872680664
66.92728735506535,32.803348541259766
67.26615093648434,32.801822662353516
67.59285405278206,32.80038833618164
67.9311241954565,32.799259185791016
68.25908459722996,32.798404693603516
68.59713345766068,32.79681396484375
68.92335377633572,32.79597854614258
69.2620262503624,32.79484939575195
69.60213705897331,32.79373550415039
69.92713026702404,32.79243850708008
70.25616690516472,32.791893005371094
70.59306912124157,32.79064178466797
70.92173360288143,32.789947509765625
71.25891745090485,32.78864288330078
71.58685773611069,32.78776168823242
71.92432321608067,32.78694534301758
72.24687226116657,32.786251068115234
72.59031236171722,32.78562545776367
72.91801124811172,32.78549575805664
73.25531579554081,32.785125732421875
73.5843725502491,32.78421401977539
73.92209954559803,32.78376770019531
74.24868196249008,32.783390045166016
74.5863787829876,32.78266525268555
74.92381408810616,32.78226852416992
75.24707727134228,32.78205108642578
75.59101022779942,32.78206253051758
75.9183369576931,32.782005310058594
76.25545039772987,32.7813606262207
76.58338062465191,32.78059387207031
76.9213892519474,32.77959060668945
77.24915854632854,32.779239654541016
77.58722752332687,32.7790412902832
77.91512757539749,32.77827835083008
78.25368940830231,32.7775993347168
78.58135811984539,32.776912689208984
78.91869284212589,32.776031494140625
79.24005500972271,32.77509689331055
79.58310283720493,32.77475357055664
79.912119358778,32.774330139160156
80.24934343993664,32.774044036865234
80.57746477425098,32.773033142089844
80.91501072049141,32.77326202392578
81.2428705394268,32.77299118041992
81.58149272203445,32.772300720214844
81.90913125872612,32.77175521850586
82.24613405764103,32.77204132080078
82.56821036338806,32.772003173828125
82.91210308670998,32.77170181274414
83.24995078146458,32.771240234375
83.57660360634327,32.77127456665039
83.90961326658726,32.770294189453125
84.24326665699482,32.77024841308594
84.58184860646725,32.770103454589844
84.90942679345608,32.76985168457031
85.24734489619732,32.76929473876953
85.57491302490234,32.7685661315918
85.91185547411442,32.76878356933594
86.24068088829517,32.768375396728516
86.57795526087284,32.76839065551758
86.90543286502361,32.7680778503418
87.24334090948105,32.76759719848633
87.57136166095734,32.767433166503906
87.90985308587551,32.76702880859375
88.23668695986271,32.76664352416992
88.57466541230679,32.766910552978516
88.90242464840412,32.766231536865234
89.23994041979313,32.76519012451172
89.56783041357994,32.765419006347656
89.90500420331955,32.76446533203125
90.23344740271568,32.76430130004883
90.57156667113304,32.76376724243164
90.89881293475628,32.763004302978516
91.23663045465946,32.76182556152344
91.57392494380474,32.76124572753906
91.90277047455311,32.7605094909668
92.23999455571175,32.75992965698242
92.56802536547184,32.75841522216797
92.90572218596935,32.75816345214844
93.23292821645737,32.7574577331543
93.57219412922859,32.75596618652344
93.89895759522915,32.75567626953125
94.23717744648457,32.75443649291992
94.56474557518959,32.7535285949707
94.89735290408134,32.75290298461914
95.23084536194801,32.75168228149414
95.56878358125687,32.75071716308594
95.89660316705704,32.74961471557617
96.23357579112053,32.74861145019531
96.56222015619278,32.74723815917969
96.90020866692066,32.746089935302734
97.22759574651718,32.7451171875
97.56521210074425,32.744266510009766
97.89192527532578,32.742679595947266
98.23112078011036,32.741737365722656
98.5588800162077,32.74108123779297
98.89642596244812,32.74024200439453
99.22320954501629,32.7396125793457
99.56256598234177,32.739315032958984
99.8995989561081,32.73834991455078
100.23829154670238,32.73723602294922
100.5649846047163,32.73666763305664
100.89397095143795,32.736000061035156
101.23057141900063,32.73548889160156
101.55877321958542,32.73514175415039
101.8960677087307,32.73423767089844
102.22443044185638,32.73340606689453
102.5564644485712,32.732757568359375
102.88402251899242,32.73188400268555
103.22826728224754,32.73125076293945
103.55586558580399,32.73080062866211
103.89257669448853,32.729496002197266
104.22188490629196,32.728599548339844
104.55898828804493,32.727752685546875
104.88658659160137,32.726444244384766
105.22444434463978,32.72575759887695
105.55189177393913,32.72441482543945
105.89068494737148,32.723289489746094
106.21848441660404,32.722251892089844
106.55618123710155,32.72149658203125
106.87687955796719,32.720252990722656
107.22204968333244,32.719383239746094
107.5493261218071,32.718746185302734
107.88719393312931,32.71748733520508
108.22505168616772,32.71581268310547
108.5528813302517,32.71507263183594
108.8903870433569,32.71380615234375
109.21238288283348,32.71251678466797
109.5555916428566,32.71055603027344
109.88324023783207,32.70893096923828
110.22241562604904,32.707645416259766
110.54946072399616,32.70623779296875
110.88638305664062,32.70488357543945
111.21450439095497,32.703575134277344
111.55238226056099,32.70236587524414
111.88014149665833,32.701087951660156
112.21888437867165,32.69911575317383
112.54587918519974,32.697784423828125
112.88354583084583,32.6969108581543
113.21168728172779,32.69553756713867
113.55025917291641,32.69425964355469
113.87606710195541,32.693336486816406
114.21559453010559,32.6920280456543
114.54275026917458,32.690345764160156
114.87989388406277,32.689125061035156
115.20875953137875,32.68865966796875
115.54519906640053,32.687095642089844
115.8740647137165,32.686683654785156
116.2118922919035,32.6854362487793
116.55013225972652,32.684322357177734
116.87752939760685,32.68375778198242
117.21520610153675,32.682865142822266
117.54368953406811,32.682090759277344
117.88089349865913,32.681488037109375
118.20876337587833,32.680301666259766
118.54628920555115,32.679195404052734
118.87291185557842,32.67802429199219
119.21232864260674,32.67723083496094
119.53988671302795,32.675907135009766
119.87881064414978,32.674442291259766
120.20540311932564,32.6729850769043
120.54328098893166,32.67211151123047
120.87146267294884,32.670997619628906
121.20860628783703,32.66919708251953
121.536073833704,32.668296813964844
121.87416292726994,32.66754913330078
122.20205292105675,32.666656494140625
122.5394781678915,32.66553497314453
122.86796160042286,32.66447067260742
123.20658378303051,32.66414260864258
123.52715134620667,32.66300582885742
123.8717682659626,32.661766052246094
124.1991151124239,32.66082000732422
124.53602738678455,32.65999984741211
124.87548440694809,32.65953063964844
125.20292177796364,32.65802764892578
125.5401961505413,32.65709686279297
125.8678749203682,32.65596008300781
126.20493806898594,32.65524673461914
126.53329074382782,32.65406036376953
126.87151059508324,32.65363311767578
127.19971239566803,32.652618408203125
127.5371577590704,32.652061462402344
127.86491699516773,32.651180267333984
128.19676995277405,32.6511116027832
128.53120788931847,32.65118408203125
128.86784859001637,32.6506462097168
129.1957788169384,32.64914321899414
129.53392826020718,32.648921966552734
129.8558235168457,32.648563385009766
130.19939437508583,32.647972106933594
130.5270530283451,32.647212982177734
130.8752104640007,32.64577102661133
131.19314275681973,32.645687103271484
131.53084963560104,32.64543151855469
131.85818642377853,32.64492416381836
132.19038136303425,32.64408874511719
132.5233206152916,32.64271926879883
132.86191262304783,32.641239166259766
133.1997100263834,32.63978576660156
133.52745920419693,32.63874816894531
133.8652465492487,32.63814163208008
134.19300578534603,32.636802673339844
134.53171849250793,32.63532638549805
134.85878370702267,32.63446044921875
135.19646041095257,32.63362121582031
135.52406877279282,32.63294982910156
135.86282171308994,32.632232666015625
136.1906010657549,32.63113784790039
136.5274328738451,32.630615234375
136.85467913746834,32.629783630371094
137.19272799789906,32.6290283203125
137.52109073102474,32.628379821777344
137.85944133996964,32.62732696533203
138.18711005151272,32.62677001953125
138.52396197617054,32.62649917602539
138.8527873903513,32.62588119506836
139.19041380286217,32.626007080078125
139.51806239783764,32.62550735473633
139.8554876446724,32.62510681152344
140.18274396657944,32.62505340576172
140.5215572565794,32.624996185302734
140.84954783320427,32.6248779296875
141.1805760115385,32.62483596801758
141.52452908456326,32.624534606933594
141.85321368277073,32.62370300292969
142.18988455832005,32.62324905395508
142.51795560121536,32.622825622558594
142.85617545247078,32.62257766723633
143.18310990929604,32.62175369262695
143.52237582206726,32.62128829956055
143.84916946291924,32.621150970458984
144.18685622513294,32.62063217163086
144.50839944183826,32.6198844909668
144.8521714657545,32.61992263793945
145.18061466515064,32.619102478027344
145.5182209610939,32.61909103393555
145.84671445190907,32.61932373046875
146.1832646280527,32.61875534057617
146.51135578751564,32.618553161621094
146.84400334954262,32.618038177490234
147.17711359262466,32.617862701416016
147.5153636187315,32.618194580078125
147.84276075661182,32.61745834350586
148.18112142384052,32.61679458618164
148.5089410096407,32.616844177246094
148.84672835469246,32.616554260253906
149.17423613369465,32.615875244140625
149.51168149709702,32.615604400634766
149.8505350202322,32.61457443237305
150.17779134213924,32.6142463684082
150.51545798778534,32.61324691772461
150.84322728216648,32.61221694946289
151.18088386952877,32.61193084716797
151.50854252278805,32.61093521118164
151.8458068370819,32.60972213745117
152.17409916222095,32.60834503173828
152.51205749809742,32.60680389404297
152.84002795815468,32.60581588745117
153.17853949964046,32.605045318603516
153.5047397017479,32.604122161865234
153.84377427399158,32.6036491394043
154.17123176157475,32.60246276855469
154.50862683355808,32.60192108154297
154.83656711876392,32.60090637207031
155.17410300672054,32.60049057006836
155.49669228494167,32.60021209716797
155.8397300541401,32.59947204589844
156.16789162158966,32.598609924316406
156.5049547702074,32.59831237792969
156.83268383145332,32.59769058227539
157.1720201522112,32.59721374511719
157.4987031519413,32.59662628173828
157.8370839357376,32.59605026245117
158.1749316304922,32.595333099365234
158.5031032562256,32.5949821472168
158.84042792022228,32.59379196166992
159.17152650654316,32.59263229370117
159.50604490935802,32.592647552490234
159.83315035700798,32.59194564819336
160.171702131629,32.59160614013672
160.49989387392998,32.591163635253906
160.83669550716877,32.59052658081055
161.1649375408888,32.590309143066406
161.51353754103184,32.58973693847656
161.83081604540348,32.58921432495117
162.16811053454876,32.58910369873047
162.49539703130722,32.588993072509766
162.83345595002174,32.58822250366211
163.16138617694378,32.58815002441406
163.493400067091,32.588260650634766
163.82759660482407,32.58815383911133
164.16473016142845,32.58796691894531
164.48689699172974,32.58789825439453
164.83146362006664,32.5876350402832
165.158911049366,32.58843231201172
165.4957227408886,32.587867736816406
165.81830196082592,32.587772369384766
166.1621242761612,32.588199615478516
166.50027371942997,32.587890625
166.8281737715006,32.58761215209961
167.16495528817177,32.587989807128906
167.4933884292841,32.58754348754883
167.8302202373743,32.58744430541992
168.15863326191902,32.5874137878418
168.4969738125801,32.587921142578125
168.8234657049179,32.58809280395508
169.1618163138628,32.587947845458984
169.48941461741924,32.587669372558594
169.82850953936577,32.587432861328125
170.15482038259506,32.58739471435547
170.4934023320675,32.587310791015625
170.82109116017818,32.58724594116211
171.15851640701294,32.58744812011719
171.48588337004185,32.587947845458984
171.8236405402422,32.587642669677734
172.1525464206934,32.58744812011719
172.48984090983868,32.58740997314453
172.81797230243683,32.5874137878418
173.15498515963554,32.58740234375
173.4822817146778,32.587398529052734
173.82140681147575,32.58696365356445
174.1496991366148,32.58718490600586
174.4863398373127,32.58680725097656
174.8250726610422,32.5860481262207
175.1519065350294,32.58562469482422
175.49049854278564,32.58543395996094
175.81818737089634,32.58515548706055
176.15521028637886,32.58510971069336
176.48297958076,32.584449768066406
176.8152952194214,32.58403396606445
177.14977338910103,32.58332443237305
177.48641408979893,32.582489013671875
177.80852057039738,32.580814361572266
178.1517293304205,32.58012771606445
178.4811582416296,32.57902908325195
178.81846278905869,32.578426361083984
179.14576940238476,32.57718276977539
179.48291301727295,32.57665252685547
179.8118893057108,32.576175689697266
180.1499281078577,32.57468795776367
180.47721460461617,32.57316589355469
180.81472031772137,32.57250213623047
181.14268071949482,32.571895599365234
181.48073963820934,32.57098388671875
181.80858939886093,32.57004928588867
182.14650750160217,32.568641662597656
182.47347213327885,32.56760025024414
182.81148076057434,32.56688690185547
183.1503041088581,32.566017150878906
183.47698710858822,32.56588363647461
183.81485491991043,32.56526565551758
184.1428354382515,32.56430435180664
184.48114581406116,32.563819885253906
184.80930738151073,32.56334686279297
185.1470846682787,32.5625114440918
185.47382801771164,32.562808990478516
185.81140413880348,32.563018798828125
186.14054135978222,32.56334686279297
186.47821806371212,32.5637092590332
186.80507205426693,32.564334869384766
187.14301027357578,32.56464385986328
187.47066892683506,32.56477737426758
187.80901953577995,32.565120697021484
188.13657760620117,32.56568145751953
188.4739324450493,32.56641387939453
188.80156092345715,32.566673278808594
189.13997188210487,32.567012786865234
189.4682340323925,32.567344665527344
189.80599120259285,32.56748580932617
190.133448690176,32.56813049316406
190.47252349555492,32.568885803222656
190.7993271946907,32.56938934326172
191.1371748894453,32.57006072998047
191.47510305047035,32.570037841796875
191.8020274490118,32.57023620605469
192.14962162077427,32.57135772705078
192.4685798585415,32.5718879699707
192.80573353171349,32.57202911376953
193.133794516325,32.57284164428711
193.47067661583424,32.57325744628906
193.79983395338058,32.57357406616211
194.13681663572788,32.57365036010742
194.4652196019888,32.573875427246094
194.80278566479683,32.57455825805664
195.12981064617634,32.574928283691406
195.46212628483772,32.575157165527344
195.7947738468647,32.575401306152344
196.13421075046062,32.576072692871094
196.4608233422041,32.57598114013672
196.79957628250122,32.57605743408203
197.12767750024796,32.57711410522461
197.46567606925964,32.576881408691406
197.79257029294968,32.57691955566406
198.13051857054234,32.57633972167969
198.45874048769474,32.57670211791992
198.79695028066635,32.577056884765625
199.12425689399242,32.57705307006836
199.4611993432045,32.57686996459961
199.8005859553814,32.57731246948242
200.13132244348526,32.57756423950195
200.46571008861065,32.577362060546875
200.79272501170635,32.57719421386719
201.13094486296177,32.57719421386719
201.45864374935627,32.57738494873047
201.79713517427444,32.577415466308594
202.12293304502964,32.57811737060547
202.46236994862556,32.578304290771484
202.789244055748,32.57844543457031
203.1279567629099,32.578582763671875
203.45420725643635,32.579612731933594
203.7935435771942,32.57972717285156
204.1212122887373,32.58000946044922
204.45827543735504,32.580387115478516
204.78579327464104,32.581111907958984
205.1232486963272,32.58123016357422
205.4524764418602,32.581268310546875
205.790002271533,32.58226776123047
206.11693672835827,32.582515716552734
206.4551766961813,32.58293151855469
206.77775591611862,32.58294677734375
207.12083391845226,32.58350372314453
207.44828134775162,32.583614349365234
207.78761766850948,32.58417510986328
208.12425836920738,32.5845947265625
208.4512833505869,32.5850830078125
208.78954343497753,32.58523941040039
209.11760441958904,32.58580780029297
209.45564322173595,32.585811614990234
209.7842775285244,32.58598327636719
210.12148149311543,32.58668518066406
210.44887863099575,32.58671188354492
210.7861328870058,32.58701705932617
211.11436486244202,32.58742141723633
211.45262494683266,32.58744812011719
211.77997179329395,32.587860107421875
212.11797036230564,32.5877571105957
212.44605146348476,32.5885009765625
212.78255134820938,32.588401794433594
213.11221159994602,32.58751678466797
213.44975754618645,32.5880012512207
213.7770440429449,32.588077545166016
214.11481127142906,32.587501525878906
214.44217823445797,32.58794021606445
214.7809311747551,32.588218688964844
215.1081271469593,32.588592529296875
215.44620618224144,32.58863830566406
215.77369384467602,32.58853530883789
216.11120961606503,32.589176177978516
216.44019596278667,32.58919906616211
216.7779128998518,32.58921813964844
217.11551919579506,32.58926010131836
217.4431074410677,32.58951950073242
217.7749503403902,32.58965301513672
218.108643963933,32.589500427246094
218.44610944390297,32.58938217163086
218.77395920455456,32.589595794677734
219.11115311086178,32.58943557739258
219.43964660167694,32.59000778198242
219.77748423814774,32.59062576293945
220.10518312454224,32.59085464477539
220.44232673943043,32.591548919677734
220.77175565063953,32.59197998046875
221.10930159687996,32.59189224243164
221.436557918787,32.59284973144531
221.76797837018967,32.59357833862305
222.10168205201626,32.59346008300781
222.43998236954212,32.593727111816406
222.77874536812305,32.59361267089844
223.10590110719204,32.593894958496094
223.42742420732975,32.59452438354492
223.77075366675854,32.594905853271484
224.09927733242512,32.59529113769531
224.43127110600471,32.59541320800781
224.7632347047329,32.59541320800781
225.10168589651585,32.59593963623047
225.44076070189476,32.59632873535156
225.76790638267994,32.59627151489258
226.10631734132767,32.596710205078125
226.43360383808613,32.596832275390625
226.77101902663708,32.596710205078125
227.09905989468098,32.59730529785156
227.43751108646393,32.59770202636719
227.76441536843777,32.5981330871582
228.10256481170654,32.59904861450195
228.43026369810104,32.599578857421875
228.7681918591261,32.599822998046875
229.0964037179947,32.60022735595703
229.43352721631527,32.600955963134766
229.7552514821291,32.60159683227539
230.09991869330406,32.60237121582031
230.42654134333134,32.60305404663086
230.76542504131794,32.60369873046875
231.08728006482124,32.603660583496094
231.42999596893787,32.60407638549805
231.7577451467514,32.60459518432617
232.09672942757607,32.605323791503906
232.4229396879673,32.605628967285156
232.76152163743973,32.6068229675293
233.08887854218483,32.60764694213867
233.42712856829166,32.607913970947266
233.76595191657543,32.6085319519043
234.09293666481972,32.60882568359375
234.43045243620872,32.60966491699219
234.75821167230606,32.61027908325195
235.09740717709064,32.6109504699707
235.42358726263046,32.6116943359375
235.7622094452381,32.61221694946289
236.08963675796986,32.612735748291016
236.42701171338558,32.613346099853516
236.7550928145647,32.61427307128906
237.09231689572334,32.61469650268555
237.4145843088627,32.61516571044922
237.75906041264534,32.615535736083984
238.08642737567425,32.616050720214844
238.4242046624422,32.61660385131836
238.75105865299702,32.61669158935547
239.09049555659294,32.61719512939453
239.41783234477043,32.6169548034668
239.75572027266026,32.61744689941406
240.08311741054058,32.61809158325195
240.42057283222675,32.61848831176758
240.74916690587997,32.618961334228516
241.08684360980988,32.61946487426758
241.41449220478535,32.620235443115234
241.75144471228123,32.620765686035156
242.090268060565,32.62089920043945
242.4174539744854,32.62118911743164
242.75568388402462,32.62175369262695
243.08297038078308,32.62242889404297
243.42088848352432,32.622379302978516
243.7497340142727,32.62277603149414
244.08739060163498,32.6231689453125
244.4146167486906,32.62373352050781
244.75155919790268,32.6243782043457
245.081028342247,32.624351501464844
245.4181618988514,32.62470245361328
245.74599154293537,32.625152587890625
246.08327597379684,32.62519454956055
246.41128666698933,32.62555694580078
246.74933552742004,32.62636947631836
247.07106985151768,32.626434326171875
247.41485193371773,32.62708282470703
247.74208813905716,32.6271858215332
248.07978495955467,32.627193450927734
248.4080672264099,32.6275749206543
248.73994030058384,32.62791061401367
249.073925614357,32.62824249267578
249.40595962107182,32.628028869628906
249.7389793395996,32.628299713134766
250.0778529793024,32.6286506652832
250.41563026607037,32.629276275634766
250.74300728738308,32.62966537475586
251.0810662060976,32.630191802978516
251.40800066292286,32.63032913208008
251.74652226269245,32.63033676147461
252.07335613667965,32.6298942565918
252.41236053407192,32.63021469116211
252.73981802165508,32.63025665283203
253.07796746492386,32.630409240722656
253.41616719961166,32.63013458251953
253.7432424724102,32.630149841308594
254.07014675438404,32.63005447387695
254.40926179289818,32.63003158569336
254.73618619143963,32.63029098510742
255.0734706223011,32.62983703613281
255.4018434137106,32.62961959838867
255.73930889368057,32.62972640991211
256.0668770223856,32.62920379638672
256.40600211918354,32.629615783691406
256.73218220472336,32.6296272277832
257.0712771266699,32.62962341308594
257.3982920497656,32.62998580932617
257.73763842880726,32.63042449951172
258.0637078732252,32.63063049316406
258.4025915712118,32.63096237182617
258.73945355415344,32.63130187988281
259.0670920908451,32.63172149658203
259.4058249145746,32.6318359375
259.7329907119274,32.63179397583008
260.0709490478039,32.63232421875
260.39873845875263,32.63248062133789
260.7375517487526,32.63280487060547
261.0636916011572,32.63294982910156
261.3969024270773,32.63350296020508
261.7308374494314,32.63369369506836
262.068634852767,32.63399887084961
262.39541843533516,32.63457489013672
262.73258216679096,32.63492965698242
263.0603212863207,32.63519287109375
263.39894346892834,32.635467529296875
263.7270748615265,32.636173248291016
264.0646006911993,32.635990142822266
264.39220905303955,32.63667678833008
264.72491696476936,32.637107849121094
265.057685226202,32.63715362548828
265.39628729224205,32.6375732421875
265.72382524609566,32.637516021728516
266.06093868613243,32.63846206665039
266.38388000428677,32.63903045654297
266.7274307459593,32.63947296142578
267.06557013094425,32.640010833740234
267.39241406321526,32.64067459106445
267.7310563623905,32.6411247253418
268.0588960647583,32.64155197143555
268.3957580476999,32.64229202270508
268.72332617640495,32.64224624633789
269.06134486198425,32.64253616333008
269.38924491405487,32.64262390136719
269.7276156395674,32.6424674987793
270.0544696301222,32.64269256591797
270.39261907339096,32.64282989501953
270.71976475417614,32.64338302612305
271.0527542978525,32.64348220825195
271.38585448265076,32.64348602294922
271.7242553830147,32.6436767578125
272.05173298716545,32.643733978271484
272.38959074020386,32.64460372924805
272.7180540561676,32.64479064941406
273.0557709932327,32.644962310791016
273.3833994716406,32.64520263671875
273.7210761755705,32.64580154418945
274.04953949153423,32.64618682861328
274.3863008916378,32.64670181274414
274.7081860899925,32.64640808105469
275.0513646751642,32.64630889892578
275.38423351943493,32.646053314208984
275.7182087749243,32.64626693725586
276.0557547211647,32.64657211303711
276.38333290815353,32.64662551879883
276.72101967036724,32.646629333496094
277.04374976456165,32.64685821533203
277.3868680000305,32.64704132080078
277.71392315626144,32.6469841003418
278.05146910250187,32.64731216430664
278.3748731017113,32.64714431762695
278.7180617451668,32.64701843261719
279.04587127268314,32.647125244140625
279.3834373354912,32.64742660522461
279.71111610531807,32.64736557006836
280.0500098615885,32.64714050292969
280.3775679320097,32.6471061706543
280.71464113891125,32.64748764038086
281.0425613075495,32.647342681884766
281.3797350972891,32.647647857666016
281.7086510360241,32.6484375
282.04589523375034,32.6483039855957
282.37358406186104,32.64850997924805
282.71165303885937,32.6491584777832
283.039603382349,32.6497688293457
283.37182849645615,32.650169372558594
283.71532894670963,32.65028381347656
284.0534381568432,32.65032958984375
284.3796081840992,32.650611877441406
284.7087353467941,32.65082550048828
285.04626117646694,32.65135192871094
285.3742718696594,32.65170669555664
285.71182787418365,32.651912689208984
286.03919483721256,32.65205764770508
286.37803830206394,32.652137756347656
286.70572713017464,32.65239715576172
287.04289086163044,32.652740478515625
287.36493699252605,32.65308380126953
287.7092722803354,32.65341567993164
288.0364179611206,32.653587341308594
288.3742857724428,32.653629302978516
288.70188407599926,32.653709411621094
289.0390980988741,32.65436935424805
289.3671188503504,32.65485382080078
289.7060226649046,32.65544509887695
290.0335304439068,32.65591049194336
290.37062376737595,32.656612396240234
290.6985841691494,32.656978607177734
291.0369448363781,32.65720748901367
291.36407040059566,32.65746307373047
291.6966073215008,32.65803146362305
292.0393332839012,32.659027099609375
292.3673741519451,32.65935134887695
292.70009212195873,32.659339904785156
293.03313195705414,32.65974426269531
293.3707281947136,32.65962219238281
293.6991713941097,32.66006851196289
294.0371498465538,32.66007614135742
294.364295527339,32.65986251831055
294.7022136300802,32.660072326660156
295.0303450226784,32.660438537597656
295.36796137690544,32.66043472290039
295.6964749842882,32.6607551574707
296.0328843444586,32.66101837158203
296.3616091758013,32.66109085083008
296.6991752386093,32.66192626953125
297.02610969543457,32.66264343261719
297.36477211117744,32.663169860839844
297.6913344115019,32.66378402709961
298.0302382260561,32.663978576660156
298.35768565535545,32.664634704589844
298.6957546323538,32.665348052978516
299.0235138684511,32.6657829284668
299.3606876581907,32.666297912597656
299.6890503913164,32.66666030883789
300.02727024257183,32.66707229614258
300.3659326583147,32.66741180419922
300.69354102015495,32.66781234741211
301.03067457675934,32.66818618774414
301.35785043239594,32.66849136352539
301.6959596425295,32.668975830078125
302.0240005105734,32.669132232666016
302.3625522851944,32.669857025146484
302.6902109384537,32.67027282714844
303.0270628631115,32.6710205078125
303.3551137894392,32.671390533447266
303.6921266466379,32.67185974121094
304.01973500847816,32.67237854003906
304.35930266976357,32.67282485961914
304.6859856694937,32.67311096191406
305.0244066864252,32.673927307128906
305.35150207579136,32.674072265625
305.6896012276411,32.67461395263672
306.018004193902,32.67525100708008
306.3558116555214,32.67609786987305
306.68328925967216,32.67649841308594
307.02060386538506,32.676151275634766
307.3495902121067,32.67692565917969
307.6864421367645,32.677894592285156
308.0137889832258,32.67821502685547
308.3520993590355,32.67897033691406
308.68952460587025,32.67940902709961
309.01843048632145,32.679595947265625
309.35541316866875,32.68000793457031
309.6834138035774,32.68032455444336
310.0207384675741,32.680946350097656
310.3490810841322,32.681541442871094
310.68720035254955,32.68149948120117
311.0087435692549,32.681819915771484
311.35275699198246,32.682472229003906
311.68011389672756,32.68274688720703
312.01739832758904,32.68353271484375
312.34663613140583,32.683753967285156
312.682331353426,32.684024810791016
313.00549395382404,32.68473434448242
313.3489038795233,32.68546676635742
313.67706544697285,32.68567657470703
314.0151847153902,32.68627166748047
314.3418878316879,32.686405181884766
314.6910812705755,32.68709182739258
315.0071930140257,32.68770980834961
315.3459660708904,32.6878662109375
315.67322239279747,32.688350677490234
316.011331602931,32.68871307373047
316.3391310721636,32.688297271728516
316.6768681257963,32.68880844116211
317.0148868113756,32.68870544433594
317.3415698111057,32.68915939331055
317.68062449991703,32.68994140625
318.0085949599743,32.69049835205078
318.34652312099934,32.69092559814453
318.6733167618513,32.691280364990234
319.0123412758112,32.691219329833984
319.33911480009556,32.691741943359375
319.67732459306717,32.69239807128906
320.00432945787907,32.69261932373047
320.34280076622963,32.6931266784668
320.6696346402168,32.69328689575195
321.0079852491617,32.693603515625
321.3359758257866,32.69392013549805
321.67426608502865,32.69474792480469
322.0015726983547,32.69527053833008
322.3331641405821,32.69587707519531
322.66696840524673,32.69635009765625
323.00602309405804,32.696407318115234
323.3329374343157,32.6972541809082
323.67110699415207,32.697452545166016
323.9982023835182,32.69780349731445
324.33624118566513,32.69779586791992
324.6640607714653,32.69834518432617
325.00144578516483,32.698551177978516
325.33969581127167,32.698760986328125
325.66806860268116,32.69898223876953
326.0048199445009,32.699806213378906
326.33257918059826,32.6995849609375
326.6701553016901,32.70027160644531
326.9927244633436,32.7008056640625
327.33628526329994,32.701229095458984
327.66385339200497,32.702117919921875
328.00153009593487,32.7020149230957
328.3292893320322,32.70232009887695
328.6676298826933,32.70279312133789
328.99577133357525,32.703041076660156
329.33274395763874,32.703617095947266
329.66217286884785,32.70439910888672
329.99919578433037,32.70451736450195
330.32717630267143,32.704524993896484
330.66488318145275,32.704627990722656
330.99202886223793,32.704933166503906
331.32991679012775,32.705257415771484
331.658199056983,32.70500183105469
331.9960668683052,32.705169677734375
332.3231924325228,32.705745697021484
332.66050703823566,32.7061653137207
332.9901672899723,32.70622253417969
333.32720026373863,32.70660400390625
333.665007725358,32.70707321166992
333.9923344552517,32.7080078125
334.3298301100731,32.708213806152344
334.65884663164616,32.70810317993164
334.99618135392666,32.7084846496582
335.3241015225649,32.70885467529297
335.6615871191025,32.709163665771484
335.99010072648525,32.70902633666992
336.3276869058609,32.709083557128906
336.6545610129833,32.71000289916992
336.99283115565777,32.71005630493164
337.31962479650974,32.71001434326172
337.65250369906425,32.71068572998047
337.9865191876888,32.71066665649414
338.3237633854151,32.71089553833008
338.65122087299824,32.71088790893555
338.9895010739565,32.711097717285156
339.3115773797035,32.71147155761719
339.6557718515396,32.711570739746094
339.9831287562847,32.71163558959961
340.32083563506603,32.712162017822266
340.6486351042986,32.7126350402832
340.98657332360744,32.71282196044922
341.3143426179886,32.713321685791016
341.645722836256,32.71318435668945
341.98959544301033,32.71310043334961
342.3182297497988,32.71387481689453
342.65552423894405,32.714263916015625
342.9829314351082,32.71513748168945
343.3204371482134,32.715187072753906
343.6493329703808,32.71506881713867
343.9872108399868,32.71564483642578
344.3148694932461,32.71630859375
344.65181194245815,32.716922760009766
344.9792794883251,32.717342376708984
345.3298609703779,32.71775436401367
345.64587213099,32.718841552734375
345.98360918462276,32.71875762939453
346.3045187294483,32.71855545043945
346.6493468731642,32.71865463256836
346.97769954800606,32.71949005126953
347.31432013213634,32.72066879272461
347.6420793682337,32.7203483581543
347.9803092777729,32.720760345458984
348.3080182224512,32.721256256103516
348.6465398222208,32.72148895263672
348.97359497845173,32.721832275390625
349.31146278977394,32.7223014831543
349.6387694031,32.723018646240234
349.9771300703287,32.72369384765625
350.31468607485294,32.72395706176758
350.64208321273327,32.724544525146484
350.98060481250286,32.72478485107422
351.3086959719658,32.72517395019531
351.6468957066536,32.72565841674805
351.9742928445339,32.726009368896484
352.31133587658405,32.7266845703125
352.6386424899101,32.72764587402344
352.9712397605181,32.727874755859375
353.31079736351967,32.72825622558594
353.64312306046486,32.729007720947266
353.9706911891699,32.72895431518555
354.3085388839245,32.7292366027832
354.63683120906353,32.73002243041992
354.9744676798582,32.73049545288086
355.30153289437294,32.73149108886719
355.6391794234514,32.731876373291016
355.9666469693184,32.732215881347656
356.30543008446693,32.7326545715332
356.6315498203039,32.73322677612305
356.9709364324808,32.733375549316406
357.29852467775345,32.73353958129883
357.63675458729267,32.73416519165039
357.96472504734993,32.73490524291992
358.3014663308859,32.734954833984375
358.6396962404251,32.73585891723633
358.96848142147064,32.73633575439453
359.30583626031876,32.736854553222656
359.6333138644695,32.73747634887695
359.9711213260889,32.73776626586914
360.29857881367207,32.73858642578125
360.6371507048607,32.738704681396484
360.9648898243904,32.7394905090332
361.30194291472435,32.740089416503906
361.62982285022736,32.740299224853516
361.9684349745512,32.740318298339844
362.2962847352028,32.74113082885742
362.63321712613106,32.74203109741211
362.9609864205122,32.742103576660156
363.29926662147045,32.74268341064453
363.6266838759184,32.74265670776367
363.9647025614977,32.74359893798828
364.291013404727,32.74408721923828
364.6297965198755,32.74422073364258
364.95769657194614,32.74467849731445
365.29042460024357,32.745479583740234
365.6176909804344,32.74543762207031
365.95523692667484,32.74589920043945
366.28828682005405,32.74617004394531
366.6272610425949,32.74703598022461
366.964565590024,32.747554779052734
367.29216389358044,32.74778366088867
367.6297701895237,32.748565673828125
367.9575093090534,32.749267578125
368.2968255132437,32.74994659423828
368.6178658157587,32.75049591064453
368.9557235687971,32.75071716308594
369.28916573524475,32.75186538696289
369.62670162320137,32.752628326416016
369.9551649391651,32.75299072265625
370.29308304190636,32.75399398803711
370.620983093977,32.75461196899414
370.95792554318905,32.755226135253906
371.28593623638153,32.75529861450195
371.61828204989433,32.755653381347656
371.95066809654236,32.75600051879883
372.28917963802814,32.756675720214844
372.61760272085667,32.75726318359375
372.9551889002323,32.75808334350586
373.2824753969908,32.75865936279297
373.6212283372879,32.758819580078125
373.9485953003168,32.75918197631836
374.2860909551382,32.759647369384766
374.6141016483307,32.75977325439453
374.9513056129217,32.7607536315918
375.28387270867825,32.76128387451172
375.6170131266117,32.76107406616211
375.96700116991997,32.76148986816406
376.28330402076244,32.76210021972656
376.62118189036846,32.762638092041016
376.9491221755743,32.76314163208008
377.2857628762722,32.7633171081543
377.61490009725094,32.76365280151367
377.9522951692343,32.76472091674805
378.2797325402498,32.765323638916016
378.61777134239674,32.76591873168945
378.9451885968447,32.76651382446289
379.2841125279665,32.76708984375
379.6102926135063,32.767555236816406
379.9486331641674,32.768306732177734
380.2765231579542,32.76902389526367
380.614360794425,32.7692985534668
380.9416975826025,32.77045440673828
381.279756501317,32.770423889160156
381.6023960709572,32.77098083496094
381.9456249475479,32.771385192871094
382.2731729596853,32.7718391418457
382.6106082648039,32.77276611328125
382.9379551112652,32.772979736328125
383.276828750968,32.773624420166016
383.61482731997967,32.77407455444336
383.94230492413044,32.7745361328125
384.28116850554943,32.77522659301758
384.60793197155,32.775238037109375
384.9465139210224,32.77617263793945
385.27379035949707,32.77638626098633
385.61145700514317,32.776737213134766
385.93926653265953,32.77727508544922
386.2770337611437,32.77745819091797
386.6049639880657,32.77832794189453
386.9418863207102,32.778934478759766
387.26972602307796,32.77921676635742
387.60854937136173,32.77961730957031
387.9362281411886,32.78028106689453
388.2743574678898,32.78107833862305
388.59525695443153,32.78192901611328
388.9394011348486,32.78219985961914
389.26757276058197,32.78327941894531
389.6058227866888,32.78361129760742
389.9331796914339,32.78398132324219
390.26431851089,32.785213470458984
390.59777073562145,32.785701751708984
390.93650355935097,32.78603744506836
391.2643030285835,32.78631591796875
391.6020601987839,32.78689193725586
391.9333901256323,32.78733825683594
392.2669630497694,32.78776168823242
392.6002040505409,32.78837966918945
392.9335556924343,32.78852844238281
393.27096082270145,32.789066314697266
393.5992229729891,32.78976821899414
393.9367689192295,32.790401458740234
394.2644879221916,32.790802001953125
394.6019232273102,32.791236877441406
394.93062794208527,32.79171371459961
395.26808336377144,32.792476654052734
395.59493735432625,32.792842864990234
395.93343883752823,32.79362487792969
396.2599206715822,32.79404067993164
396.59318178892136,32.79386901855469
396.92651331424713,32.79498291015625
397.2641799598932,32.79539108276367
397.59136587381363,32.79597854614258
397.9245465248823,32.796451568603516
398.25763665139675,32.797096252441406
398.5959269106388,32.79741287231445
398.9235855638981,32.797847747802734
399.261312559247,32.79819869995117
399.58806596696377,32.798152923583984
399.9271910637617,32.79854202270508
400.2645157277584,32.798954010009766
400.5922146141529,32.79905319213867
400.9295593947172,32.79940414428711
401.2583948671818,32.79929733276367
401.5956189483404,32.79951477050781
401.9239414483309,32.799217224121094
402.2608134895563,32.799598693847656
402.5891963392496,32.79957580566406
402.9273960739374,32.79939270019531
403.25463227927685,32.799686431884766
403.59280183911324,32.79950714111328
403.9202995598316,32.799537658691406
404.25803661346436,32.80018997192383
404.5858561992645,32.79983901977539
404.92360331118107,32.80088806152344
405.25108091533184,32.80143737792969
405.58927059173584,32.801273345947266
405.91166876256466,32.801055908203125
406.2545757740736,32.80097198486328
406.59404285252094,32.801551818847656
406.9202933460474,32.80131530761719
407.2474490851164,32.80101776123047
407.5861919671297,32.80039596557617
407.9136997461319,32.80077362060547
408.252040296793,32.800968170166016
408.58979746699333,32.80123519897461
408.9179188013077,32.801395416259766
409.25506241619587,32.80113220214844
409.58341509103775,32.801025390625
409.92094092071056,32.80160903930664
410.24824753403664,32.80129623413086
410.5804927647114,32.801307678222656
410.90797036886215,32.80172348022461
411.2463813275099,32.801605224609375
411.57969273626804,32.80107116699219
411.91788241267204,32.80093765258789
412.2460138052702,32.80104064941406
412.5832177698612,32.80080795288086
412.91076578199863,32.80009078979492
413.24896551668644,32.800025939941406
413.57582956552505,32.79962158203125
413.9092717319727,32.79937744140625
414.24188911914825,32.79872512817383
414.5795959979296,32.79851531982422
414.9081900715828,32.797698974609375
415.2458768337965,32.79743194580078
415.57350531220436,32.7962532043457
415.91102108359337,32.79580307006836
416.23853892087936,32.7958869934082
416.5779557079077,32.795352935791016
416.90886318683624,32.795230865478516
417.2362703830004,32.7946891784668
417.5800323486328,32.79447937011719
417.90832467377186,32.794403076171875
418.246041610837,32.793663024902344
418.5742534697056,32.79352951049805
418.9112361520529,32.79308319091797
419.2390155047178,32.79239273071289
419.57742646336555,32.79185485839844
419.9048437178135,32.79124450683594
420.242852345109,32.790809631347656
420.5694045871496,32.790462493896484
420.90813741087914,32.78976821899414
421.23535349965096,32.78925323486328
421.5744383633137,32.78874969482422
421.90158404409885,32.78915023803711
422.23818451166153,32.78873825073242
422.56676852703094,32.78828811645508
422.9048676788807,32.788326263427734
423.2325363904238,32.78821563720703
423.56978058815,32.78844451904297
423.89783151447773,32.788291931152344
424.2363329976797,32.78818130493164
424.56411235034466,32.78828430175781
424.9018896371126,32.78866195678711
425.2288743853569,32.78875732421875
425.56800954043865,32.78841018676758
425.9048916399479,32.788230895996094
426.23319402337074,32.78862380981445
426.5708204358816,32.78837203979492
426.89785547554493,32.78825378417969
427.2365279495716,32.788875579833984
427.56378427147865,32.788597106933594
427.9016923159361,32.78852081298828
428.22898887097836,32.7890625
428.5617168992758,32.78956985473633
428.89555133879185,32.79008102416992
429.23253402113914,32.78988265991211
429.56093698740005,32.7901496887207
429.89774867892265,32.790000915527344
430.2263628691435,32.79046630859375
430.5639289319515,32.790283203125
430.8919496834278,32.79008865356445
431.2297370284796,32.79000473022461
431.55690282583237,32.78995132446289
431.8894799798727,32.79018783569336
432.22377710044384,32.79022216796875
432.560870423913,32.790103912353516
432.8882675617933,32.79035186767578
433.2275737076998,32.790164947509766
433.5547596216202,32.79069137573242
433.89288894832134,32.79035568237305
434.2302739620209,32.7909049987793
434.55744981765747,32.79119873046875
434.890328720212,32.79168701171875
435.2233685553074,32.792354583740234
435.5612363666296,32.79297637939453
435.8825985342264,32.79308319091797
436.22751720249653,32.793296813964844
436.5491207689047,32.79359817504883
436.89290285110474,32.79427719116211
437.2313842177391,32.79429244995117
437.5578358769417,32.7938346862793
437.8867216408253,32.7934684753418
438.22370432317257,32.79301452636719
438.5508097708225,32.7929801940918
438.88286389410496,32.79315948486328
439.21725153923035,32.792457580566406
439.5560849457979,32.79157257080078
439.8830898106098,32.79106903076172
440.2212090790272,32.79117202758789
440.5422393232584,32.790748596191406
440.8857397735119,32.789878845214844
441.2148367613554,32.78977966308594
441.55156798660755,32.789581298828125
441.8731212615967,32.78977966308594
442.2175873070955,32.789283752441406
442.5556059926748,32.789615631103516
442.88352616131306,32.78923416137695
443.22098158299923,32.788299560546875
443.54902245104313,32.787986755371094
443.88641752302647,32.78799057006836
444.21491101384163,32.78769302368164
444.5521652698517,32.78764724731445
444.8798842728138,32.78694534301758
445.2209807932377,32.78663635253906
445.54463624954224,32.78645324707031
445.8841536194086,32.78593826293945
446.21086679399014,32.78614807128906
446.5492978692055,32.78565979003906
446.8767050653696,32.7855224609375
447.21374809741974,32.785552978515625
447.5419197231531,32.7847900390625
447.8797070682049,32.78504943847656
448.20737577974796,32.78445816040039
448.5460180789232,32.784114837646484
448.87326434254646,32.783145904541016
449.2109913378954,32.78343963623047
449.537805095315,32.78325653076172
449.8765379190445,32.78268814086914
450.20467936992645,32.78254699707031
450.54169222712517,32.78220748901367
450.879218056798,32.78183364868164
451.2072488665581,32.781822204589844
451.54559947550297,32.780521392822266
451.8733486533165,32.78000259399414
452.21128687262535,32.77967834472656
452.53877453505993,32.77912521362305
452.87718549370766,32.77848815917969
453.2055079936981,32.778221130371094
453.54182682931423,32.7779541015625
453.86953577399254,32.77763366699219
454.20760475099087,32.77734375
454.5361887663603,32.77686309814453
454.8741973936558,32.77634048461914
455.20182587206364,32.77587127685547
455.53833581507206,32.77532196044922
455.867774784565,32.774776458740234
456.20544143021107,32.77449035644531
456.53241612017155,32.774166107177734
456.8699821829796,32.7739372253418
457.19744972884655,32.77369689941406
457.53682628273964,32.77360916137695
457.8635897487402,32.77370071411133
458.2018095999956,32.77294158935547
458.5290055721998,32.77287673950195
458.867496997118,32.772178649902344
459.20523405075073,32.77144241333008
459.53246019780636,32.77033233642578
459.87028777599335,32.76976776123047
460.19799672067165,32.769527435302734
460.5370815843344,32.76883316040039
460.8647804707289,32.76908493041992
461.202185600996,32.768802642822266
461.5294821560383,32.768959045410156
461.8665251880884,32.76853942871094
462.19599433243275,32.76809310913086
462.5332284718752,32.76813507080078
462.8612793982029,32.76823425292969
463.1979200989008,32.76825714111328
463.52725848555565,32.768184661865234
463.8643719255924,32.768043518066406
464.1920205205679,32.7681884765625
464.5298682153225,32.76862335205078
464.8572050035,32.76827621459961
465.1900537312031,32.76801300048828
465.5237775295973,32.76802444458008
465.86141400039196,32.76792526245117
466.18857979774475,32.76697540283203
466.5270209312439,32.766624450683594
466.85518249869347,32.76618957519531
467.19229593873024,32.76569747924805
467.5298720598221,32.76488494873047
467.86888651549816,32.7645149230957
468.1960020214319,32.763671875
468.52358020842075,32.763187408447266
468.8608646392822,32.76237487792969
469.1888250410557,32.761898040771484
469.52728629112244,32.76094055175781
469.85515616834164,32.76082992553711
470.1927825808525,32.760196685791016
470.5217085778713,32.76024627685547
470.8574641495943,32.75978088378906
471.18588723242283,32.75932693481445
471.52392603456974,32.75838851928711
471.8515947461128,32.757415771484375
472.1892513334751,32.75703430175781
472.51716144382954,32.75673294067383
472.84953743219376,32.75569534301758
473.18235598504543,32.755767822265625
473.5141184180975,32.754981994628906
473.84811379015446,32.75413513183594
474.18679632246494,32.7527961730957
474.50777627527714,32.752079010009766
474.8518902808428,32.751304626464844
475.17332285642624,32.7502555847168
475.5171451717615,32.74968719482422
475.8493401110172,32.748958587646484
476.18310414254665,32.74856948852539
476.5210725367069,32.74846649169922
476.8482483923435,32.74789810180664
477.1867901086807,32.74762725830078
477.5144286453724,32.74715042114258
477.85204499959946,32.74689865112305
478.17889899015427,32.74704360961914
478.5166159272194,32.74643325805664
478.84596437215805,32.745948791503906
479.18297722935677,32.745601654052734
479.510947689414,32.745086669921875
479.8485741019249,32.744895935058594
480.1756091415882,32.74485397338867
480.51471412181854,32.74486541748047
480.84176927804947,32.74481964111328
481.17426596581936,32.744956970214844
481.5018240362406,32.74494934082031
481.8464107811451,32.7443733215332
482.17399902641773,32.74465560913086
482.5107805430889,32.744693756103516
482.83266574144363,32.7443733215332
483.17669928073883,32.744632720947266
483.50441828370094,32.744964599609375
483.83657298982143,32.74496841430664
484.1803651303053,32.74480438232422
484.50813442468643,32.74447250366211
484.84632410109043,32.74470138549805
485.1740933954716,32.744895935058594
485.51204167306423,32.745426177978516
485.8391672372818,32.7450065612793
486.1768037080765,32.745113372802734
486.50482445955276,32.74502944946289
486.83716021478176,32.74485397338867
487.16900311410427,32.74504470825195
487.50750459730625,32.74477767944336
487.8351230174303,32.743953704833984
488.1739664822817,32.7435417175293
488.4952884167433,32.74312210083008
488.8392213732004,32.74266052246094
489.1672622412443,32.742523193359375
489.50461708009243,32.74199676513672
489.8332513868809,32.7410774230957
490.1692684739828,32.74074935913086
490.49786254763603,32.74058532714844
490.83594158291817,32.74033737182617
491.1635097116232,32.740230560302734
491.5021922439337,32.739654541015625
491.82832203805447,32.7392692565918
492.1676382422447,32.7387809753418
492.5055865198374,32.73810958862305
492.8334563970566,32.73769760131836
493.17007698118687,32.737789154052734
493.4928372502327,32.7369270324707
493.83643828332424,32.737064361572266
494.1643785685301,32.73617935180664
494.5029605180025,32.73564529418945
494.82904002070427,32.735782623291016
495.1672397553921,32.73552703857422
495.4953711479902,32.73545455932617
495.8331987261772,32.735260009765625
496.15975096821785,32.73439025878906
496.49846367537975,32.73455047607422
496.8265950679779,32.73426055908203
497.1642415970564,32.73381423950195
497.4920008331537,32.733726501464844
497.82951660454273,32.73341369628906
498.15669246017933,32.73306655883789
498.50660003721714,32.73322677612305
498.8230638206005,32.73292922973633
499.16131384670734,32.733253479003906
499.4877051562071,32.73249435424805
499.82637763023376,32.732261657714844
500.15405640006065,32.732669830322266
500.49153193831444,32.73226547241211
500.8292991667986,32.73196792602539
501.15776248276234,32.73182678222656
501.495761051774,32.7318115234375
501.8230777233839,32.73183822631836
502.1607242524624,32.731903076171875
502.48821191489697,32.73215103149414
502.82675363123417,32.73221206665039
503.1548045575619,32.73195266723633
503.4920386970043,32.731868743896484
503.8205221295357,32.73182678222656
504.1580379009247,32.73183059692383
504.480305314064,32.73168182373047
504.82337325811386,32.731666564941406
505.15105202794075,32.73178482055664
505.48939257860184,32.73186111450195
505.81676959991455,32.73126983642578
506.1495780944824,32.730995178222656
506.48675188422203,32.730438232421875
506.8205561488867,32.73044204711914
507.1483254432678,32.73021697998047
507.48656541109085,32.73026657104492
507.8140430152416,32.73002243041992
508.151538670063,32.728763580322266
508.47329311072826,32.72885513305664
508.81607942283154,32.72906494140625
509.15547609329224,32.728607177734375
509.48319509625435,32.728607177734375
509.82069075107574,32.72826385498047
510.1480074226856,32.72817611694336
510.48694141209126,32.728214263916016
510.8143586665392,32.72829818725586
511.1524175852537,32.72850799560547
511.4792715758085,32.72821044921875
511.8167169392109,32.72830581665039
512.1455423533916,32.7282600402832
512.4828770756721,32.728248596191406
512.8109078854322,32.72788619995117
513.1489366292953,32.727535247802734
513.4769674390554,32.72793960571289
513.8149358332157,32.72826385498047
514.1428258270025,32.72788619995117
514.4736830145121,32.7276496887207
514.8078694939613,32.72745895385742
515.1453752070665,32.72718811035156
515.4725510627031,32.727298736572266
515.8113542944193,32.72639846801758
516.1377053707838,32.72566223144531
516.4766795933247,32.72482681274414
516.8038755655289,32.724090576171875
517.1421959996223,32.72330093383789
517.4795910716057,32.72222900390625
517.807038500905,32.721805572509766
518.1461736559868,32.72106170654297
518.4732489287853,32.720794677734375
518.8117403537035,32.72028350830078
519.1381618380547,32.71979904174805
519.476643204689,32.719852447509766
519.8044326156378,32.72003173828125
520.142350718379,32.71975326538086
520.4698082059622,32.71963119506836
520.802465826273,32.7194709777832
521.1354251950979,32.71920394897461
521.4735846966505,32.71952819824219
521.8006398528814,32.719242095947266
522.1381455659866,32.71912384033203
522.466991096735,32.71903991699219
522.8048287332058,32.71859359741211
523.1320347636938,32.71864318847656
523.469540476799,32.71852493286133
523.7984664738178,32.71832275390625
524.135921895504,32.71842575073242
524.4637817144394,32.71826934814453
524.8014081269503,32.7183837890625
525.1289259642363,32.71844482421875
525.46774931252,32.718360900878906
525.8053958415985,32.7181510925293
526.1325918138027,32.71782684326172
526.4711134135723,32.718135833740234
526.797766238451,32.7178840637207
527.1301623433828,32.71747589111328
527.4639967828989,32.71763610839844
527.8023272752762,32.71763610839844
528.1294729560614,32.717079162597656
528.4671496599913,32.71685028076172
528.7958241999149,32.716651916503906
529.1444644331932,32.71622085571289
529.4605158269405,32.71568298339844
529.7976493835449,32.71449661254883
530.12521751225,32.71420669555664
530.4644633084536,32.713470458984375
530.7918202131987,32.712764739990234
531.1299696564674,32.712318420410156
531.4567230641842,32.711421966552734
531.7901652306318,32.710880279541016
532.1235571056604,32.71025466918945
532.4604593217373,32.70977020263672
532.788097858429,32.709388732910156
533.1261467188597,32.70856475830078
533.4545396268368,32.70795440673828
533.7928097695112,32.707462310791016
534.12961140275,32.70699691772461
534.4579741358757,32.70631408691406
534.7962744534016,32.7059211730957
535.1240135729313,32.7058219909668
535.4610867798328,32.705345153808594
535.788493975997,32.70465850830078
536.1269451677799,32.70378875732422
536.4551369100809,32.70368576049805
536.7929443717003,32.70267868041992
537.1205527335405,32.70218276977539
537.4573040753603,32.7018928527832
537.7850331366062,32.701351165771484
538.1242487579584,32.700687408447266
538.4519074112177,32.70004653930664
538.7828953564167,32.69975662231445
539.1162469983101,32.698951721191406
539.4551206380129,32.698577880859375
539.7829603403807,32.698097229003906
540.1198223233223,32.69729232788086
540.448185056448,32.697357177734375
540.7850671559572,32.69732666015625
541.1142345517874,32.69697952270508
541.4514686912298,32.697288513183594
541.7781617492437,32.69694519042969
542.1107187867165,32.69677734375
542.4564220011234,32.69648361206055
542.7836883813143,32.69647216796875
543.1205604225397,32.69645309448242
543.4487722814083,32.6959228515625
543.786046653986,32.69558334350586
544.113564491272,32.69523620605469
544.4518648087978,32.69541931152344
544.7791010141373,32.694610595703125
545.1177634298801,32.69424057006836
545.4453315585852,32.693294525146484
545.7835111767054,32.69276809692383
546.1109887808561,32.69220733642578
546.4490175247192,32.69173812866211
546.7766862362623,32.69132995605469
547.1151173114777,32.69132614135742
547.4427156150341,32.6912956237793
547.7794669568539,32.691715240478516
548.1069143861532,32.69155502319336
548.444752022624,32.691341400146484
548.7727928906679,32.69134521484375
549.1117771714926,32.691253662109375
549.4379673153162,32.69133758544922
549.7764989733696,32.691219329833984
550.1043185591698,32.69110870361328
550.4425384104252,32.690799713134766
550.7799535989761,32.690284729003906
551.1073708534241,32.69052505493164
551.4452788978815,32.68986511230469
551.7734907567501,32.689353942871094
552.1056957542896,32.68980026245117
552.4384640157223,32.68975067138672
552.7767039835453,32.68937683105469
553.1039301306009,32.68982696533203
553.4433770924807,32.689552307128906
553.770774230361,32.689292907714844
554.1077066212893,32.68925476074219
554.435908421874,32.688907623291016
554.7735147178173,32.68925857543945
555.1003988832235,32.68905258178711
555.4383471608162,32.6893196105957
555.7656738907099,32.68901824951172
556.1047486960888,32.68877029418945
556.4320955425501,32.68917465209961
556.7700237035751,32.68931198120117
557.0979338139296,32.689266204833984
557.4352484196424,32.68988800048828
557.7641643583775,32.68946075439453
558.1011570990086,32.6894645690918
558.4287956357002,32.689796447753906
558.7670154869556,32.69016647338867
559.1056175529957,32.68986129760742
559.4329945743084,32.6894416809082
559.7811620682478,32.68894577026367
560.0974146276712,32.688819885253906
560.4359664022923,32.688758850097656
560.7635747641325,32.68755340576172
561.1014526337385,32.687129974365234
561.4297550171614,32.68641662597656
561.7671802639961,32.68550491333008
562.0956234633923,32.685455322265625
562.4328576028347,32.68374252319336
562.7603653818369,32.682987213134766
563.0985148251057,32.68202590942383
563.4255398064852,32.68079376220703
563.7645240873098,32.680442810058594
564.092082157731,32.67986297607422
564.4235227257013,32.6788444519043
564.7570252418518,32.678306579589844
565.0956373661757,32.67732238769531
565.4233563691378,32.676055908203125
565.7613549381495,32.67554473876953
566.0889733582735,32.67490005493164
566.425895690918,32.674076080322266
566.7550731450319,32.67363357543945
567.0927196741104,32.67241287231445
567.4300342798233,32.671878814697266
567.756274715066,32.67173385620117
568.0954903364182,32.67184066772461
568.423480913043,32.67160415649414
568.7614291906357,32.671321868896484
569.0890174359083,32.670833587646484
569.4260906428099,32.67060470581055
569.7543226182461,32.67033767700195
570.0868796557188,32.66978454589844
570.4139247536659,32.669639587402344
570.7514706999063,32.66896057128906
571.0848424583673,32.66858673095703
571.4237663894892,32.66838455200195
571.7516362667084,32.66775894165039
572.0890313386917,32.66740036010742
572.4163178354502,32.66685104370117
572.7547790855169,32.66642379760742
573.08244779706,32.66596221923828
573.4203759580851,32.66518783569336
573.7476222217083,32.664031982421875
574.0857515484095,32.66400146484375
574.4137421250343,32.663368225097656
574.7512981295586,32.662960052490234
575.0787153840065,32.661624908447266
575.4172269254923,32.66069793701172
575.7547728717327,32.660491943359375
576.0825421661139,32.65928649902344
576.4201384037733,32.65900421142578
576.747565716505,32.65824508666992
577.0857453346252,32.657501220703125
577.4144701659679,32.656776428222656
577.7512919157743,32.656341552734375
578.0735291540623,32.6554069519043
578.4165870398283,32.653865814208984
578.7452012300491,32.65304183959961
579.083501547575,32.65232467651367
579.4103655964136,32.651336669921875
579.7486156225204,32.65010070800781
580.0759524106979,32.64881134033203
580.4144136607647,32.6485710144043
580.741498991847,32.647769927978516
581.0801513493061,32.64690399169922
581.4076893031597,32.64646530151367
581.7447826266289,32.64569854736328
582.0722702890635,32.645172119140625
582.4115261435509,32.644596099853516
582.7376056462526,32.64348220825195
583.0765798687935,32.64242935180664
583.4044497460127,32.64194107055664
583.7430115789175,32.64122772216797
584.0804066509008,32.64076232910156
584.408125653863,32.639591217041016
584.7449474036694,32.63889694213867
585.0733906030655,32.63860321044922
585.4118417948484,32.6373291015625
585.7383135706186,32.63658142089844
586.0765032470226,32.63596725463867
586.4048056304455,32.63509750366211
586.742763966322,32.63435745239258
587.0701309293509,32.63361740112305
587.4077171087265,32.632999420166016
587.7342291176319,32.63142395019531
588.0738269537687,32.63038635253906
588.401123508811,32.62922668457031
588.7385085225105,32.62784194946289
589.066569507122,32.62646484375
589.4049301743507,32.625221252441406
589.732850342989,32.62404251098633
590.0695815682411,32.624019622802734
590.4079020023346,32.6232795715332
590.7349873334169,32.623172760009766
591.062967851758,32.622928619384766
591.4011172950268,32.62229919433594
591.7292386293411,32.623016357421875
592.06582903862,32.62299728393555
592.4048032611609,32.62288284301758
592.7330553531647,32.62268829345703
593.0716373026371,32.62253189086914
593.3981191366911,32.6223030090332
593.7306962907314,32.622314453125
594.063675776124,32.622013092041016
594.4011613726616,32.62168502807617
594.7288703173399,32.621788024902344
595.0680356472731,32.621273040771484
595.3892771154642,32.620635986328125
595.7328379154205,32.62049102783203
596.0603255778551,32.62025451660156
596.3981129229069,32.619224548339844
596.7258621007204,32.61944580078125
597.0640618354082,32.61909484863281
597.3917204886675,32.618526458740234
597.7299202233553,32.617942810058594
598.0566434562206,32.616817474365234
598.394762724638,32.6163444519043
598.7176436930895,32.6159553527832
599.0611139684916,32.61568069458008
599.3888430297375,32.615299224853516
599.7267812490463,32.61463165283203
600.0541482120752,32.61377716064453
600.3920562565327,32.6135139465332
600.730225816369,32.61268997192383
601.0575123131275,32.611900329589844
601.3952795416117,32.61115264892578
601.7232399433851,32.610103607177734
602.0611379295588,32.60903549194336
602.3885048925877,32.60846710205078
602.7209311723709,32.608150482177734
603.054091706872,32.6071891784668
603.3923216164112,32.60704040527344
603.7198897451162,32.60667037963867
604.0521651506424,32.60639190673828
604.3861001729965,32.606143951416016
604.7232940793037,32.60615921020508
605.0504196435213,32.60574722290039
605.3881265223026,32.605369567871094
605.717384442687,32.60396194458008
606.0546386986971,32.603515625
606.3820760697126,32.60344314575195
606.7193605005741,32.603336334228516
607.0471599698067,32.60238265991211
607.3845751583576,32.602203369140625
607.713732495904,32.60165786743164
608.0515801906586,32.60123825073242
608.3791483193636,32.60042953491211
608.7168853729963,32.599876403808594
609.0549845248461,32.599639892578125
609.3821000307798,32.59912109375
609.7209736704826,32.59819030761719
610.048008710146,32.59789276123047
610.3858161717653,32.597450256347656
610.7136357575655,32.59700393676758
611.0512118786573,32.59675216674805
611.3790314644575,32.596466064453125
611.7173217236996,32.59593200683594
612.044819444418,32.59504699707031
612.3822849243879,32.59481430053711
612.7100139856339,32.59428787231445
613.047781214118,32.593997955322266
613.375248759985,32.59416198730469
613.7142833322287,32.59389877319336
614.0422537922859,32.5937385559082
614.3792666494846,32.59335708618164
614.7072169929743,32.59391784667969
615.0450646877289,32.5938720703125
615.3728440403938,32.593692779541016
615.7107923179865,32.59407424926758
616.037867590785,32.593544006347656
616.3760773837566,32.59371566772461
616.7041383683681,32.59392166137695
617.0423481613398,32.59394836425781
617.3793811351061,32.59339904785156
617.7076533436775,32.593101501464844
618.0452294647694,32.593055725097656
618.3670844882727,32.59310531616211
618.7108565121889,32.59208679199219
619.0325003117323,32.59190368652344
619.376815482974,32.59169387817383
619.7051580995321,32.59103012084961
620.0422313064337,32.590633392333984
620.3697793185711,32.59014129638672
620.7074459642172,32.58966827392578
621.0459373891354,32.589176177978516
621.3732942938805,32.589149475097656
621.701304987073,32.588932037353516
622.0390420407057,32.58855438232422
622.3666302859783,32.588558197021484
622.7044779807329,32.58818435668945
623.0319455265999,32.58763122558594
623.3644925057888,32.58696365356445
623.6984577029943,32.586666107177734
624.0357924252748,32.586666107177734
624.3626866489649,32.58647918701172
624.6953543275595,32.58643341064453
625.0290881842375,32.586490631103516
625.3608908504248,32.58586120605469
625.7047533988953,32.585975646972656
626.0329350829124,32.586360931396484
626.3707224279642,32.586341857910156
626.6985721886158,32.586212158203125
627.0359069108963,32.586116790771484
627.3631632328033,32.58550262451172
627.695619687438,32.58501434326172
628.0294843018055,32.58479309082031
628.366768732667,32.584373474121094
628.694698959589,32.58378601074219
629.0337737649679,32.58356475830078
629.3608792126179,32.58296585083008
629.6981133520603,32.58266067504883
630.020260065794,32.5826301574707
630.3646456450224,32.5824089050293
630.6918818503618,32.58185577392578
631.0300715267658,32.58150100708008
631.3569758087397,32.58124923706055
631.6944010555744,32.58077621459961
632.0229347795248,32.580101013183594
632.3609434068203,32.57996368408203
632.6874252408743,32.57958984375
633.0203846096992,32.579586029052734
633.3542592823505,32.5799446105957
633.6861927062273,32.57963943481445
634.0299546718597,32.58009719848633
634.3571305274963,32.57965850830078
634.6956823021173,32.58025360107422
635.0234113633633,32.58059310913086
635.361460223794,32.58053207397461
635.6889478862286,32.58029556274414
636.0261417925358,32.579795837402344
636.3537300378084,32.58012390136719
636.6926841437817,32.58043670654297
637.014539167285,32.58052062988281
637.3582407832146,32.5805549621582
637.6794923096895,32.58047103881836
638.0234453827143,32.58038330078125
638.3520897477865,32.580142974853516
638.6893540620804,32.57971954345703
639.0111286193132,32.57974624633789
639.3543675541878,32.57943344116211
639.6823279559612,32.579471588134766
640.0205880403519,32.579383850097656
640.3468184173107,32.579166412353516
640.6853500753641,32.579078674316406
641.0128679126501,32.57900619506836
641.3520533591509,32.5784797668457
641.6794706135988,32.578453063964844
642.0156989246607,32.5783805847168
642.3449870198965,32.577545166015625
642.6818691194057,32.577430725097656
643.0213060230017,32.57665252685547
643.3478280901909,32.57633972167969
643.68626922369,32.57616424560547
644.0140184015036,32.575557708740234
644.3507798016071,32.575401306152344
644.6786798536777,32.574859619140625
645.0166381895542,32.5745964050293
645.3436832875013,32.57441711425781
645.6831905990839,32.57433319091797
646.0102658718824,32.57420349121094
646.34775146842,32.573692321777344
646.6767579317093,32.573486328125
647.0144748687744,32.573204040527344
647.3411981016397,32.572784423828125
647.680564597249,32.573211669921875
648.0072174221277,32.57307434082031
648.3441799879074,32.572750091552734
648.6735787242651,32.573604583740234
649.0105614066124,32.57367706298828
649.3381697684526,32.57343673706055
649.6761683374643,32.573604583740234
650.0041387975216,32.573524475097656
650.3425095230341,32.573387145996094
650.6694138050079,32.573368072509766
651.0076738893986,32.57374572753906
651.3461854308844,32.5738639831543
651.6845360398293,32.57298278808594
652.0109072327614,32.57276916503906
652.3388475179672,32.572994232177734
652.6764940470457,32.572696685791016
653.004253283143,32.572872161865234
653.3419601619244,32.5728759765625
653.6638051271439,32.572696685791016
654.0014315396547,32.57259750366211
654.3354369699955,32.57365036010742
654.6741999685764,32.57341003417969
655.001587048173,32.573516845703125
655.3394347429276,32.573890686035156
655.6669324636459,32.57406234741211
656.0038950294256,32.57460021972656
656.3315536826849,32.57508087158203
656.670517846942,32.575347900390625
656.9985687732697,32.576412200927734
657.3358431458473,32.57667922973633
657.6630089432001,32.5771484375
658.0013394355774,32.577598571777344
658.3291791379452,32.57832336425781
658.6672782897949,32.57877731323242
658.9946553111076,32.5788688659668
659.3323923647404,32.5792236328125
659.6712458878756,32.579315185546875
659.997134283185,32.5799674987793
660.3364706039429,32.57969665527344
660.6631737202406,32.579864501953125
661.0018160194159,32.57999038696289
661.330309510231,32.579864501953125
661.667774990201,32.57961654663086
661.9952023029327,32.580265045166016
662.3329494148493,32.580204010009766
662.659551948309,32.580326080322266
662.9990592598915,32.58079528808594
663.3251387625933,32.58084487915039
663.6644549667835,32.580543518066406
663.9915604144335,32.58079147338867
664.3296394497156,32.580955505371094
664.6568555384874,32.580997467041016
664.9946931749582,32.58149337768555
665.3228748589754,32.58209228515625
665.6608633697033,32.58173751831055
665.9885220229626,32.582035064697266
666.3258466869593,32.58224105834961
666.6537970304489,32.58291244506836
666.991463676095,32.583065032958984
667.3194341361523,32.583473205566406
667.6569398492575,32.58382797241211
667.9948378354311,32.58397674560547
668.3237738907337,32.5843505859375
668.6605252325535,32.58478927612305
668.9890690147877,32.58551025390625
669.3262830376625,32.585777282714844
669.6536902338266,32.58642578125
669.9927851557732,32.58662796020508
670.3203231096268,32.586830139160156
670.6570141017437,32.587039947509766
670.9848135709763,32.5872688293457
671.3238783180714,32.58741760253906
671.6508630663157,32.58799743652344
671.9893645495176,32.588680267333984
672.3166007548571,32.58919906616211
672.6544685661793,32.58940887451172
672.9823585599661,32.59012222290039
673.3202464878559,32.5899658203125
673.647291585803,32.59039306640625
673.9849079400301,32.59088134765625
674.3135020136833,32.591033935546875
674.6517822146416,32.59147644042969
674.9793905764818,32.59188461303711
675.3167755901814,32.592689514160156
675.6386205554008,32.59311294555664
675.9827446192503,32.59320831298828
676.3208739459515,32.59339141845703
676.6477178782225,32.594364166259766
676.9853845238686,32.59465026855469
677.3140288889408,32.59516143798828
677.6519771665335,32.59572219848633
677.9788512736559,32.59595489501953
678.3112373203039,32.59609603881836
678.6440156400204,32.596534729003906
678.9836134761572,32.596858978271484
679.3105378746986,32.59708023071289
679.6482346951962,32.59708786010742
679.9793634563684,32.59779739379883
680.3130872547626,32.598506927490234
680.6422244757414,32.59868621826172
680.9799615293741,32.59870529174805
681.3074290752411,32.59939956665039
681.6444922238588,32.59968185424805
681.9733075797558,32.59970474243164
682.3212537914515,32.59986114501953
682.6384015381336,32.60040283203125
682.9754445701838,32.60063934326172
683.3035256713629,32.60042190551758
683.6419265717268,32.60073471069336
683.9695751667023,32.60123825073242
684.3072015792131,32.60098648071289
684.6447374671698,32.60109329223633
684.9725972861052,32.601444244384766
685.304943099618,32.6015625
685.6393609195948,32.60140609741211
685.9707411378622,32.60188674926758
686.3038513809443,32.601966857910156
686.6426445543766,32.60211944580078
686.9703836739063,32.60266876220703
687.3076982796192,32.60250473022461
687.6291308552027,32.602481842041016
687.973415851593,32.60280990600586
688.3016679435968,32.602840423583984
688.6387512087822,32.60270309448242
688.9668021351099,32.602779388427734
689.304519072175,32.60279846191406
689.632972329855,32.60287857055664
689.9702165275812,32.60307312011719
690.2976538985968,32.60297775268555
690.6292956322432,32.603206634521484
690.9632608294487,32.603538513183594
691.3018126040697,32.603965759277344
691.6290789842606,32.60416793823242
691.9671781361103,32.604225158691406
692.2940723598003,32.60481643676758
692.6329862326384,32.6049919128418
692.9646480828524,32.60478210449219
693.2983819395304,32.60517501831055
693.6357066035271,32.60564422607422
693.9627919346094,32.606544494628906
694.301937147975,32.60641098022461
694.6291834115982,32.60628890991211
694.9672322720289,32.60654067993164
695.2948406338692,32.60708236694336
695.6334829330444,32.60767364501953
695.9609303623438,32.607582092285156
696.2925519794226,32.608158111572266
696.6263461858034,32.60811996459961
696.9639524817467,32.60835266113281
697.2918223589659,32.60833740234375
697.6298108696938,32.608543395996094
697.9562021791935,32.608741760253906
698.2951059937477,32.60928726196289
698.6221510916948,32.609458923339844
698.9614572376013,32.60960006713867
699.288472160697,32.60987091064453
699.6260583400726,32.609596252441406
699.9477222561836,32.60970687866211
700.2918966114521,32.60991668701172
700.619887188077,32.610130310058594
700.9573929011822,32.6103630065918
701.2889441102743,32.61027526855469
701.6229294240475,32.6104736328125
701.9616018980742,32.61078643798828
702.2893410176039,32.61093521118164
702.625971660018,32.61152267456055
702.9537107795477,32.61195755004883
703.2913371920586,32.61180114746094
703.6205850541592,32.61186218261719
703.9521060883999,32.61182403564453
704.2853370308876,32.611785888671875
704.6233557164669,32.61185073852539
704.9504108726978,32.611915588378906
705.2897069603205,32.61188507080078
705.6155048310757,32.613182067871094
705.9542778879404,32.61285400390625
706.2823791056871,32.6121826171875
706.6204380244017,32.61273956298828
706.948559358716,32.61325454711914
707.2848379611969,32.613494873046875
707.60732665658,32.61347579956055
707.9510383307934,32.613685607910156
708.2782946527004,32.61442565917969
708.6162228137255,32.61442565917969
708.9439820498228,32.614280700683594
709.2821214348078,32.61432647705078
709.6203714609146,32.614444732666016
709.9482715129852,32.6147346496582
710.2853246033192,32.61505126953125
710.613677278161,32.61555480957031
710.9517462551594,32.61655807495117
711.2784694880247,32.617027282714844
711.6162970662117,32.61709213256836
711.9437344372272,32.617225646972656
712.282095104456,32.617210388183594
712.6107797026634,32.61777877807617
712.9591181874275,32.61800003051758
713.2748376578093,32.61848068237305
713.6124439537525,32.618717193603516
713.941752165556,32.619564056396484
714.2793383449316,32.619483947753906
714.6072283387184,32.619972229003906
714.9446435272694,32.620574951171875
715.26715233922,32.620914459228516
715.6104616820812,32.620948791503906
715.9386333078146,32.62126159667969
716.2762798368931,32.62139892578125
716.6030533611774,32.621849060058594
716.9420577585697,32.62178039550781
717.2700483351946,32.621795654296875
717.6074735820293,32.62180709838867
717.945321276784,32.6223258972168
718.2676892727613,32.622222900390625
718.6104454100132,32.622154235839844
718.9382247626781,32.6224250793457
719.2761730402708,32.62205505371094
719.6035500615835,32.62225341796875
719.94264498353,32.6224479675293
720.270474627614,32.62214279174805
720.6078395247459,32.622283935546875
720.9353171288967,32.62253189086914
721.2732553482056,32.622528076171875
721.595412120223,32.62248229980469
721.938993036747,32.62222671508789
722.2662292420864,32.62262725830078
722.6042982190847,32.62302780151367
722.9265756905079,32.62305450439453
723.2698749750853,32.62287139892578
723.5974632203579,32.62389373779297
723.9346370100975,32.6236686706543
724.2625169456005,32.62411880493164
724.6011693030596,32.62405776977539
724.9292504042387,32.62455749511719
725.2671483904123,32.624881744384766
725.5938816815615,32.625
725.9328056126833,32.624996185302734
726.270079985261,32.625423431396484
726.5983924269676,32.6257438659668
726.9355058670044,32.625301361083984
727.2631645202637,32.62511444091797
727.6014849543571,32.624908447265625
727.9298175126314,32.62473678588867
728.2667599618435,32.62447738647461
728.5942576825619,32.62359619140625
728.9335638284683,32.623138427734375
729.2609509080648,32.62274932861328
729.5980542898178,32.62226867675781
729.926286265254,32.621097564697266
730.2629873156548,32.620567321777344
730.5912293493748,32.61966323852539
730.929459258914,32.618648529052734
731.2560718506575,32.617637634277344
731.5890312194824,32.6166877746582
731.9226041436195,32.61640548706055
732.2613772004843,32.616153717041016
732.588854804635,32.61484909057617
732.9265516251326,32.61391830444336
733.2534860819578,32.613059997558594
733.5912935435772,32.61222839355469
733.9203000068665,32.61115646362305
734.251469001174,32.61053466796875
734.5954120159149,32.609527587890625
734.9225677549839,32.609153747558594
735.2600332349539,32.60848617553711
735.5884362012148,32.608558654785156
735.9261129051447,32.60842514038086
736.25418394804,32.60810470581055
736.5918807685375,32.608055114746094
736.9190163910389,32.608360290527344
737.2522372752428,32.608097076416016
737.5844523310661,32.608062744140625
737.9233662039042,32.608158111572266
738.2507633417845,32.607662200927734
738.5889329016209,32.60758590698242
738.915404677391,32.60749053955078
739.2541475594044,32.60710525512695
739.5824298262596,32.60729217529297
739.9207904934883,32.60687255859375
740.2484390884638,32.60685348510742
740.5856028199196,32.60659408569336
740.912839025259,32.606475830078125
741.2511996924877,32.60640335083008
741.5780737996101,32.606781005859375
741.9160924851894,32.6069221496582
742.2443345189095,32.60688781738281
742.5824638456106,32.6068115234375
742.9195370525122,32.60690689086914
743.2480406016111,32.60678482055664
743.5953631997108,32.60711669921875
743.9136374741793,32.60674285888672
744.2507106810808,32.606319427490234
744.578892365098,32.60614776611328
744.9174843728542,32.6060905456543
745.2439159154892,32.606075286865234
745.5822061747313,32.60653305053711
745.9105186164379,32.6065559387207
746.2480243295431,32.60652160644531
746.5751599520445,32.60702896118164
746.9127260148525,32.6064338684082
747.2411390393972,32.60663986206055
747.5794896483421,32.606510162353516
747.907168418169,32.60634231567383
748.2445534318686,32.60622024536133
748.5731273889542,32.60578918457031
748.9104118198156,32.60518264770508
749.2384225130081,32.60517501831055
749.5750531554222,32.60458755493164
749.9027922749519,32.60441589355469
750.2423197031021,32.60457229614258
750.5692943930626,32.60480880737305
750.9067598730326,32.60496520996094
751.2448489665985,32.60496139526367
751.5722561627626,32.60487365722656
751.9109688699245,32.60517883300781
752.2386275231838,32.605133056640625
752.576032653451,32.60498046875
752.9033694416285,32.604957580566406
753.2419815659523,32.604740142822266
753.5697508603334,32.604408264160156
753.9074577391148,32.603973388671875
754.2345430701971,32.60364532470703
754.5723907649517,32.60358810424805
754.8953823745251,32.60302734375
755.2390336990356,32.60260772705078
755.5661793798208,32.60240173339844
755.9040974825621,32.602298736572266
756.2329731881618,32.60122299194336
756.5701771527529,32.600746154785156
756.8977553397417,32.60075378417969
757.2357639670372,32.60008239746094
757.5624670833349,32.59975051879883
757.9015016555786,32.59905242919922
758.2287076860666,32.59857940673828
758.5661932826042,32.59855270385742
758.8943850249052,32.59817123413086
759.2327456921339,32.598365783691406
759.5704827457666,32.598365783691406
759.8984833806753,32.598243713378906
760.230004414916,32.598114013671875
760.5629235506058,32.59894943237305
760.902239754796,32.59861373901367
761.2298380583525,32.598819732666016
761.5667000412941,32.59891891479492
761.8942681699991,32.598876953125
762.2317034751177,32.59911346435547
762.5613335520029,32.59956741333008
762.8986481577158,32.599422454833984
763.2258843630552,32.60011672973633
763.5630179196596,32.60045623779297
763.8913001865149,32.60053253173828
764.2293389886618,32.601409912109375
764.5509827882051,32.60178756713867
764.894412830472,32.602230072021484
765.2218602597713,32.60275650024414
765.5609551817179,32.60300064086914
765.8879801630974,32.60292053222656
766.2262100726366,32.60289764404297
766.5541000664234,32.60332107543945
766.8925009667873,32.604000091552734
767.2204412519932,32.60456848144531
767.55755469203,32.604454040527344
767.894446849823,32.60431671142578
768.2229805737734,32.604434967041016
768.5610998421907,32.6044807434082
768.8824519515038,32.60477066040039
769.2265458405018,32.60485076904297
769.5540335029364,32.60469055175781
769.8914989829063,32.60511016845703
770.2207367867231,32.604862213134766
770.558051392436,32.60527801513672
770.8855390548706,32.605411529541016
771.2225116789341,32.60535430908203
771.5507436543703,32.605587005615234
771.8831699341536,32.60592269897461
772.2153548151255,32.605167388916016
772.55476154387,32.605255126953125
772.8816356509924,32.60491943359375
773.219483345747,32.60481643676758
773.5469307750463,32.60459899902344
773.8854926079512,32.604042053222656
774.2236621677876,32.60367965698242
774.5503954589367,32.60392379760742
774.8787179589272,32.603389739990234
775.2169076353312,32.60300827026367
775.543399527669,32.60289764404297
775.8818708360195,32.602195739746094
776.220241561532,32.60193634033203
776.5487752854824,32.60183334350586
776.8853757530451,32.60179901123047
777.2134266793728,32.60102844238281
777.5514554232359,32.59986877441406
777.8794661164284,32.59941482543945
778.2171227037907,32.598899841308594
778.5436950623989,32.598506927490234
778.882085904479,32.598594665527344
779.2097043246031,32.59852981567383
779.5486986637115,32.598445892333984
779.8748385161161,32.59783935546875
780.2134405821562,32.598114013671875
780.5410388857126,32.5975227355957
780.8787457644939,32.5976676940918
781.207138672471,32.597782135009766
781.5444331616163,32.59697341918945
781.8721018731594,32.59717559814453
782.210261374712,32.59735107421875
782.5379904359579,32.59681701660156
782.8752547502518,32.597023010253906
783.204472437501,32.597007751464844
783.5358627140522,32.59709548950195
783.869556337595,32.597129821777344
784.2072531580925,32.597084045410156
784.5450505614281,32.59747314453125
784.8720051348209,32.59723663330078
785.2109491825104,32.59687042236328
785.5389297008514,32.59636306762695
785.8762945979834,32.596290588378906
786.2034302204847,32.59598159790039
786.5422435104847,32.59566116333008
786.8696104735136,32.595115661621094
787.207729741931,32.594879150390625
787.5345334410667,32.59419250488281
787.8727030009031,32.59428024291992
788.2007841020823,32.594120025634766
788.5382395237684,32.59428405761719
788.8659987598658,32.594085693359375
789.2041079699993,32.59352111816406
789.5311631262302,32.59315490722656
789.8705698549747,32.59335708618164
790.1979569345713,32.593135833740234
790.5356336385012,32.59221649169922
790.863262116909,32.59243392944336
791.2009790539742,32.592098236083984
791.5295127779245,32.59144973754883
791.8669983744621,32.59112548828125
792.1937920153141,32.59030532836914
792.5322130322456,32.589298248291016
792.8700406104326,32.588539123535156
793.1979607790709,32.587257385253906
793.5358386486769,32.5864143371582
793.8636280596256,32.58455276489258
794.2015964537859,32.583091735839844
794.5290438830853,32.582393646240234
794.8671229183674,32.5822868347168
795.1943691819906,32.58091354370117
795.5315329134464,32.5799674987793
795.8604287356138,32.5794677734375
796.198296546936,32.578697204589844
796.5254120528698,32.57749938964844
796.8573957681656,32.576942443847656
797.1911296248436,32.57592010498047
797.5294299423695,32.57482147216797
797.8575311601162,32.57395935058594
798.1946747750044,32.57271194458008
798.5223032534122,32.57160186767578
798.8610360771418,32.57147979736328
799.1891674697399,32.57134246826172
799.51989389956,32.571136474609375
799.8530946671963,32.57112503051758
800.1918576657772,32.5710563659668
800.5192749202251,32.570491790771484
800.8574847131968,32.570838928222656
801.1954430490732,32.57085037231445
801.5224680304527,32.57097244262695
801.8606375902891,32.571224212646484
802.1890807896852,32.570716857910156
802.530700340867,32.57039260864258
802.8542753309011,32.570098876953125
803.1912177801132,32.569496154785156
803.5191077739,32.569087982177734
803.8577601313591,32.56846237182617
804.1846342384815,32.568145751953125
804.5234877616167,32.56780242919922
804.8606012016535,32.5669059753418
805.1894567906857,32.56612777709961
805.5160693824291,32.56562805175781
805.8541182428598,32.56538772583008
806.1759531497955,32.56504440307617
806.5192423760891,32.565101623535156
806.8475246429443,32.56475067138672
807.1858149021864,32.56428527832031
807.513041049242,32.564144134521484
807.8514218330383,32.564056396484375
808.1779439002275,32.56380081176758
808.5174813866615,32.56370162963867
808.8430680334568,32.56344985961914
809.1818612068892,32.56301498413086
809.5203928649426,32.56291580200195
809.8485745489597,32.5628547668457
810.1858489215374,32.56245422363281
810.5138193815947,32.562095642089844
810.8514156192541,32.561527252197266
811.178370192647,32.561378479003906
811.5175254642963,32.56098175048828
811.843765899539,32.5604133605957
812.1824484318495,32.55991744995117
812.5101573765278,32.5593147277832
812.8532957285643,32.55900955200195
813.1754022091627,32.55809783935547
813.5130185633898,32.55802536010742
813.840938732028,32.55765914916992
814.1789674758911,32.557090759277344
814.5064953714609,32.55695343017578
814.8444537073374,32.556373596191406
815.1717402040958,32.55622482299805
815.5099902302027,32.5556526184082
815.8374879509211,32.55546951293945
816.1760799586773,32.554656982421875
816.5026925504208,32.55449676513672
816.8412946164608,32.55439376831055
817.1695668250322,32.55385971069336
817.5063885748386,32.553428649902344
817.844769358635,32.55331039428711
818.1721966713667,32.55286407470703
818.5104869306087,32.552249908447266
818.8384372740984,32.551448822021484
819.1763956099749,32.55111312866211
819.5028975605965,32.55126953125
819.8424853384495,32.55118179321289
820.1694298535585,32.550926208496094
820.5076396465302,32.55095672607422
820.8343125879765,32.5509033203125
821.1721301078796,32.55084228515625
821.4952927082777,32.55050277709961
821.8382399529219,32.55060958862305
822.1665624529123,32.55081558227539
822.5041385740042,32.55059051513672
822.8314753621817,32.55048751831055
823.169494047761,32.55011749267578
823.4973337501287,32.549747467041016
823.8344170153141,32.54902267456055
824.1639364510775,32.548030853271484
824.5014421641827,32.54805374145508
824.8290203511715,32.54722595214844
825.166304782033,32.546165466308594
825.493460521102,32.54568862915039
825.8309964090586,32.54493713378906
826.169528067112,32.544281005859375
826.4977499842644,32.543785095214844
826.8349841237068,32.54287338256836
827.162904292345,32.54184341430664
827.5015767663717,32.54112243652344
827.8295673429966,32.540836334228516
828.1661879271269,32.54004669189453
828.4941181540489,32.53982162475586
828.831684216857,32.53937911987305
829.1599463671446,32.538814544677734
829.4982265681028,32.53874206542969
829.8249397426844,32.53830337524414
830.1630187779665,32.537811279296875
830.4909389466047,32.537845611572266
830.8293398469687,32.5377311706543
831.1572097241879,32.537166595458984
831.4940616488457,32.53631591796875
831.8223137408495,32.536170959472656
832.1550216525793,32.53523254394531
832.4882123619318,32.53475570678711
832.825718075037,32.534751892089844
833.1472110003233,32.5341682434082
833.4914557635784,32.53321838378906
833.8200196623802,32.5327262878418
834.1576058417559,32.532501220703125
834.4952423125505,32.53211975097656
834.8222371190786,32.530906677246094
835.1615734398365,32.53004455566406
835.4991395026445,32.5292854309082
835.8267478644848,32.52803421020508
836.1474562436342,32.526676177978516
836.4909566938877,32.52622985839844
836.8188265711069,32.525169372558594
837.1578108519316,32.524566650390625
837.4844636768103,32.52395248413086
837.8226935863495,32.52297592163086
838.1502617150545,32.5228157043457
838.4894169867039,32.52207946777344
838.8167638331652,32.52162170410156
839.1538370400667,32.52041244506836
839.4814252853394,32.519622802734375
839.8189913481474,32.51930236816406
840.1472836732864,32.51844787597656
840.4860366135836,32.51865005493164
840.8121362328529,32.518489837646484
841.1505874246359,32.51834487915039
841.4784975349903,32.518009185791016
841.8111149221659,32.51781463623047
842.1437926590443,32.51777648925781
842.482253909111,32.516658782958984
842.8191058337688,32.51701354980469
843.1479815393686,32.51706314086914
843.480196595192,32.51646423339844
843.8120696693659,32.516136169433594
844.1507421433926,32.5157356262207
844.4785717874765,32.515995025634766
844.8169525712729,32.51573181152344
845.1437663286924,32.51531219482422
845.4821269959211,32.5150032043457
845.8103187382221,32.5151252746582
846.1470901966095,32.51496887207031
846.4754831045866,32.51477813720703
846.8134615570307,32.514915466308594
847.1411604434252,32.514915466308594
847.4792797118425,32.51445770263672
847.8061940521002,32.51476287841797
848.1391735374928,32.5142936706543
848.4720524400473,32.51399612426758
848.8098498433828,32.5140495300293
849.1383533924818,32.51383972167969
849.4762010872364,32.51316452026367
849.8034674674273,32.51274108886719
850.1412346959114,32.5118293762207
850.4696276038885,32.511898040771484
850.8068215101957,32.51160430908203
851.1446189135313,32.511322021484375
851.4725290238857,32.510772705078125
851.8111109733582,32.51056671142578
852.1385181695223,32.510135650634766
852.4764362722635,32.509437561035156
852.8037529438734,32.50942611694336
853.1417615711689,32.509254455566406
853.4699834883213,32.50876998901367
853.8072980940342,32.5085334777832
854.1349366307259,32.50830841064453
854.4728446751833,32.50830841064453
854.7948002815247,32.508819580078125
855.1387131214142,32.508731842041016
855.4663818329573,32.508384704589844
855.8039177209139,32.50795364379883
856.1314959079027,32.50772476196289
856.4694743603468,32.507747650146484
856.7976158112288,32.50737762451172
857.1350812911987,32.506832122802734
857.4620861560106,32.50655746459961
857.8000646084547,32.5057487487793
858.1286586821079,32.505767822265625
858.4666069597006,32.50516891479492
858.7940242141485,32.50437545776367
859.1319624334574,32.503562927246094
859.4606973230839,32.50321578979492
859.7978409379721,32.502593994140625
860.1354472339153,32.502227783203125
860.4568295180798,32.50148391723633
860.8001790940762,32.5006103515625
861.1228588968515,32.50029373168945
861.4665403962135,32.5003662109375
861.7884557694197,32.500057220458984
862.1332135051489,32.499717712402344
862.460258603096,32.49937438964844
862.7975128591061,32.49892044067383
863.1252821534872,32.49864196777344
863.4630292654037,32.49864196777344
863.7906979769468,32.49797058105469
864.1236875206232,32.497379302978516
864.4506018608809,32.497650146484375
864.7947560995817,32.497352600097656
865.1166815310717,32.4965705871582
865.4609866440296,32.49595642089844
865.7886352390051,32.49523162841797
866.1369435489178,32.49380874633789
866.4530552923679,32.49262237548828
866.7911745607853,32.492042541503906
867.1198390424252,32.491878509521484
867.4571234732866,32.491859436035156
867.7834041416645,32.49150085449219
868.122499063611,32.490535736083984
868.4601858258247,32.49014663696289
868.7881965190172,32.490150451660156
869.1261045634747,32.489524841308594
869.4537833333015,32.48922348022461
869.7910275310278,32.4892578125
870.1190482825041,32.48784637451172
870.4520780593157,32.48747634887695
870.7854699343443,32.486778259277344
871.1226738989353,32.48655700683594
871.450000628829,32.48594665527344
871.7893570661545,32.485538482666016
872.1106991171837,32.48526382446289
872.4536463618279,32.48443603515625
872.7821800857782,32.48419952392578
873.1195349246264,32.483741760253906
873.4477870166302,32.483116149902344
873.7793482840061,32.482460021972656
874.1133637726307,32.48158645629883
874.4502659887075,32.48115921020508
874.7780252248049,32.480247497558594
875.1165568828583,32.47996520996094
875.4431996494532,32.47877883911133
875.7763098925352,32.47803497314453
876.1095810681581,32.477596282958984
876.4477305114269,32.476444244384766
876.7859000712633,32.47624588012695
877.1131262183189,32.47580337524414
877.4504709988832,32.474666595458984
877.7788437902927,32.47404479980469
878.1169328838587,32.473270416259766
878.443917632103,32.472537994384766
878.7756901234388,32.47168731689453
879.1094642132521,32.47160720825195
879.4482070952654,32.47065734863281
879.7755640000105,32.470176696777344
880.1135625690222,32.469688415527344
880.4417442530394,32.46892166137695
880.7791594415903,32.46797561645508
881.1062648892403,32.46720886230469
881.4450681209564,32.466365814208984
881.7716706544161,32.4660530090332
882.1101520210505,32.465457916259766
882.4372574687004,32.46435546875
882.7765233814716,32.46403884887695
883.1023212522268,32.46363067626953
883.4410440176725,32.46319580078125
883.7695274502039,32.46247482299805
884.1061882674694,32.462093353271484
884.4341486692429,32.461978912353516
884.7717549651861,32.461856842041016
885.1103972643614,32.460933685302734
885.4385487735271,32.46025848388672
885.7767786830664,32.45949172973633
886.1036729067564,32.45926284790039
886.4413496106863,32.45967483520508
886.7688473314047,32.45949172973633
887.1064033359289,32.45901107788086
887.4343134462833,32.4594841003418
887.7716179937124,32.45970153808594
888.0998499691486,32.4597053527832
888.4387839585543,32.45991134643555
888.7660101056099,32.45924758911133
889.103727042675,32.45912551879883
889.4314460456371,32.45899200439453
889.7695653140545,32.45867156982422
890.0977369397879,32.45796585083008
890.435091778636,32.45763397216797
890.7627403736115,32.457515716552734
891.1015335470438,32.457115173339844
891.4281964302063,32.45635986328125
891.7658127844334,32.4560661315918
892.0938335359097,32.45608139038086
892.4328580498695,32.45507049560547
892.7595410495996,32.45459747314453
893.0978011339903,32.4539909362793
893.4366043657064,32.45376968383789
893.7622714787722,32.453365325927734
894.1004410386086,32.45281982421875
894.4284819066525,32.452640533447266
894.7667520493269,32.45276641845703
895.094370469451,32.45264434814453
895.4318560659885,32.45226287841797
895.7540731877089,32.452789306640625
896.0981972515583,32.45292282104492
896.425212174654,32.45274353027344
896.7735506594181,32.45279312133789
897.0907084643841,32.452667236328125
897.4288780242205,32.45246124267578
897.7560538798571,32.452674865722656
898.0943642556667,32.45243835449219
898.4218619763851,32.45216369628906
898.7610071897507,32.45182800292969
899.0877103060484,32.45189666748047
899.4258295744658,32.45170974731445
899.7538100928068,32.45122146606445
900.091003999114,32.45108413696289
900.4197187721729,32.45109939575195
900.7574558258057,32.45068359375
901.0846719145775,32.450889587402344
901.4228716492653,32.450870513916016
901.7593212425709,32.45002746582031
902.0882673561573,32.449745178222656
902.425541728735,32.44916534423828
902.7533009648323,32.448883056640625
903.0914906412363,32.44828414916992
903.4199338406324,32.44800567626953
903.7568360567093,32.447635650634766
904.0852390229702,32.44709396362305
904.4229157269001,32.44710922241211
904.7501318156719,32.44693374633789
905.0829201936722,32.4463005065918
905.410448089242,32.44617462158203
905.7540994137526,32.44621276855469
906.0816675424576,32.445919036865234
906.4202897250652,32.445987701416016
906.748179718852,32.446109771728516
907.079117372632,32.44551086425781
907.4125494807959,32.44522476196289
907.7504877001047,32.44567108154297
908.0779250711203,32.445770263671875
908.416959643364,32.4453010559082
908.7435118854046,32.444793701171875
909.0816009789705,32.444454193115234
909.4091288745403,32.44424819946289
909.7467452287674,32.443824768066406
910.0852366536856,32.4434700012207
910.4120001196861,32.4433708190918
910.7504714280367,32.44338607788086
911.078130081296,32.44243240356445
911.417094245553,32.44219970703125
911.7382552474737,32.442481994628906
912.0821379125118,32.44216537475586
912.4040633440018,32.44167709350586
912.7481874078512,32.44182586669922
913.0756750702858,32.44211196899414
913.4133014827967,32.442222595214844
913.7407790869474,32.44172286987305
914.0792805701494,32.441890716552734
914.4065368920565,32.44185256958008
914.7454608231783,32.441688537597656
915.072063356638,32.441856384277344
915.4099613428116,32.441871643066406
915.7372176647186,32.44167709350586
916.0765338689089,32.441532135009766
916.4023116230965,32.44145965576172
916.740682348609,32.44125747680664
917.0694272965193,32.44083023071289
917.4063496291637,32.441158294677734
917.7345011383295,32.441097259521484
918.0715441703796,32.44133758544922
918.4096734970808,32.44167709350586
918.738267570734,32.44164276123047
919.0753810107708,32.442386627197266
919.3971555680037,32.44272994995117
919.7413500398397,32.44308853149414
920.0701151043177,32.44327926635742
920.4069770872593,32.44355773925781
920.7344546914101,32.44411087036133
921.0727348923683,32.444000244140625
921.4001219719648,32.444496154785156
921.732397377491,32.444828033447266
922.0658998936415,32.44508743286133
922.4033452570438,32.446014404296875
922.7312050759792,32.4460563659668
923.0638325214386,32.4459342956543
923.3973048627377,32.4455680847168
923.7351726740599,32.44565963745117
924.0627609193325,32.445709228515625
924.4001761078835,32.445987701416016
924.7281666845083,32.44598388671875
925.066577643156,32.446372985839844
925.3941658884287,32.4462776184082
925.7325064390898,32.446678161621094
926.0537981987,32.44676971435547
926.3973791152239,32.4471435546875
926.7349753528833,32.446895599365234
927.0629659295082,32.447227478027344
927.410700917244,32.4472541809082
927.7281504124403,32.44717025756836
928.065786883235,32.44734573364258
928.394290432334,32.44725036621094
928.7315245717764,32.44682693481445
929.0594045072794,32.44700622558594
929.3973226100206,32.44667053222656
929.7252327203751,32.44633102416992
930.0629697740078,32.446144104003906
930.3898841142654,32.446285247802734
930.7290494441986,32.446075439453125
931.0562454164028,32.44517135620117
931.3936807215214,32.444786071777344
931.722355261445,32.444419860839844
932.0598911494017,32.444549560546875
932.3878616094589,32.443965911865234
932.7251862734556,32.4439582824707
933.0531064420938,32.44359588623047
933.3914067596197,32.44340133666992
933.7190955877304,32.443626403808594
934.0566616505384,32.44329071044922
934.3844410032034,32.44333267211914
934.7214840352535,32.44313430786133
935.0600861012936,32.44298553466797
935.3879559785128,32.443111419677734
935.7260551303625,32.4429817199707
936.0534019768238,32.44274139404297
936.3904148340225,32.44218444824219
936.7138288915157,32.44183349609375
937.0566453784704,32.44154739379883
937.3842738568783,32.441314697265625
937.7218399196863,32.441070556640625
938.0494683980942,32.44120407104492
938.3885532617569,32.44090270996094
938.7162119150162,32.44092559814453
939.0538282692432,32.44103240966797
939.3816880881786,32.44076156616211
939.7191736847162,32.44000244140625
940.0415919721127,32.44039535522461
940.3854042291641,32.440765380859375
940.7121073454618,32.440711975097656
941.0496935248375,32.44049835205078
941.3790419697762,32.44038772583008
941.7160950601101,32.439945220947266
942.0436833053827,32.440303802490234
942.3812191933393,32.439998626708984
942.7089281380177,32.44034194946289
943.0473189800978,32.439971923828125
943.3850258588791,32.43943405151367
943.7127348035574,32.439208984375
944.0508540719748,32.439170837402344
944.3789452314377,32.43902587890625
944.711109995842,32.43877410888672
945.0445722788572,32.43852615356445
945.3759625554085,32.4382438659668
945.7095555961132,32.437950134277344
946.0477150976658,32.437522888183594
946.3694795966148,32.43736267089844
946.713774651289,32.437217712402344
947.0353782176971,32.436771392822266
947.3786976188421,32.43668746948242
947.7075532078743,32.43681716918945
948.038088530302,32.436439514160156
948.3711585402489,32.436126708984375
948.7092778086662,32.43606185913086
949.0373086184263,32.43622589111328
949.376242607832,32.435794830322266
949.7030764818192,32.43600845336914
950.0413063913584,32.43574905395508
950.368844345212,32.43564987182617
950.7074061781168,32.4358024597168
951.0345820337534,32.43531036376953
951.371806114912,32.435218811035156
951.7047051340342,32.435386657714844
952.0375840365887,32.43614196777344
952.3760955780745,32.43572998046875
952.703482657671,32.4359016418457
953.0353758484125,32.4360237121582
953.3633664250374,32.43622589111328
953.707480430603,32.436092376708984
954.0351491421461,32.43633270263672
954.3727453798056,32.436588287353516
954.7003738582134,32.436405181884766
955.03812097013,32.43650817871094
955.3669966757298,32.436180114746094
955.6983165442944,32.43617248535156
956.0314670205116,32.43620300292969
956.3636720180511,32.4365348815918
956.6966816782951,32.436676025390625
957.0350825786591,32.43641662597656
957.3623087257147,32.43672180175781
957.7007699757814,32.436641693115234
958.0394323915243,32.43635940551758
958.3661656826735,32.43675994873047
958.6943976581097,32.43677520751953
959.0309176594019,32.436744689941406
959.3594714999199,32.4363899230957
959.6971482038498,32.4365234375
960.0359916687012,32.43656921386719
960.3621013462543,32.435935974121094
960.7004821300507,32.435543060302734
961.0284626483917,32.43532943725586
961.367104947567,32.43503952026367
961.6943009197712,32.43492126464844
962.0314847677946,32.434852600097656
962.3602397739887,32.43400955200195
962.6978259533644,32.4338264465332
963.0260076373816,32.434181213378906
963.3631009608507,32.4347038269043
963.6905986815691,32.433937072753906
964.0291605144739,32.43375778198242
964.3560748547316,32.43354797363281
964.6949082612991,32.432945251464844
965.0221344083548,32.432918548583984
965.3596300631762,32.4330940246582
965.6877111643553,32.43305206298828
966.0249453037977,32.43335723876953
966.3533180952072,32.43349075317383
966.6906930506229,32.43355941772461
967.0131716877222,32.43411636352539
967.3570945858955,32.434242248535156
967.6844615489244,32.434242248535156
968.0227618664503,32.433837890625
968.3600060641766,32.43434524536133
968.6880670487881,32.43435287475586
969.0260354429483,32.43367385864258
969.3536035716534,32.43361282348633
969.691813364625,32.43346405029297
970.0187779963017,32.43385314941406
970.3562334179878,32.43344497680664
970.6838719546795,32.43314743041992
971.0220616310835,32.433128356933594
971.3508870452642,32.43313980102539
971.6886643320322,32.4326171875
972.0151461660862,32.43240737915039
972.3485983908176,32.432682037353516
972.6820405572653,32.432891845703125
973.0195965617895,32.433082580566406
973.3471747487783,32.43324661254883
973.6857265233994,32.43330764770508
974.012379348278,32.43354415893555
974.3439707905054,32.43391418457031
974.6781472116709,32.43349075317383
975.0163067132235,32.4332389831543
975.3441262990236,32.433685302734375
975.6816118955612,32.43406295776367
976.0033462196589,32.433597564697266
976.3472490012646,32.4338493347168
976.685780659318,32.43355941772461
977.0125541836023,32.43309783935547
977.3511160165071,32.433082580566406
977.6788450777531,32.43290328979492
978.0162401497364,32.43294906616211
978.3450253307819,32.43305206298828
978.6818269640207,32.43260192871094
979.0098275989294,32.43271255493164
979.3474238365889,32.43219757080078
979.6745494008064,32.431949615478516
980.0135035067797,32.43171310424805
980.3406693041325,32.431148529052734
980.6792814284563,32.430477142333984
981.0062862932682,32.43009567260742
981.3439831137657,32.429073333740234
981.6717322915792,32.42850875854492
982.009519636631,32.428096771240234
982.3379628360271,32.42755126953125
982.67527744174,32.426841735839844
983.0029863864183,32.42637634277344
983.3413571119308,32.42589569091797
983.6680300533772,32.42536163330078
984.0063504874706,32.424808502197266
984.3340493738651,32.42411422729492
984.6713941544294,32.42338943481445
985.0048363208771,32.423458099365234
985.338469594717,32.42306137084961
985.6759149581194,32.4227180480957
986.002829298377,32.42214584350586
986.3409385085106,32.421714782714844
986.6682350635529,32.42095947265625
987.0072193443775,32.42093276977539
987.3348981142044,32.42036056518555
987.6722026616335,32.41999435424805
988.0011890083551,32.419376373291016
988.3380006998777,32.41928482055664
988.6773068457842,32.418731689453125
989.0037383884192,32.41793441772461
989.3311757594347,32.41754150390625
989.6682992577553,32.41726303100586
989.9974163621664,32.417320251464844
990.334489569068,32.41706848144531
990.6624499708414,32.41615676879883
991.000036150217,32.415958404541016
991.3275942206383,32.4155158996582
991.6658945381641,32.41563034057617
991.993784531951,32.41469192504883
992.3316121101379,32.41398620605469
992.6587980240583,32.41373062133789
992.9973397403955,32.413352966308594
993.3354992419481,32.41267776489258
993.6633992940187,32.41233444213867
994.0005831420422,32.41214370727539
994.3282417953014,32.41157531738281
994.666713103652,32.41154479980469
994.9945226311684,32.4116325378418
995.3323099762201,32.41169357299805
995.6596367061138,32.412052154541016
995.9981482475996,32.412479400634766
996.325283870101,32.41226577758789
996.6636043041945,32.41203308105469
996.9904582947493,32.41158676147461
997.3279539495707,32.41176986694336
997.656487673521,32.41151428222656
997.9944460093975,32.411216735839844
998.3221549540758,32.410888671875
998.6601334065199,32.410728454589844
998.9880938082933,32.41019058227539
999.3193734437227,32.4101448059082
999.647082388401,32.410255432128906
999.9912567436695,32.41032028198242
1000.3126792609692,32.40986251831055
1000.6571754813194,32.41005325317383
1000.9844619780779,32.410560607910156
1001.322078332305,32.41067886352539
1001.6605697572231,32.41013717651367
1001.9876349717379,32.410579681396484
1002.3260459303856,32.409950256347656
1002.6482731103897,32.4105339050293
1002.9917031526566,32.410282135009766
1003.3191706985235,32.40995788574219
1003.6577325314283,32.41014099121094
1003.9852403104305,32.40978240966797
1004.3232087045908,32.408790588378906
1004.650143161416,32.40889358520508
1004.9883529543877,32.40810775756836
1005.3153779357672,32.40745162963867
1005.6548349559307,32.40717697143555
1005.9809044003487,32.40707015991211
1006.3192248344421,32.407283782958984
1006.6467426717281,32.40739059448242
1006.9853246212006,32.4076042175293
1007.312922924757,32.40800857543945
1007.6447557657957,32.40774154663086
1007.9787712544203,32.40788269042969
1008.3157740533352,32.40816879272461
1008.6430605500937,32.40764617919922
1008.9809082448483,32.407371520996094
1009.3082550913095,32.407413482666016
1009.6475210040808,32.40756607055664
1009.9842119961977,32.407508850097656
1010.3138219565153,32.40774154663086
1010.6501810252666,32.40755081176758
1010.9776083379984,32.40734100341797
1011.3163713365793,32.407386779785156
1011.6439495235682,32.40761184692383
1011.9823805987835,32.40761947631836
1012.3086512088776,32.40768814086914
1012.6473639160395,32.4083251953125
1012.975163385272,32.40861129760742
1013.3133329451084,32.40863800048828
1013.6400360614061,32.408809661865234
1013.9776926487684,32.40890121459961
1014.3065180629492,32.409812927246094
1014.6438729017973,32.409576416015625
1014.9720143526793,32.40974426269531
1015.3108779340982,32.41038513183594
1015.6384259462357,32.41116714477539
1015.9754991531372,32.41154098510742
1016.3032181560993,32.41179275512695
1016.6412871330976,32.4118537902832
1016.9679500162601,32.412376403808594
1017.3073869198561,32.41244888305664
1017.634391784668,32.41268539428711
1017.9725613445044,32.41300582885742
1018.3098558336496,32.412986755371094
1018.6372328549623,32.413169860839844
1018.9765892922878,32.4131965637207
1019.3147487938404,32.413536071777344
1019.6352358907461,32.413936614990234
1019.9685171246529,32.4136848449707
1020.3075315803289,32.41401290893555
1020.6354517489672,32.41419982910156
1020.9722232073545,32.41437911987305
1021.2939575314522,32.41486740112305
1021.6374780982733,32.41482925415039
1021.9653781503439,32.41507339477539
1022.2976937890053,32.41506576538086
1022.6312767714262,32.41498565673828
1022.9635924100876,32.415042877197266
1023.296370729804,32.41510772705078
1023.6359987407923,32.414772033691406
1023.9633657038212,32.414268493652344
1024.3005495518446,32.414493560791016
1024.6284395456314,32.414371490478516
1024.9660659581423,32.41450119018555
1025.293805077672,32.41419219970703
1025.630858168006,32.41388702392578
1025.95826536417,32.413700103759766
1026.2970082461834,32.41386413574219
1026.634342968464,32.41421890258789
1026.963872462511,32.41382598876953
1027.3001108318567,32.413909912109375
1027.629016712308,32.41404342651367
1027.9661402106285,32.41395568847656
1028.2935574650764,32.41384506225586
1028.6258731037378,32.41396713256836
1028.9594762027264,32.41428756713867
1029.2972434312105,32.41417694091797
1029.6263303607702,32.415122985839844
1029.9638360738754,32.41526412963867
1030.2901770919561,32.414794921875
1030.6288998574018,32.41539764404297
1030.9568300843239,32.41504669189453
1031.2936417758465,32.41495895385742
1031.62160217762,32.41514205932617
1031.9590978324413,32.41478729248047
1032.2820592671633,32.4149169921875
1032.6254792511463,32.414955139160156
1032.9525243490934,32.41474151611328
1033.2902010530233,32.41476058959961
1033.6186844855547,32.41495895385742
1033.9570350944996,32.414634704589844
1034.2842612415552,32.414669036865234
1034.6220184117556,32.414791107177734
1034.9595040082932,32.41456604003906
1035.2885507047176,32.41421127319336
1035.6264688074589,32.4140625
1035.9534434974194,32.414180755615234
1036.2905368208885,32.41449737548828
1036.6181451827288,32.41395950317383
1036.9576826691628,32.413814544677734
1037.28451654315,32.41331481933594
1037.62177079916,32.41305923461914
1037.9502139985561,32.41226577758789
1038.2874984294176,32.411537170410156
1038.6155996471643,32.410858154296875
1038.9538396149874,32.40911102294922
1039.281276986003,32.40769958496094
1039.6188631653786,32.40690994262695
1039.9468034505844,32.405609130859375
1040.2844700962305,32.40410614013672
1040.6120080500841,32.403255462646484
1040.949684754014,32.401920318603516
1041.2781178951263,32.40093231201172
1041.6159857064486,32.40045166015625
1041.944308206439,32.40044021606445
1042.2813814133406,32.399658203125
1042.6088389009237,32.39850997924805
1042.9474610835314,32.39744567871094
1043.2794649153948,32.396629333496094
1043.613088130951,32.39605712890625
1043.9503725618124,32.396018981933594
1044.2775584757328,32.395904541015625
1044.616261124611,32.39604568481445
1044.9386894702911,32.39622116088867
1045.2824514359236,32.396854400634766
1045.6091243773699,32.39646911621094
1045.9478572010994,32.396976470947266
1046.2754052132368,32.39683532714844
1046.6131623834372,32.397125244140625
1046.9399962574244,32.39796447753906
1047.2789000719786,32.39817810058594
1047.6062469184399,32.398006439208984
1047.9444466531277,32.39826202392578
1048.2720348984003,32.398380279541016
1048.6101038753986,32.39802932739258
1048.9379435777664,32.39749526977539
1049.276203662157,32.39746856689453
1049.6033795177937,32.397186279296875
1049.952381849289,32.39625930786133
1050.2684030681849,32.39598083496094
1050.606170296669,32.39561080932617
1050.9347844868898,32.39528274536133
1051.2728434056044,32.394981384277344
1051.6096249222755,32.39500045776367
1051.9378166645765,32.39478302001953
1052.2752720862627,32.39463424682617
1052.6035442948341,32.394615173339844
1052.941019833088,32.39463806152344
1053.269362449646,32.39453887939453
1053.607190027833,32.3941650390625
1053.9350096136332,32.39371109008789
1054.266993328929,32.39320373535156
1054.6002846211195,32.39214324951172
1054.931916296482,32.39204788208008
1055.266022309661,32.39144515991211
1055.6044936180115,32.39109802246094
1055.931669473648,32.39094161987305
1056.269708275795,32.390350341796875
1056.5965924412012,32.3904914855957
1056.9356370717287,32.39077377319336
1057.2628129273653,32.390953063964844
1057.6005198061466,32.391239166259766
1057.9282689839602,32.39146423339844
1058.2663983106613,32.39174270629883
1058.5937652736902,32.3915901184082
1058.9308384805918,32.391231536865234
1059.2592112720013,32.39119338989258
1059.5975618809462,32.391273498535156
1059.9351078271866,32.39126205444336
1060.2628368884325,32.39103698730469
1060.5995681136847,32.39094543457031
1060.9270960092545,32.390926361083984
1061.2664222717285,32.3909912109375
1061.5939300507307,32.390995025634766
1061.9325924664736,32.39094161987305
1062.2592855244875,32.390663146972656
1062.597605958581,32.390560150146484
1062.9247013479471,32.39068603515625
1063.2639270275831,32.39043426513672
1063.5908011347055,32.38968276977539
1063.92772346735,32.389381408691406
1064.2561666667461,32.38942337036133
1064.593893662095,32.389015197753906
1064.9220954626799,32.3885612487793
1065.2595408260822,32.387691497802734
1065.5871391296387,32.3873291015625
1065.9252986311913,32.38645935058594
1066.2534400820732,32.38517761230469
1066.5906339883804,32.38454818725586
1066.917910426855,32.383056640625
1067.2569751739502,32.38193893432617
1067.5839599221945,32.38059997558594
1067.9216366261244,32.379947662353516
1068.2491544634104,32.37895202636719
1068.5870725661516,32.37858200073242
1068.925755098462,32.377506256103516
1069.253645092249,32.376853942871094
1069.591472670436,32.37617874145508
1069.9188094586134,32.37616729736328
1070.250803232193,32.3758659362793
1070.5840542912483,32.37553405761719
1070.9222439676523,32.375694274902344
1071.250194311142,32.37532043457031
1071.5869255363941,32.37511444091797
1071.9154693186283,32.375003814697266
1072.2537595778704,32.375247955322266
1072.575343027711,32.37484359741211
1072.9184612631798,32.37508773803711
1073.2468742877245,32.374908447265625
1073.5853053629398,32.37467575073242
1073.9128533750772,32.3741340637207
1074.2497254163027,32.3736457824707
1074.5779976248741,32.37326431274414
1074.9167706817389,32.372928619384766
1075.244489684701,32.37228012084961
1075.581593066454,32.37169647216797
1075.9087789803743,32.37141799926758
1076.2468680739403,32.370849609375
1076.5759147703648,32.37059783935547
1076.9135009497404,32.370140075683594
1077.244509011507,32.369895935058594
1077.5777701288462,32.36985397338867
1077.9162615537643,32.369720458984375
1078.2447047531605,32.36903762817383
1078.5825625061989,32.36854934692383
1078.9092555642128,32.36874771118164
1079.2469624429941,32.368595123291016
1079.5745506882668,32.36845779418945
1079.9074798822403,32.36834716796875
1080.2404191344976,32.36799621582031
1080.5884961038828,32.367767333984375
1080.9058148413897,32.36771011352539
1081.2439542263746,32.36772918701172
1081.5720453858376,32.367183685302734
1081.9093499332666,32.36674499511719
1082.2313256561756,32.366886138916016
1082.5754195451736,32.36650085449219
1082.903078198433,32.3665885925293
1083.2404129207134,32.366539001464844
1083.5691176354885,32.36624526977539
1083.906965330243,32.366207122802734
1084.233970195055,32.3659553527832
1084.5730550587177,32.36613845825195
1084.8992954939604,32.366119384765625
1085.2381590753794,32.36583709716797
1085.5747293680906,32.365718841552734
1085.904087871313,32.36537170410156
1086.2412013113499,32.36572265625
1086.5687895566225,32.36595153808594
1086.9061544537544,32.36563491821289
1087.2346378862858,32.36554718017578
1087.5724956393242,32.365657806396484
1087.899762019515,32.36532211303711
1088.237438723445,32.36527633666992
1088.5703779757023,32.36484909057617
1088.904282823205,32.365150451660156
1089.2314486205578,32.36494064331055
1089.5695175975561,32.36493682861328
1089.897045493126,32.364830017089844
1090.2346316725016,32.36460876464844
1090.561968460679,32.36432647705078
1090.9000173211098,32.364418029785156
1091.2275955080986,32.36439895629883
1091.5658757090569,32.36465072631836
1091.8932527303696,32.36457061767578
1092.2313317656517,32.364479064941406
1092.5589200109243,32.364532470703125
1092.8970895707607,32.36488723754883
1093.224486708641,32.36461639404297
1093.5624349862337,32.364768981933594
1093.9013488590717,32.36490249633789
1094.227247312665,32.36441421508789
1094.5664528757334,32.36405944824219
1094.893518090248,32.36390686035156
1095.2322006225586,32.3636589050293
1095.558712631464,32.36365509033203
1095.8975058048964,32.3632698059082
1096.2252851575613,32.36298370361328
1096.5625494718552,32.36275100708008
1096.8896247446537,32.3619270324707
1097.222976386547,32.36179733276367
1097.5564487278461,32.360843658447266
1097.8944774717093,32.35987854003906
1098.2219651341438,32.35905456542969
1098.5586058348417,32.358551025390625
1098.8867674022913,32.35728454589844
1099.225490167737,32.35614013671875
1099.5532795786858,32.355777740478516
1099.8900208622217,32.35506057739258
1100.2176694571972,32.354373931884766
1100.5568448454142,32.354034423828125
1100.884684547782,32.353214263916016
1101.221425831318,32.3521842956543
1101.5493761748075,32.35163879394531
1101.8872037529945,32.3507080078125
1102.225524187088,32.34991455078125
1102.553192898631,32.348812103271484
1102.8855789452791,32.34790802001953
1103.2185081392527,32.34702682495117
1103.5567682236433,32.345882415771484
1103.8844671100378,32.34502029418945
1104.2221136391163,32.34421157836914
1104.5490380376577,32.343353271484375
1104.888565465808,32.34196853637695
1105.2160531282425,32.340972900390625
1105.5530056357384,32.34046173095703
1105.881368368864,32.33932876586914
1106.2180995941162,32.33794403076172
1106.5461605787277,32.33708953857422
1106.8851046264172,32.336753845214844
1107.212632521987,32.335323333740234
1107.5496051460505,32.334815979003906
1107.8771632164717,32.333683013916016
1108.2099113613367,32.3327522277832
1108.5441883653402,32.331851959228516
1108.881201222539,32.33078384399414
1109.2092622071505,32.329559326171875
1109.5467176288366,32.32909393310547
1109.8750300705433,32.328346252441406
1110.212193801999,32.32748031616211
1110.5504538863897,32.32590103149414
1110.8781326562166,32.32514953613281
1111.2213011831045,32.32427215576172
1111.5439005196095,32.32347869873047
1111.8816778063774,32.32285690307617
1112.2094370424747,32.32220458984375
1112.5471238046885,32.32176971435547
1112.8756172955036,32.32101058959961
1113.2126301527023,32.31997299194336
1113.5408218950033,32.31919479370117
1113.8782572001219,32.31796646118164
1114.2055537551641,32.31776809692383
1114.5385030657053,32.316532135009766
1114.87230733037,32.31621170043945
1115.2093302458525,32.31529998779297
1115.5317083001137,32.3148078918457
1115.8755406737328,32.31417465209961
1116.2035413086414,32.312984466552734
1116.5405441075563,32.312713623046875
1116.8683033436537,32.312705993652344
1117.206110805273,32.31170654296875
1117.5343226641417,32.3111686706543
1117.8727637976408,32.31103515625
1118.1988935917616,32.31025314331055
1118.5380086302757,32.30917739868164
1118.8759166747332,32.309139251708984
1119.2033138126135,32.3084831237793
1119.5408396422863,32.3077278137207
1119.8690012097359,32.30736541748047
1120.2067382633686,32.306827545166016
1120.5345679074526,32.306251525878906
1120.8665113896132,32.30574417114258
1121.1995210498571,32.304954528808594
1121.5379521250725,32.30442810058594
1121.8647357076406,32.3036994934082
1122.2040217369795,32.3032112121582
1122.5309561938047,32.30280303955078
1122.868723422289,32.30223846435547
1123.1966938823462,32.30122756958008
1123.534632101655,32.30028533935547
1123.8631557673216,32.299720764160156
1124.1990320384502,32.2986946105957
1124.5223555713892,32.297691345214844
1124.8652022331953,32.29705810546875
1125.193041935563,32.29652404785156
1125.5313221365213,32.295623779296875
1125.8590210229158,32.295326232910156
1126.197512447834,32.29508590698242
1126.524456962943,32.29408645629883
1126.8629182130098,32.29356384277344
1127.1943889558315,32.293277740478516
1127.5269962847233,32.29283905029297
1127.8664130717516,32.29233169555664
1128.1931765377522,32.29238510131836
1128.5317786037922,32.29216003417969
1128.8590550422668,32.29156494140625
1129.1976872831583,32.29141616821289
1129.5252654701471,32.29110336303711
1129.8623990267515,32.29163360595703
1130.1906410604715,32.291500091552734
1130.5276036262512,32.29184341430664
1130.8559160679579,32.291744232177734
1131.194508075714,32.291664123535156
1131.5213318914175,32.291656494140625
1131.8589884787798,32.292057037353516
1132.1872405707836,32.29172134399414
1132.52541013062,32.29209899902344
1132.8526865690947,32.29180145263672
1133.1908158957958,32.2907600402832
1133.5179716348648,32.29094314575195
1133.8553667068481,32.2906608581543
1134.184031188488,32.290714263916016
1134.5226131379604,32.29029083251953
1134.8493061959743,32.28986740112305
1135.1872645318508,32.289146423339844
1135.519751161337,32.28900146484375
1135.8477015048265,32.28853988647461
1136.1909303814173,32.28784942626953
1136.5184783935547,32.287532806396484
1136.856708303094,32.287200927734375
1137.1847793459892,32.286659240722656
1137.5225264579058,32.2863883972168
1137.8498129546642,32.28550720214844
1138.1878718733788,32.28500747680664
1138.5151583701372,32.28396987915039
1138.8535290956497,32.282997131347656
1139.1811575740576,32.281944274902344
1139.519427716732,32.280914306640625
1139.8406893014908,32.27973556518555
1140.1856180280447,32.27956771850586
1140.5133672058582,32.27873992919922
1140.849857032299,32.277915954589844
1141.1781392991543,32.27668380737305
1141.5151823312044,32.2759895324707
1141.8547298759222,32.274993896484375
1142.1819359064102,32.27437973022461
1142.5089407712221,32.27357864379883
1142.8469594568014,32.27324295043945
1143.174547702074,32.272117614746094
1143.5127776116133,32.27132797241211
1143.8505951315165,32.27048873901367
1144.1723596304655,32.269840240478516
1144.5158902555704,32.26856231689453
1144.8431868106127,32.267974853515625
1145.1823119074106,32.267005920410156
1145.5083411186934,32.2661018371582
1145.8468727767467,32.26530075073242
1146.1740989238024,32.26485061645508
1146.5127512812614,32.26407241821289
1146.841274946928,32.26332473754883
1147.172212600708,32.26227569580078
1147.506047040224,32.261924743652344
1147.8441461920738,32.26084899902344
1148.1721568852663,32.2598762512207
1148.5094111412764,32.259315490722656
1148.837512359023,32.25840759277344
1149.175038188696,32.257728576660156
1149.5021637529135,32.256431579589844
1149.8410474509,32.25623321533203
1150.1683741807938,32.25555419921875
1150.5004685372114,32.25499725341797
1150.834172219038,32.25387191772461
1151.172985509038,32.253231048583984
1151.4996081590652,32.25274658203125
1151.8314108252525,32.252010345458984
1152.1755147725344,32.25042724609375
1152.5026001036167,32.249786376953125
1152.8354689478874,32.24912643432617
1153.167362138629,32.248531341552734
1153.5000901669264,32.24739456176758
1153.8344275206327,32.24702072143555
1154.1731804609299,32.2463493347168
1154.499290138483,32.245479583740234
1154.8382744193077,32.244441986083984
1155.1655407994986,32.24346923828125
1155.5033884942532,32.24284744262695
1155.8306850492954,32.24203109741211
1156.1685528606176,32.24104309082031
1156.4959198236465,32.24043273925781
1156.8351957947016,32.23948287963867
1157.16248229146,32.23884582519531
1157.5005613267422,32.23796081542969
1157.827566191554,32.237274169921875
1158.1662185490131,32.23689270019531
1158.493323996663,32.23553466796875
1158.8313225656748,32.23506164550781
1159.1582670807838,32.234676361083984
1159.495984017849,32.23392868041992
1159.8191265016794,32.23341751098633
1160.1628985255957,32.23283004760742
1160.5000320822,32.232261657714844
1160.8281131833792,32.23191452026367
1161.1653372645378,32.231109619140625
1161.4938609302044,32.23001480102539
1161.8312258273363,32.22990798950195
1162.159437686205,32.22863006591797
1162.4969936907291,32.22743606567383
1162.819442152977,32.22701644897461
1163.1620977073908,32.226654052734375
1163.4909432381392,32.22575378417969
1163.827684521675,32.22496795654297
1164.1550213098526,32.224273681640625
1164.493915066123,32.22316360473633
1164.821483194828,32.22207260131836
1165.1597332209349,32.221282958984375
1165.4875628650188,32.22062683105469
1165.8263962715864,32.219852447509766
1166.1533005535603,32.21966552734375
1166.4906051009893,32.21909713745117
1166.818706318736,32.21827697753906
1167.150006070733,32.21795654296875
1167.4834784120321,32.217769622802734
1167.823076248169,32.21666717529297
1168.149507790804,32.21641540527344
1168.4869430959225,32.21577453613281
1168.8258469104767,32.21506118774414
1169.1528014838696,32.21353530883789
1169.4913130253553,32.21323776245117
1169.8177445679903,32.21251678466797
1170.156930014491,32.2115478515625
1170.4837538301945,32.21061325073242
1170.8215210586786,32.20994186401367
1171.1491093039513,32.208892822265625
1171.4875102043152,32.208335876464844
1171.8098480254412,32.207366943359375
1172.1534993499517,32.20625305175781
1172.4862776696682,32.20539474487305
1172.818724066019,32.204647064208984
1173.1466341763735,32.20403289794922
1173.484904319048,32.20254135131836
1173.8118790090084,32.202239990234375
1174.149525538087,32.20130157470703
1174.477968737483,32.20066833496094
1174.8155750334263,32.199649810791016
1175.1432437449694,32.19882583618164
1175.4811819642782,32.19813919067383
1175.8087400346994,32.19781494140625
1176.146275922656,32.19766616821289
1176.469036191702,32.196529388427734
1176.8122650682926,32.19611740112305
1177.1495696157217,32.195045471191406
1177.477640658617,32.19423294067383
1177.8148144483566,32.19303894042969
1178.1440321356058,32.192466735839844
1178.4815981984138,32.191322326660156
1178.8089249283075,32.19052505493164
1179.14615906775,32.18970489501953
1179.4756080955267,32.18913269042969
1179.813264682889,32.18842315673828
1180.1408026367426,32.18834686279297
1180.4780468344688,32.18747329711914
1180.8061078190804,32.186676025390625
1181.1385039240122,32.186649322509766
1181.472247838974,32.186248779296875
1181.803135201335,32.18517303466797
1182.136818766594,32.1838264465332
1182.475420832634,32.183101654052734
1182.802465930581,32.18269729614258
1183.1406455487013,32.18227005004883
1183.4686160087585,32.181396484375
1183.805850148201,32.18092727661133
1184.1346252709627,32.17966079711914
1184.4718895852566,32.17909240722656
1184.7999103367329,32.17849349975586
1185.137576982379,32.178672790527344
1185.475193336606,32.17863845825195
1185.803747177124,32.177459716796875
1186.141524463892,32.176456451416016
1186.462464183569,32.176082611083984
1186.8063770234585,32.175357818603516
1187.1344581246376,32.174034118652344
1187.4725874513388,32.1738166809082
1187.799632549286,32.172828674316406
1188.1380334496498,32.17223358154297
1188.4656015783548,32.1717529296875
1188.798027858138,32.171356201171875
1189.131711423397,32.17028045654297
1189.4623171538115,32.16992950439453
1189.796855673194,32.16896438598633
1190.1346027851105,32.16814422607422
1190.4627945274115,32.16766357421875
1190.7999582588673,32.16700744628906
1191.1273553967476,32.16666793823242
1191.4655853062868,32.166072845458984
1191.793606057763,32.16545486450195
1192.125941812992,32.16462707519531
1192.4595046788454,32.16372299194336
1192.790361866355,32.162540435791016
1193.1238442659378,32.16246032714844
1193.4628084301949,32.162025451660156
1193.7949631363153,32.161373138427734
1194.1281236708164,32.16096496582031
1194.4598358124495,32.16057586669922
1194.793438911438,32.16068649291992
1195.1317593455315,32.160362243652344
1195.459458231926,32.15968704223633
1195.791693404317,32.158878326416016
1196.1253870278597,32.15890121459961
1196.463616937399,32.15863037109375
1196.7912051826715,32.15825271606445
1197.128127515316,32.15793991088867
1197.4563091993332,32.158058166503906
1197.7932918816805,32.15811538696289
1198.122026771307,32.158016204833984
1198.4595324844122,32.1580810546875
1198.7863663583994,32.15824890136719
1199.1251092404127,32.158470153808594
1199.4529388844967,32.15863800048828
1199.7908871620893,32.15846252441406
1200.1182541251183,32.15856170654297
1200.4559308290482,32.15873718261719
1200.7843740284443,32.158748626708984
1201.1213164776564,32.158843994140625
1201.4494478702545,32.15850067138672
1201.7864104360342,32.15867614746094
1202.1188165992498,32.15919494628906
1202.452701330185,32.158607482910156
1202.7910016477108,32.15864562988281
1203.1284872442484,32.15758514404297
1203.4570813179016,32.157737731933594
1203.7836134433746,32.157527923583984
1204.1212901473045,32.15789794921875
1204.4498138129711,32.157352447509766
1204.7867260873318,32.157257080078125
1205.115269869566,32.15692138671875
1205.4535400122404,32.15694046020508
1205.7801827788353,32.156742095947266
1206.118281930685,32.156646728515625
1206.4465440809727,32.15613555908203
1206.7850656807423,32.155757904052734
1207.112130895257,32.15555953979492
1207.449696958065,32.15520095825195
1207.7770236879587,32.1547737121582
1208.115303888917,32.15427780151367
1208.4432944655418,32.15370559692383
1208.781011402607,32.15361404418945
1209.1084387153387,32.15315628051758
1209.4462160021067,32.152671813964844
1209.7691472619772,32.151893615722656
1210.1127181202173,32.15083312988281
1210.4506060481071,32.150691986083984
1210.7775002717972,32.15011215209961
1211.115700006485,32.14986801147461
1211.4377360790968,32.14939880371094
1211.7812767624855,32.14970016479492
1212.108875066042,32.149635314941406
1212.447678297758,32.14930725097656
1212.7747032791376,32.149593353271484
1213.1128929555416,32.14945983886719
1213.4399682283401,32.14992141723633
1213.777594640851,32.15011215209961
1214.1056757420301,32.14966583251953
1214.4378405064344,32.14948654174805
1214.7716347128153,32.149314880371094
1215.1095628738403,32.14936065673828
1215.4364671558142,32.14921188354492
1215.7746467739344,32.14925765991211
1216.1025568842888,32.14949417114258
1216.4409175515175,32.1496467590332
1216.7685057967901,32.14992141723633
1217.105669528246,32.15034484863281
1217.4345955252647,32.15079879760742
1217.7712965756655,32.151084899902344
1218.0996291339397,32.151031494140625
1218.4371951967478,32.15094757080078
1218.7748719006777,32.150856018066406
1219.0976221114397,32.15043258666992
1219.4413136690855,32.14986038208008
1219.7687711566687,32.14896011352539
1220.1064679771662,32.149009704589844
1220.4289264976978,32.148468017578125
1220.7716021686792,32.14866638183594
1221.099542453885,32.14853286743164
1221.437219157815,32.14875030517578
1221.7647269368172,32.148765563964844
1222.1037916839123,32.14907455444336
1222.4310982972383,32.14931869506836
1222.762669622898,32.1497802734375
1223.0965845286846,32.15031814575195
1223.4355084598064,32.150184631347656
1223.762583732605,32.15029525756836
1224.100461602211,32.15040969848633
1224.4275268167257,32.15087890625
1224.764972180128,32.15052032470703
1225.093224272132,32.15073013305664
1225.4257511347532,32.150638580322266
1225.758871436119,32.15045166015625
1226.0905634611845,32.15058135986328
1226.423854753375,32.1506233215332
1226.7626982182264,32.15079879760742
1227.1009281277657,32.15092849731445
1227.4279531091452,32.15079116821289
1227.7657605707645,32.15047836303711
1228.0943647027016,32.15072250366211
1228.4320414066315,32.15104675292969
1228.7591367959976,32.15090560913086
1229.0965519845486,32.15135192871094
1229.4243514537811,32.15178680419922
1229.7626920044422,32.15176773071289
1230.0910748541355,32.15145492553711
1230.4224349558353,32.151554107666016
1230.7559676468372,32.15225601196289
1231.0941874980927,32.15232849121094
1231.4223691821098,32.15254211425781
1231.759874895215,32.15287399291992
1232.0867892354727,32.1535758972168
1232.4242446571589,32.15357971191406
1232.7528487890959,32.15328598022461
1233.0906763672829,32.15321350097656
1233.4181942045689,32.1532096862793
1233.7671261280775,32.153045654296875
1234.0845756232738,32.15289306640625
1234.4155132770538,32.152687072753906
1234.7493175417185,32.15296936035156
1235.087215527892,32.153560638427734
1235.4251839220524,32.15410232543945
1235.753757879138,32.154273986816406
1236.0911328345537,32.15422058105469
1236.4186204969883,32.154541015625
1236.7564782500267,32.154502868652344
1237.084710225463,32.15473175048828
1237.42253780365,32.15420913696289
1237.7503976225853,32.154537200927734
1238.0813051015139,32.1549072265625
1238.4150188416243,32.155277252197266
1238.7537516653538,32.15559005737305
1239.0816316008568,32.155723571777344
1239.418513700366,32.15568923950195
1239.7463031113148,32.1557731628418
1240.0845028460026,32.15623092651367
1240.4121916741133,32.15602111816406
1240.75086414814,32.1558723449707
1241.0767827183008,32.15540313720703
1241.4152540266514,32.155601501464844
1241.7434759438038,32.15608215332031
1242.0819070190191,32.15602493286133
1242.4089722335339,32.154930114746094
1242.7472725510597,32.154720306396484
1243.0744282901287,32.155235290527344
1243.4116020798683,32.1551513671875
1243.750847876072,32.15468978881836
1244.0770380198956,32.154266357421875
1244.4151673465967,32.15406036376953
1244.7432585060596,32.15399169921875
1245.0816091150045,32.153602600097656
1245.403615012765,32.15298080444336
1245.7466527819633,32.15261459350586
1246.068336814642,32.15217208862305
1246.411756798625,32.15203857421875
1246.7403408139944,32.15111541748047
1247.077102214098,32.15058898925781
1247.3997417837381,32.15047836303711
1247.7433327585459,32.1504020690918
1248.0717558413744,32.15009689331055
1248.4103679656982,32.14889144897461
1248.7368497997522,32.14897155761719
1249.0750193595886,32.1485481262207
1249.402778595686,32.14804458618164
1249.7397813946009,32.14773178100586
1250.0672489404678,32.14725875854492
1250.4069775342941,32.14631271362305
1250.7338214665651,32.14509963989258
1251.0718502104282,32.144134521484375
1251.3996094465256,32.14310836791992
1251.7372861504555,32.1423454284668
1252.0756468176842,32.14150619506836
1252.403325587511,32.14134216308594
1252.7404591441154,32.14091491699219
1253.068520128727,32.139892578125
1253.4064080566168,32.13917541503906
1253.7349820137024,32.13816452026367
1254.0722262114286,32.13792419433594
1254.3995328247547,32.13763427734375
1254.737139120698,32.13745880126953
1255.064918473363,32.13770294189453
1255.4032992571592,32.1374626159668
1255.7313200086355,32.13739013671875
1256.0691677033901,32.13664245605469
1256.3961524516344,32.13694381713867
1256.7335072904825,32.13723373413086
1257.0563178509474,32.137386322021484
1257.4001803994179,32.137168884277344
1257.727587595582,32.13758850097656
1258.0646306276321,32.137577056884766
1258.3938885480165,32.13767623901367
1258.7309919297695,32.1375846862793
1259.0585097670555,32.1382942199707
1259.3964580446482,32.138328552246094
1259.7235333174467,32.13831329345703
1260.0626181811094,32.138587951660156
1260.4005463421345,32.138240814208984
1260.7215363532305,32.138427734375
1261.0652681440115,32.13776779174805
1261.3937113434076,32.13764953613281
1261.7317702621222,32.138004302978516
1262.0595194399357,32.13764953613281
1262.3963009566069,32.13729476928711
1262.724482640624,32.13684844970703
1263.0567781627178,32.135963439941406
1263.390039280057,32.13574981689453
1263.7218218296766,32.13556671142578
1264.0560988336802,32.13495635986328
1264.3990460783243,32.13468551635742
1264.721967279911,32.134178161621094
1265.0588192045689,32.13423538208008
1265.386387333274,32.13410568237305
1265.7240640372038,32.1338005065918
1266.053070500493,32.13361358642578
1266.3913406431675,32.13365936279297
1266.7125418782234,32.13325119018555
1267.0496854931116,32.13304138183594
1267.384123429656,32.13248825073242
1267.7227657288313,32.13146209716797
1268.0441077798605,32.13172149658203
1268.3875780552626,32.13145065307617
1268.7252044677734,32.131614685058594
1269.0520282834768,32.13161849975586
1269.390680640936,32.131805419921875
1269.7188924998045,32.13154602050781
1270.0562473386526,32.131587982177734
1270.3834231942892,32.13156509399414
1270.7230109721422,32.131675720214844
1271.0502974689007,32.132083892822266
1271.3813859969378,32.13218307495117
1271.715683117509,32.13232421875
1272.0531586557627,32.132591247558594
1272.3806966096163,32.133174896240234
1272.71859459579,32.13331985473633
1273.0462230741978,32.13314437866211
1273.3848754316568,32.13331604003906
1273.7122625112534,32.1338005065918
1274.0503415465355,32.13380813598633
1274.3775475770235,32.133995056152344
1274.7159283608198,32.134132385253906
1275.042711943388,32.13436508178711
1275.3807205706835,32.13484191894531
1275.708520039916,32.134429931640625
1276.0460659861565,32.134429931640625
1276.374126970768,32.1341438293457
1276.7118237912655,32.13452911376953
1277.0493496209383,32.13529968261719
1277.3769479244947,32.135467529296875
1277.7164351195097,32.135772705078125
1278.043932840228,32.135650634765625
1278.3806439489126,32.13581466674805
1278.7081718444824,32.13602066040039
1279.0458586066961,32.136024475097656
1279.3739195913076,32.13603210449219
1279.7120187431574,32.13605880737305
1280.040079727769,32.135746002197266
1280.3791143000126,32.135955810546875
1280.704952403903,32.13522720336914
1281.0440674424171,32.13530731201172
1281.3719373196363,32.13515853881836
1281.7085579037666,32.134559631347656
1282.0363875478506,32.134490966796875
1282.37398378551,32.134239196777344
1282.7024772763252,32.134498596191406
1283.040415495634,32.1337890625
1283.3680238574743,32.133544921875
1283.7058011442423,32.13351058959961
1284.0338420122862,32.13330078125
1284.3713376671076,32.13267517089844
1284.6990566700697,32.133087158203125
1285.0369445979595,32.13322448730469
1285.364744067192,32.13251876831055
1285.702933743596,32.13206481933594
1286.040761321783,32.13126754760742
1286.3680981099606,32.13121032714844
1286.7055334150791,32.131065368652344
1287.0339564979076,32.1306037902832
1287.3717740178108,32.12963104248047
1287.6998852938414,32.12920379638672
1288.037632405758,32.128746032714844
1288.364315405488,32.128700256347656
1288.6977575719357,32.127925872802734
1289.0307873487473,32.12698745727539
1289.3688764423132,32.12638854980469
1289.696303755045,32.12628936767578
1290.0333769619465,32.1263313293457
1290.3627254068851,32.12583541870117
1290.7000701874495,32.125797271728516
1291.0272259265184,32.12556838989258
1291.3649931550026,32.12605667114258
1291.69367775321,32.12587356567383
1292.0249473303556,32.125972747802734
1292.3528172075748,32.1259765625
1292.6949799060822,32.12619400024414
1293.0245194584131,32.12639617919922
1293.362870067358,32.12558364868164
1293.6899051070213,32.12594985961914
1294.0275013446808,32.12594985961914
1294.3656105548143,32.12620544433594
1294.6935910731554,32.126319885253906
1295.0415171682835,32.12628936767578
1295.3594494611025,32.12651062011719
1295.6972166895866,32.12656021118164
1296.0188705474138,32.12654495239258
1296.3627431541681,32.126502990722656
1296.691146120429,32.126712799072266
1297.028410434723,32.126773834228516
1297.3553951829672,32.12702941894531
1297.6930920034647,32.12702560424805
1298.021786659956,32.127498626708984
1298.3599662780762,32.1276741027832
1298.686196655035,32.127925872802734
1299.0251407027245,32.12759780883789
1299.352728947997,32.128089904785156
1299.691341072321,32.128597259521484
1300.0129044055939,32.12882995605469
1300.3556404262781,32.12874984741211
1300.6773747503757,32.12904357910156
1301.0222129523754,32.12914276123047
1301.3502538204193,32.129173278808594
1301.6865525394678,32.1297492980957
1302.015357837081,32.129539489746094
1302.3529943078756,32.130062103271484
1302.6914153248072,32.13059997558594
1303.0185207724571,32.13124084472656
1303.3560063689947,32.13051223754883
1303.6835845559835,32.13003158569336
1304.021693766117,32.13047409057617
1304.3491814285517,32.13142776489258
1304.6867575496435,32.1311149597168
1305.0158645957708,32.13093566894531
1305.352857336402,32.13155746459961
1305.6802544742823,32.131385803222656
1306.0187760740519,32.13112258911133
1306.3455697149038,32.13106918334961
1306.6839504987001,32.13172912597656
1307.0120818912983,32.131996154785156
1307.3497485369444,32.132362365722656
1307.6771657913923,32.132789611816406
1308.015476167202,32.1329231262207
1308.3438389003277,32.13328552246094
1308.6806405335665,32.13329315185547
1309.0083092451096,32.13383483886719
1309.3458250164986,32.13399887084961
1309.6739161759615,32.13447189331055
1310.0129004567862,32.13479995727539
1310.339643806219,32.135169982910156
1310.6779240071774,32.13493347167969
1311.0156208276749,32.13563919067383
1311.3433197140694,32.135616302490234
1311.681680381298,32.135433197021484
1312.0086148381233,32.13582992553711
1312.3466234654188,32.13625717163086
1312.6748252660036,32.13656234741211
1313.0130551755428,32.1363410949707
1313.3401304483414,32.136714935302734
1313.6778473854065,32.137306213378906
1314.0050131827593,32.13790512084961
1314.34327326715,32.13792037963867
1314.6719980984926,32.137691497802734
1315.0095842778683,32.13761901855469
1315.3373837471008,32.13803482055664
1315.6749196350574,32.13817596435547
1316.0033829510212,32.13819885253906
1316.3410898298025,32.13821792602539
1316.6680846363306,32.138526916503906
1316.9993240386248,32.13896560668945
1317.3330880701542,32.1388053894043
1317.6719315350056,32.13856887817383
1317.9998114705086,32.13874816894531
1318.337206542492,32.139366149902344
1318.665599450469,32.13884735107422
1319.0027128905058,32.138893127441406
1319.3416267633438,32.13886642456055
1319.66872215271,32.13908767700195
1320.0069218873978,32.13903045654297
1320.3337658196688,32.13880157470703
1320.6721667200327,32.138343811035156
1320.9992419928312,32.13824462890625
1321.3377937674522,32.1383171081543
1321.664134785533,32.13799285888672
1322.0030184835196,32.13770294189453
1322.3302748054266,32.136905670166016
1322.668645530939,32.137359619140625
1322.9951474815607,32.13677978515625
1323.3347855508327,32.13582992553711
1323.6617602407932,32.13640213012695
1324.0008350461721,32.13628005981445
1324.3274979293346,32.13663101196289
1324.66592900455,32.13584518432617
1324.987180531025,32.135494232177734
1325.3302987664938,32.135501861572266
1325.6687700748444,32.13594055175781
1325.996257737279,32.135459899902344
1326.3237353414297,32.13520431518555
1326.6621060669422,32.13517761230469
1326.9901972264051,32.13499069213867
1327.328708767891,32.13458251953125
1327.6652690023184,32.134098052978516
1327.9939234256744,32.13438415527344
1328.3316504210234,32.134239196777344
1328.658353537321,32.133975982666016
1328.9958994835615,32.13376998901367
1329.3251775205135,32.134098052978516
1329.6626932919025,32.13425827026367
1329.9901608377695,32.134735107421875
1330.3290244191885,32.134769439697266
1330.655375495553,32.134971618652344
1330.9934947639704,32.13539505004883
1331.3218776136637,32.13557052612305
1331.6586792469025,32.135581970214844
1331.9865591824055,32.13520050048828
1332.3238637298346,32.1356201171875
1332.652598619461,32.13551330566406
1332.990848645568,32.13531494140625
1333.3185777068138,32.13461685180664
1333.6558319628239,32.134254455566406
1333.9828066527843,32.134151458740234
1334.321267902851,32.13382339477539
1334.649570286274,32.13333511352539
1334.987498447299,32.132957458496094
1335.3140607476234,32.132808685302734
1335.6531254947186,32.132713317871094
1335.9903696924448,32.13300323486328
1336.318450793624,32.13247299194336
1336.6556949913502,32.13223648071289
1336.9832128286362,32.131526947021484
1337.3162727802992,32.13114547729492
1337.6497451215982,32.1309814453125
1337.9872106015682,32.1305046081543
1338.3149396628141,32.13068771362305
1338.6522240936756,32.13056945800781
1338.9749944210052,32.13028335571289
1339.3181931227446,32.13023376464844
1339.6463345736265,32.130592346191406
1339.9842124432325,32.13058090209961
1340.3119716793299,32.1307373046875
1340.6502418220043,32.130455017089844
1340.9773673862219,32.1307487487793
1341.314883157611,32.131160736083984
1341.6423205286264,32.13130569458008
1341.9750284403563,32.13178253173828
1342.3084404319525,32.131553649902344
1342.6464188843966,32.13147735595703
1342.9735243320465,32.13172912597656
1343.3126796036959,32.13225555419922
1343.64008679986,32.131771087646484
1343.977703154087,32.13166809082031
1344.3156313151121,32.131919860839844
1344.642636179924,32.132080078125
1344.9755653738976,32.131996154785156
1345.3031033277512,32.13160705566406
1345.6465534865856,32.131927490234375
1345.974051207304,32.13252639770508
1346.3128544390202,32.13203811645508
1346.6405734419823,32.131446838378906
1346.9775058329105,32.13178253173828
1347.305828332901,32.1309928894043
1347.6426098495722,32.13120651245117
1347.972048819065,32.13050079345703
1348.3089711517096,32.12979507446289
1348.6372232437134,32.129764556884766
1348.9742763340473,32.12938690185547
1349.3029810488224,32.128753662109375
1349.6345825493336,32.12781524658203
1349.968346580863,32.12796401977539
1350.3001492470503,32.1274299621582
1350.6334606558084,32.12700271606445
1350.9722638875246,32.126708984375
1351.2996207922697,32.1259651184082
1351.6367744654417,32.12636947631836
1351.9644532352686,32.126094818115234
1352.3024015128613,32.12594223022461
1352.641486376524,32.12556076049805
1352.9683705419302,32.12557601928711
1353.3057354390621,32.12528610229492
1353.6278117448092,32.1248893737793
1353.9767034351826,32.12517166137695
1354.3003890663385,32.12540054321289
1354.6379752457142,32.12503433227539
1354.9655131995678,32.124534606933594
1355.303018912673,32.1248664855957
1355.6308083236217,32.124568939208984
1355.9682738035917,32.124916076660156
1356.307539716363,32.12511444091797
1356.633860617876,32.12505340576172
1356.9619718939066,32.125118255615234
1357.2995882481337,32.12562561035156
1357.627860456705,32.12621307373047
1357.9654768109322,32.12637710571289
1358.2929745316505,32.12628936767578
1358.631556481123,32.1264762878418
1358.9595671743155,32.12693786621094
1359.2963688075542,32.12672424316406
1359.618505463004,32.126712799072266
1359.9614325910807,32.125980377197266
1360.2908916771412,32.126094818115234
1360.627894476056,32.125980377197266
1360.9651386737823,32.125736236572266
1361.2928979098797,32.12531661987305
1361.6303734481335,32.125587463378906
1361.959882825613,32.125572204589844
1362.2972074896097,32.12604522705078
1362.6249264925718,32.1262092590332
1362.9623517394066,32.12546157836914
1363.2895778864622,32.126373291015625
1363.6285923421383,32.12680435180664
1363.9552049338818,32.12682342529297
1364.2931029200554,32.1266975402832
1364.6211840212345,32.12665557861328
1364.9599872529507,32.12691116333008
1365.2876861393452,32.127254486083984
1365.62468893826,32.12779235839844
1365.9529209136963,32.12747573852539
1366.2896923720837,32.12772750854492
1366.6179042309523,32.12800216674805
1366.9549070298672,32.12854766845703
1367.282847315073,32.12855911254883
1367.6215700805187,32.128387451171875
1367.9488867521286,32.12836837768555
1368.2869154959917,32.12800598144531
1368.6141818761826,32.1279296875
1368.951466307044,32.127403259277344
1369.2902896553278,32.12753677368164
1369.6175660938025,32.12693786621094
1369.9557155370712,32.126834869384766
1370.2848728746176,32.126434326171875
1370.6219360232353,32.12641143798828
1370.949936658144,32.1257209777832
1371.286627650261,32.1258544921875
1371.6146282851696,32.12580108642578
1371.951973065734,32.12525177001953
1372.2748540341854,32.12546920776367
1372.6189982146025,32.1259651184082
1372.9463450610638,32.12614059448242
1373.2833679765463,32.125980377197266
1373.6118212342262,32.12615203857422
1373.949819803238,32.126216888427734
1374.2775086313486,32.12584686279297
1374.6144611388445,32.12549591064453
1374.9430049210787,32.12540054321289
1375.281174480915,32.12526321411133
1375.6090745329857,32.125247955322266
1375.9464997798204,32.12523651123047
1376.2736555188894,32.12459945678711
1376.61212682724,32.12388229370117
1376.9334085285664,32.12325668334961
1377.2773012518883,32.12242889404297
1377.6153199374676,32.12166976928711
1377.942817658186,32.12131881713867
1378.2808564603329,32.1213493347168
1378.6084447056055,32.12101745605469
1378.9460610598326,32.12057876586914
1379.2736895382404,32.12004852294922
1379.6121809631586,32.119693756103516
1379.9403626471758,32.11945343017578
1380.2774257957935,32.11882019042969
1380.6049838662148,32.11830520629883
1380.9426203370094,32.11723709106445
1381.272029131651,32.11747360229492
1381.6097360104322,32.11696243286133
1381.9366805255413,32.116695404052734
1382.2738844901323,32.116233825683594
1382.6017644256353,32.11663818359375
1382.9402659088373,32.11660385131836
1383.2675121724606,32.11680221557617
1383.6059834808111,32.11616516113281
1383.932787179947,32.11664581298828
1384.2714998871088,32.11690902709961
1384.5929525792599,32.117164611816406
1384.9373683333397,32.117713928222656
1385.2582577615976,32.11770248413086
1385.6027137488127,32.118099212646484
1385.9404005110264,32.118160247802734
1386.2683106213808,32.11882019042969
1386.5993790328503,32.119258880615234
1386.9441166520119,32.119178771972656
1387.2661124914885,32.119388580322266
1387.6000978052616,32.11907196044922
1387.9371106624603,32.11888885498047
1388.2643971592188,32.118953704833984
1388.602415844798,32.1191520690918
1388.9307282865047,32.1191291809082
1389.262319728732,32.11940383911133
1389.5968783646822,32.11956024169922
1389.934192970395,32.119529724121094
1390.262022614479,32.120174407958984
1390.6007152050734,32.12016677856445
1390.927629545331,32.120601654052734
1391.2657991051674,32.1204719543457
1391.5927033871412,32.121646881103516
1391.9309433549643,32.1223258972168
1392.2583404928446,32.1230354309082
1392.5968620926142,32.12314224243164
1392.9236456751823,32.12369918823242
1393.262106925249,32.12422561645508
1393.5897052288055,32.125328063964844
1393.9279451966286,32.12562561035156
1394.2653603851795,32.12588119506836
1394.5928983390331,32.12641525268555
1394.9314400553703,32.12696075439453
1395.258404687047,32.12771224975586
1395.5970872193575,32.12844467163086
1395.9237199276686,32.12864685058594
1396.2624225765467,32.129783630371094
1396.5895179659128,32.13007736206055
1396.927073970437,32.13053512573242
1397.2553964704275,32.13070297241211
1397.5936263799667,32.131813049316406
1397.9207921773195,32.132225036621094
1398.259112611413,32.13255310058594
1398.5863387584686,32.13284683227539
1398.9235125482082,32.1336555480957
1399.2517042905092,32.134063720703125
1399.590004608035,32.13470458984375
1399.9177839607,32.134952545166016
1400.2557322382927,32.1353874206543
1400.5828075110912,32.1364631652832
1400.9217716753483,32.136295318603516
1401.2496314942837,32.1373176574707
1401.5874288976192,32.13785934448242
1401.9148260354996,32.138023376464844
1402.251798659563,32.138580322265625
1402.5903604924679,32.13877868652344
1402.917978912592,32.13922882080078
1403.2552231103182,32.13966369628906
1403.5836763679981,32.140689849853516
1403.921353071928,32.1408576965332
1404.2490419000387,32.141353607177734
1404.58674877882,32.141788482666016
1404.9146890640259,32.14266586303711
1405.2527479827404,32.142799377441406
1405.5810704827309,32.14345169067383
1405.9184856712818,32.14414596557617
1406.2462650239468,32.14475631713867
1406.5835695713758,32.145484924316406
1406.9110974669456,32.145660400390625
1407.249216735363,32.1462516784668
1407.5768250972033,32.14678192138672
1407.914300635457,32.14744186401367
1408.2425829023123,32.14723587036133
1408.5803803056479,32.14742660522461
1408.90902467072,32.14808654785156
1409.245876595378,32.14847946166992
1409.5734145492315,32.1486701965332
1409.910910204053,32.14884567260742
1410.2395445108414,32.15011215209961
1410.577543079853,32.15054702758789
1410.9146162867546,32.151222229003906
1411.243723332882,32.15176773071289
1411.5817219018936,32.15237808227539
1411.909068748355,32.152549743652344
1412.2469667345285,32.15324020385742
1412.5741224735975,32.15350341796875
1412.9121612757444,32.15403747558594
1413.2344286888838,32.15372848510742
1413.577426224947,32.15434646606445
1413.9059398323298,32.15469741821289
1414.2428420484066,32.155052185058594
1414.5711544901133,32.15540313720703
1414.903138205409,32.15519332885742
1415.2364898473024,32.1559944152832
1415.5738446861506,32.15612030029297
1415.901905670762,32.15606689453125
1416.2406887859106,32.15613555908203
1416.5620107203722,32.15657043457031
1416.9058933854103,32.15659713745117
1417.233270406723,32.15674591064453
1417.5826750695705,32.15716552734375
1417.8998529911041,32.15724182128906
1418.2373888790607,32.15721893310547
1418.5647156089544,32.157588958740234
1418.9018290489912,32.15776824951172
1419.2408937960863,32.158138275146484
1419.5625275373459,32.15854263305664
1419.9057161808014,32.158721923828125
1420.233515650034,32.15897750854492
1420.571081712842,32.15922546386719
1420.8931781351566,32.159332275390625
1421.2375234812498,32.15937805175781
1421.5653833001852,32.15973663330078
1421.9027984887362,32.16054916381836
1422.230949997902,32.160797119140625
1422.5691195577383,32.16127014160156
1422.8965368121862,32.161529541015625
1423.233388736844,32.16185760498047
1423.5617011785507,32.162315368652344
1423.9001221954823,32.163028717041016
1424.2215849459171,32.16297912597656
1424.5650250464678,32.163360595703125
1424.8929854482412,32.16378402709961
1425.231909379363,32.163909912109375
1425.5588438361883,32.164146423339844
1425.89663118124,32.16460418701172
1426.2235455214977,32.165245056152344
1426.5612222254276,32.165218353271484
1426.888820528984,32.16532516479492
1427.2277645766735,32.16530227661133
1427.565924078226,32.1655158996582
1427.893502265215,32.166168212890625
1428.2301429659128,32.166805267333984
1428.5577613860369,32.16687774658203
1428.8965947926044,32.166770935058594
1429.2235895991325,32.167083740234375
1429.562533646822,32.16756820678711
1429.8895183950663,32.16746139526367
1430.2285328507423,32.167724609375
1430.5554270744324,32.168304443359375
1430.893013253808,32.16823959350586
1431.220531091094,32.16806411743164
1431.5586805343628,32.16864776611328
1431.8870231509209,32.169368743896484
1432.21893645823,32.16984939575195
1432.5525093823671,32.169960021972656
1432.8901559114456,32.1700439453125
1433.217502757907,32.170310974121094
1433.5559539496899,32.17041778564453
1433.8833209127188,32.1704216003418
1434.221751987934,32.17070388793945
1434.5487367361784,32.17110824584961
1434.8868861794472,32.17155838012695
1435.2137804031372,32.17205047607422
1435.552080720663,32.171817779541016
1435.8905117958784,32.17241287231445
1436.217275261879,32.17273712158203
1436.5566316992044,32.17274475097656
1436.8834856897593,32.173309326171875
1437.2221782803535,32.173587799072266
1437.5494949519634,32.173431396484375
1437.8879360854626,32.17345428466797
1438.214498385787,32.17399978637695
1438.5527987033129,32.17423629760742
1438.8801254332066,32.17443084716797
1439.2184861004353,32.17412567138672
1439.5450986921787,32.17401123046875
1439.8833990097046,32.17497253417969
1440.2103636413813,32.1751594543457
1440.5494183301926,32.17513656616211
1440.8771976828575,32.17597579956055
1441.2151459604502,32.176544189453125
1441.5429253131151,32.17711639404297
1441.8805819004774,32.17729949951172
1442.2081902623177,32.177757263183594
1442.5460178405046,32.178855895996094
1442.8737971931696,32.17935562133789
1443.21134313941,32.17963409423828
1443.5393538326025,32.179962158203125
1443.8776843249798,32.18081283569336
1444.2158740013838,32.18138885498047
1444.5424262434244,32.181976318359375
1444.8808070272207,32.182342529296875
1445.209039002657,32.18313217163086
1445.5467961728573,32.1830940246582
1445.873911678791,32.183197021484375
1446.2112363427877,32.18356704711914
1446.540504321456,32.18387985229492
1446.8775171786547,32.18362808227539
1447.2055479884148,32.184226989746094
1447.5424502044916,32.18439483642578
1447.870883345604,32.18464279174805
1448.2195939868689,32.18479919433594
1448.536279052496,32.18513870239258
1448.8738350570202,32.18572998046875
1449.2015238851309,32.18567657470703
1449.540226534009,32.186092376708984
1449.8678550124168,32.18648910522461
1450.2055115997791,32.186485290527344
1450.5332306027412,32.18675994873047
1450.8707463741302,32.18669891357422
1451.1992197483778,32.18683624267578
1451.537137851119,32.18669891357422
1451.864866912365,32.18660354614258
1452.202332392335,32.18635559082031
1452.5342859327793,32.186458587646484
1452.8679996728897,32.18659210205078
1453.2060585916042,32.18681335449219
1453.5339888185263,32.18748474121094
1453.8710419088602,32.187278747558594
1454.1995454579592,32.187557220458984
1454.5378759503365,32.18794250488281
1454.8588257282972,32.188480377197266
1455.202829092741,32.18937301635742
1455.5298037827015,32.18948745727539
1455.8682449162006,32.18967819213867
1456.1999469995499,32.19038772583008
1456.5340630710125,32.19062423706055
1456.861922889948,32.190914154052734
1457.199488952756,32.191287994384766
1457.526946440339,32.19184112548828
1457.8650757670403,32.192787170410156
1458.1922013312578,32.19318389892578
1458.530893921852,32.192874908447266
1458.858059719205,32.193607330322266
1459.196812659502,32.19435501098633
1459.5232743769884,32.19483947753906
1459.8604682832956,32.19501876831055
1460.190138593316,32.195526123046875
1460.5272721499205,32.196285247802734
1460.865844041109,32.1970100402832
1461.1920844763517,32.19709396362305
1461.5307569503784,32.19727325439453
1461.8586972355843,32.19783020019531
1462.1963538229465,32.198543548583984
1462.5240325927734,32.19875717163086
1462.8615081310272,32.19907760620117
1463.1896696984768,32.19979476928711
1463.527587801218,32.20018005371094
1463.8554275035858,32.20056915283203
1464.1924001276493,32.20085906982422
1464.520762860775,32.20169448852539
1464.8593749850988,32.20167541503906
1465.186420083046,32.202064514160156
1465.5241671949625,32.20262145996094
1465.851705148816,32.202754974365234
1466.1900255829096,32.20320129394531
1466.517835110426,32.20304489135742
1466.8554615229368,32.20313262939453
1467.1831402927637,32.20344924926758
1467.5218127667904,32.20420455932617
1467.8489182144403,32.20453643798828
1468.186403810978,32.205078125
1468.5138411819935,32.20501708984375
1468.8523828983307,32.20576858520508
1469.1904418170452,32.20640563964844
1469.5181608200073,32.20753479003906
1469.8568433523178,32.207576751708984
1470.183164253831,32.207733154296875
1470.5219574272633,32.208011627197266
1470.8498574793339,32.208168029785156
1471.1865585297346,32.20798873901367
1471.514991670847,32.20865249633789
1471.85167260468,32.20894241333008
1472.1807695925236,32.20930862426758
1472.5186876952648,32.209163665771484
1472.8454511612654,32.20975875854492
1473.1836408376694,32.21046829223633
1473.5107462853193,32.210601806640625
1473.8495092839003,32.2106819152832
1474.1768762469292,32.210636138916016
1474.5149351656437,32.21108627319336
1474.8422015458345,32.21113204956055
1475.179747492075,32.21066665649414
1475.508090108633,32.2105827331543
1475.8464507758617,32.21116256713867
1476.1740993708372,32.211204528808594
1476.5108104795218,32.21084213256836
1476.8396358937025,32.21018600463867
1477.1771617233753,32.21131896972656
1477.51500941813,32.211578369140625
1477.8429798781872,32.21169662475586
1478.180043026805,32.21164321899414
1478.5024914890528,32.211761474609375
1478.857408091426,32.21160125732422
1479.1745860129595,32.21128845214844
1479.5117799192667,32.21110153198242
1479.8399917781353,32.21192169189453
1480.1779702305794,32.211761474609375
1480.5056892335415,32.212276458740234
1480.8426719158888,32.21196365356445
1481.1705216765404,32.21236038208008
1481.5094355493784,32.21282958984375
1481.8310793489218,32.213348388671875
1482.174489274621,32.21440505981445
1482.496304064989,32.21436309814453
1482.8405790030956,32.21479797363281
1483.1622127443552,32.21479415893555
1483.5052404552698,32.2149658203125
1483.8337641209364,32.215423583984375
1484.1714307665825,32.215782165527344
1484.4999343156815,32.21577835083008
1484.8310630768538,32.21649932861328
1485.1636301726103,32.217506408691406
1485.495724529028,32.21744918823242
1485.8396373689175,32.217864990234375
1486.1683320254087,32.218414306640625
1486.505938321352,32.218997955322266
1486.8341501802206,32.21968460083008
1487.1709115803242,32.220088958740234
1487.499163672328,32.22020721435547
1487.8373332321644,32.22110366821289
1488.165072351694,32.2215461730957
1488.5030005127192,32.22191619873047
1488.8307396322489,32.22249221801758
1489.1680542379618,32.22328567504883
1489.496487379074,32.22383117675781
1489.8333191871643,32.223960876464844
1490.160022303462,32.22433090209961
1490.4991373419762,32.22542190551758
1490.826564654708,32.22569274902344
1491.165317595005,32.226322174072266
1491.4918899536133,32.226478576660156
1491.8311558663845,32.22688674926758
1492.157818749547,32.227378845214844
1492.4956060945988,32.2277717590332
1492.8233351558447,32.22813415527344
1493.1613739579916,32.228179931640625
1493.4895355254412,32.228370666503906
1493.8274938613176,32.22888946533203
1494.154941290617,32.230045318603516
1494.4938249886036,32.230499267578125
1494.831270352006,32.23093795776367
1495.1581545174122,32.231685638427734
1495.495680347085,32.23204040527344
1495.8232786506414,32.23274612426758
1496.1621422320604,32.23324203491211
1496.4897405356169,32.23368453979492
1496.826884150505,32.2340087890625
1497.155025601387,32.23493957519531
1497.492078691721,32.23546600341797
1497.819747403264,32.23616027832031
1498.1590133160353,32.236881256103516
1498.4860382974148,32.2373046875
1498.8253444433212,32.237762451171875
1499.152148142457,32.23867416381836
1499.490076303482,32.239253997802734
1499.8171918094158,32.239845275878906
1500.1562163233757,32.24046325683594
1500.4822354763746,32.241764068603516
1500.820978358388,32.242008209228516
1501.1487074196339,32.242515563964844
1501.4877319335938,32.24267578125
1501.8154609948397,32.242889404296875
1502.1529667079449,32.243682861328125
1502.4802532047033,32.244407653808594
1502.817990258336,32.24453353881836
1503.1565017998219,32.24551010131836
1503.4824404865503,32.246253967285156
1503.8214851170778,32.24686050415039
1504.1484396904707,32.24769973754883
1504.4879771769047,32.248085021972656
1504.8152837902308,32.24885940551758
1505.153101310134,32.24968719482422
1505.4809611290693,32.25033950805664
1505.8174710720778,32.251060485839844
1506.1449989676476,32.2516975402832
1506.4831584692001,32.25190734863281
1506.8102840334177,32.252960205078125
1507.1496203541756,32.25360870361328
1507.4771784245968,32.254051208496094
1507.8156094998121,32.254295349121094
1508.1418097019196,32.255245208740234
1508.480954915285,32.25601577758789
1508.80759768188,32.2569580078125
1509.1458477079868,32.25691604614258
1509.4834238290787,32.25776672363281
1509.8116256296635,32.25807571411133
1510.1391334086657,32.258644104003906
1510.477041453123,32.258724212646484
1510.8054544776678,32.259613037109375
1511.1418437212706,32.26018524169922
1511.4810291677713,32.260704040527344
1511.8087783455849,32.26068115234375
1512.1475413441658,32.26169967651367
1512.474787607789,32.26201629638672
1512.8126051276922,32.26259231567383
1513.1394993513823,32.262977600097656
1513.4770452976227,32.264183044433594
1513.8050962239504,32.26490783691406
1514.1421794891357,32.26498794555664
1514.471397176385,32.265647888183594
1514.808701723814,32.26624298095703
1515.1372153311968,32.265872955322266
1515.4751937836409,32.26670455932617
1515.8019371330738,32.26757049560547
1516.1400564014912,32.26841354370117
1516.4673127233982,32.268898010253906
1516.8058443814516,32.26935577392578
1517.1332817524672,32.26962661743164
1517.4759875983,32.27006912231445
1517.798114195466,32.2707405090332
1518.1372694671154,32.271034240722656
1518.4651896357536,32.27217102050781
1518.8019409775734,32.272377014160156
1519.124298915267,32.272377014160156
1519.4687951356173,32.273109436035156
1519.8003865778446,32.27345275878906
1520.1338488608599,32.27372741699219
1520.4654201865196,32.27423095703125
1520.7984499633312,32.27493667602539
1521.1370218545198,32.27556228637695
1521.4653745293617,32.27554702758789
1521.8031115829945,32.27632141113281
1522.1298549324274,32.27744674682617
1522.4674008786678,32.27821731567383
1522.795069590211,32.2786750793457
1523.1330078095198,32.2789192199707
1523.4559290111065,32.2790641784668
1523.7996004521847,32.27985382080078
1524.127047881484,32.280792236328125
1524.4592931121588,32.281410217285156
1524.791508167982,32.28211212158203
1525.1301907002926,32.28251266479492
1525.4582315683365,32.283016204833984
1525.7961999624968,32.283790588378906
1526.124431937933,32.284461975097656
1526.462460681796,32.28489303588867
1526.7897572368383,32.285518646240234
1527.1271422505379,32.286319732666016
1527.4556055665016,32.28705978393555
1527.79211550951,32.28785705566406
1528.124561905861,32.288612365722656
1528.4580241888762,32.288936614990234
1528.7965055555105,32.28915786743164
1529.1245765984058,32.29014587402344
1529.4619616121054,32.290985107421875
1529.789600148797,32.291954040527344
1530.1282223314047,32.292396545410156
1530.455569177866,32.29229736328125
1530.793346464634,32.293392181396484
1531.120814010501,32.294342041015625
1531.4587119966745,32.29508972167969
1531.7868433892727,32.29584503173828
1532.1244698017836,32.29633712768555
1532.452581077814,32.297279357910156
1532.7899057418108,32.297882080078125
1533.1185400485992,32.29884719848633
1533.4555126726627,32.299110412597656
1533.7829902768135,32.29967498779297
1534.120687097311,32.30033874511719
1534.4488989561796,32.30126953125
1534.7866762429476,32.301666259765625
1535.1143147796392,32.30227279663086
1535.4521825909615,32.30219268798828
1535.780293866992,32.30348587036133
1536.117085441947,32.303836822509766
1536.455848440528,32.30470275878906
1536.7830242961645,32.305267333984375
1537.1154706925154,32.30572509765625
1537.4488323926926,32.30622482299805
1537.7874847501516,32.306976318359375
1538.115083053708,32.307552337646484
1538.452548533678,32.308773040771484
1538.7806296348572,32.308876037597656
1539.11836668849,32.309722900390625
1539.4463170319796,32.310787200927734
1539.7783912718296,32.311580657958984
1540.1232797652483,32.31218338012695
1540.4490776360035,32.312889099121094
1540.7765351235867,32.31352615356445
1541.1148253828287,32.314205169677734
1541.4422426372766,32.31454086303711
1541.7746286839247,32.315189361572266
1542.1086240559816,32.315155029296875
1542.445294931531,32.31620788574219
1542.774623259902,32.31633377075195
1543.1112941354513,32.31648254394531
1543.439918383956,32.3173942565918
1543.7765892595053,32.318477630615234
1544.104489311576,32.318973541259766
1544.4427594542503,32.319522857666016
1544.780607149005,32.320133209228516
1545.1082859188318,32.32015609741211
1545.447240024805,32.321197509765625
1545.7743253558874,32.321598052978516
1546.110774949193,32.3216667175293
1546.4394997805357,32.321231842041016
1546.777729690075,32.322105407714844
1547.1053782850504,32.323280334472656
1547.4428437650204,32.32362747192383
1547.7649200707674,32.32392883300781
1548.1092050671577,32.32469940185547
1548.4360188245773,32.32542419433594
1548.7740576267242,32.32595443725586
1549.1019174456596,32.32632064819336
1549.4395036250353,32.327186584472656
1549.7676249593496,32.32790756225586
1550.1056738197803,32.32821273803711
1550.4326082766056,32.32921600341797
1550.7701642811298,32.3301887512207
1551.092964783311,32.33088302612305
1551.437058672309,32.33138656616211
1551.7643854022026,32.33213424682617
1552.1017603576183,32.33251190185547
1552.4303544312716,32.33319091796875
1552.7680110186338,32.333587646484375
1553.1052753329277,32.33436965942383
1553.4335978329182,32.33457946777344
1553.7709426134825,32.33490753173828
1554.0995970368385,32.33544158935547
1554.437042400241,32.336185455322266
1554.764248430729,32.33658218383789
1555.1025990396738,32.337215423583984
1555.4294932633638,32.337158203125
1555.76808527112,32.337738037109375
1556.0955226421356,32.33820724487305
1556.4349092543125,32.338191986083984
1556.7605160176754,32.33922576904297
1557.0994600653648,32.33994674682617
1557.4274506419897,32.340091705322266
1557.7646344900131,32.340850830078125
1558.0868817865849,32.34158706665039
1558.430040255189,32.34214782714844
1558.7590970098972,32.34312057495117
1559.095637127757,32.343849182128906
1559.4241809099913,32.344146728515625
1559.7616162151098,32.344512939453125
1560.0883696228266,32.34513854980469
1560.4279171675444,32.34590530395508
1560.7550729066133,32.346107482910156
1561.0927697271109,32.34711456298828
1561.4310197532177,32.34726333618164
1561.7528345435858,32.347965240478516
1562.0957516133785,32.3487663269043
1562.4233901500702,32.349266052246094
1562.7609964460135,32.34990310668945
1563.0896005779505,32.35001754760742
1563.4274281561375,32.350135803222656
1563.755750656128,32.3511848449707
1564.0927534550428,32.351783752441406
1564.4199293106794,32.35227966308594
1564.7590041160583,32.35234069824219
1565.0804869830608,32.353450775146484
1565.42389690876,32.35408020019531
1565.7522395253181,32.354400634765625
1566.0894334316254,32.35490036010742
1566.4183795452118,32.355098724365234
1566.7555533349514,32.355289459228516
1567.083352804184,32.35591125488281
1567.4208384007215,32.356590270996094
1567.7484668791294,32.35676956176758
1568.0867169052362,32.357460021972656
1568.4083506464958,32.35806655883789
1568.7524143606424,32.358802795410156
1569.0734345465899,32.359336853027344
1569.4184940308332,32.35996627807617
1569.755969569087,32.3606071472168
1570.083537697792,32.36142349243164
1570.4211037606,32.36208724975586
1570.7602389156818,32.362483978271484
1571.0868615657091,32.36323547363281
1571.414852142334,32.36330795288086
1571.746252477169,32.363853454589844
1572.0802780240774,32.365116119384766
1572.4185582250357,32.365360260009766
1572.7465387433767,32.36603927612305
1573.084346204996,32.36646270751953
1573.4112605452538,32.366939544677734
1573.749128356576,32.36748504638672
1574.0774609148502,32.367740631103516
1574.4147453457117,32.36870193481445
1574.7414786368608,32.36899948120117
1575.0800505280495,32.369468688964844
1575.4084333777428,32.36954116821289
1575.7459692656994,32.369441986083984
1576.0744728147984,32.369834899902344
1576.412058994174,32.3703498840332
1576.7386715859175,32.3709831237793
1577.0767707377672,32.37202072143555
1577.405334636569,32.372581481933594
1577.7428403496742,32.37297058105469
1578.074200451374,32.37343215942383
1578.4077130258083,32.37394714355469
1578.7467677146196,32.37452697753906
1579.0746979415417,32.37452697753906
1579.4123947620392,32.37517166137695
1579.7396309673786,32.37569808959961
1580.077176913619,32.37629318237305
1580.4061230272055,32.37627029418945
1580.737292021513,32.377403259277344
1581.0710158199072,32.37781524658203
1581.4086522907019,32.378597259521484
1581.7358080297709,32.379112243652344
1582.0742391049862,32.38002395629883
1582.400932163,32.380157470703125
1582.7401779592037,32.380516052246094
1583.0677662044764,32.380950927734375
1583.4056943655014,32.38174057006836
1583.7331920862198,32.38194274902344
1584.0707883238792,32.38251495361328
1584.3987990170717,32.38352966308594
1584.737441316247,32.38385009765625
1585.0647881627083,32.383941650390625
1585.402676090598,32.384708404541016
1585.7302643358707,32.38518524169922
1586.0676895827055,32.38566589355469
1586.4060401916504,32.386207580566406
1586.7280159145594,32.38674545288086
1587.0714358985424,32.387046813964844
1587.3986821621656,32.38798522949219
1587.7370025962591,32.38923263549805
1588.0653452128172,32.38978576660156
1588.4024988859892,32.38982391357422
1588.729202002287,32.39073181152344
1589.0677839517593,32.39153289794922
1589.3957745283842,32.392311096191406
1589.7334914654493,32.393280029296875
1590.0612205266953,32.39353561401367
1590.3928723186255,32.39386749267578
1590.7272599637508,32.394004821777344
1591.0657312721014,32.39457702636719
1591.3929775357246,32.3951416015625
1591.7302016168833,32.39540481567383
1592.0581720769405,32.3958854675293
1592.3952251672745,32.396305084228516
1592.7238896489143,32.39667892456055
1593.0611841380596,32.39742660522461
1593.3883499354124,32.39778518676758
1593.726921826601,32.398250579833984
1594.0550230443478,32.39893341064453
1594.3920861929655,32.399532318115234
1594.729581847787,32.39962387084961
1595.058185979724,32.399559020996094
1595.3958727419376,32.39957809448242
1595.7240041345358,32.40046691894531
1596.0612583905458,32.40058898925781
1596.3883236050606,32.40121078491211
1596.7269357293844,32.40169906616211
1597.0554895699024,32.40227127075195
1597.3929952830076,32.40244674682617
1597.7222632616758,32.402557373046875
1598.0575863271952,32.4031867980957
1598.3862105756998,32.403221130371094
1598.7239174544811,32.40346145629883
1599.051747098565,32.40413284301758
1599.388850480318,32.404441833496094
1599.718138575554,32.404876708984375
1600.0553224235773,32.405303955078125
1600.3824479877949,32.40631866455078
1600.7218044251204,32.40658950805664
1601.04861818254,32.407588958740234
1601.3970974832773,32.40763473510742
1601.714738085866,32.40823745727539
1602.0512379705906,32.408260345458984
1602.379620820284,32.408878326416016
1602.7178306132555,32.409568786621094
1603.0552256852388,32.40978240966797
1603.382844105363,32.410499572753906
1603.7208929657936,32.411155700683594
1604.0484309196472,32.41136932373047
1604.3874856084585,32.41170883178711
1604.7147016972303,32.41240310668945
1605.0466753542423,32.412879943847656
1605.3800471127033,32.41339111328125
1605.7186994701624,32.41435623168945
1606.0457848012447,32.41476821899414
1606.383853778243,32.41489791870117
1606.7109994590282,32.41572570800781
1607.04878680408,32.41644287109375
1607.3773607611656,32.41637420654297
1607.714806124568,32.416778564453125
1608.0428570508957,32.41743850708008
1608.3801917731762,32.418270111083984
1608.709218353033,32.41865539550781
1609.0468849986792,32.41849136352539
1609.3736082315445,32.41920471191406
1609.7112245857716,32.419673919677734
1610.0326873362064,32.41953659057617
1610.3779580444098,32.420413970947266
1610.7050333172083,32.420902252197266
1611.0433034598827,32.421287536621094
1611.374844610691,32.421531677246094
1611.707964912057,32.42241668701172
1612.046043947339,32.42269515991211
1612.3684722930193,32.42296600341797
1612.7114497125149,32.42363357543945
1613.0392491817474,32.4241943359375
1613.3771371096373,32.42454147338867
1613.7060329318047,32.424930572509766
1614.0427239239216,32.425479888916016
1614.3711972981691,32.42645263671875
1614.7086828947067,32.42747497558594
1615.0358989834785,32.4276237487793
1615.368677303195,32.42814636230469
1615.7011840492487,32.42852020263672
1616.040188446641,32.42911148071289
1616.3671933114529,32.43027877807617
1616.7060669511557,32.430824279785156
1617.0336250215769,32.43163299560547
1617.3713117837906,32.432071685791016
1617.6991917192936,32.432552337646484
1618.0363152176142,32.43282699584961
1618.365029990673,32.43333435058594
1618.7012281268835,32.434364318847656
1619.023907929659,32.434959411621094
1619.3679112941027,32.435508728027344
1619.7054170072079,32.435977935791016
1620.0337294489145,32.436336517333984
1620.3714061528444,32.4372444152832
1620.6975862383842,32.43766784667969
1621.0361883044243,32.43772888183594
1621.3642090559006,32.43879318237305
1621.7017851769924,32.43937683105469
1622.0291320234537,32.43973159790039
1622.3679151386023,32.43996810913086
1622.695805132389,32.440914154052734
1623.0330392718315,32.44132995605469
1623.3604162931442,32.441471099853516
1623.69892783463,32.44196701049805
1624.0272905677557,32.44272232055664
1624.3643637746572,32.44352722167969
1624.692002311349,32.44401550292969
1625.0297494232655,32.44473648071289
1625.3579813987017,32.44514465332031
1625.6957687437534,32.44541549682617
1626.0237593203783,32.44597244262695
1626.3614058494568,32.44701385498047
1626.6891852021217,32.447364807128906
1627.0274955779314,32.44810485839844
1627.3551743477583,32.4482307434082
1627.692700177431,32.449005126953125
1628.0306182801723,32.449790954589844
1628.357733786106,32.45070266723633
1628.6962553858757,32.451316833496094
1629.024225845933,32.45215606689453
1629.3614700436592,32.45316696166992
1629.6889878809452,32.453147888183594
1630.0276905298233,32.453372955322266
1630.3496360778809,32.454437255859375
1630.6930761784315,32.454986572265625
1631.0202721506357,32.45589828491211
1631.3577979803085,32.456302642822266
1631.6868245601654,32.45662307739258
1632.0351731032133,32.45765686035156
1632.3515363037586,32.45821762084961
1632.6889514923096,32.45888137817383
1633.0164089798927,32.459232330322266
1633.354890346527,32.459842681884766
1633.6834944784641,32.459869384765625
1634.0211309492588,32.46082305908203
1634.348125755787,32.46168518066406
1634.687140211463,32.46240997314453
1635.0145876407623,32.46250915527344
1635.3517815470695,32.462867736816406
1635.679741948843,32.46320343017578
1636.0184747725725,32.46358108520508
1636.3552261143923,32.46418762207031
1636.6838201880455,32.46469497680664
1637.0210945606232,32.46563720703125
1637.3485419899225,32.46601486206055
1637.6866914331913,32.46635818481445
1638.0151446908712,32.466896057128906
1638.3518557995558,32.46763610839844
1638.6798363178968,32.46828079223633
1639.0181869268417,32.4686164855957
1639.3460869789124,32.4692268371582
1639.6834820508957,32.46973419189453
1640.0113720446825,32.4702262878418
1640.3492700308561,32.4707145690918
1640.6769286841154,32.471439361572266
1641.0147964954376,32.47124481201172
1641.342193633318,32.47222137451172
1641.6802927851677,32.47342300415039
1642.007901147008,32.47344970703125
1642.3465434461832,32.47388458251953
1642.673809826374,32.47460174560547
1643.005682900548,32.47492599487305
1643.333351612091,32.47526550292969
1643.6771135777235,32.475887298583984
1644.0050035715103,32.47684097290039
1644.3369470536709,32.47684097290039
1644.6741912513971,32.477413177490234
1645.007935166359,32.47846221923828
1645.3461851924658,32.4786262512207
1645.6744272261858,32.478759765625
1646.011158451438,32.479034423828125
1646.3339388370514,32.47949981689453
1646.6774493455887,32.48037338256836
1647.005107998848,32.480552673339844
1647.343549132347,32.481231689453125
1647.669618576765,32.482486724853516
1648.0089347809553,32.48287582397461
1648.335849121213,32.48310089111328
1648.6747026443481,32.483768463134766
1649.0015868097544,32.4842643737793
1649.340208992362,32.48468780517578
1649.666851758957,32.48542022705078
1650.0049710273743,32.48636245727539
1650.3330118954182,32.486698150634766
1650.6704069674015,32.486717224121094
1650.9981159120798,32.487430572509766
1651.336245238781,32.48788833618164
1651.6644973307848,32.48881149291992
1652.0021941512823,32.488983154296875
1652.3300640285015,32.48995590209961
1652.6672177016735,32.49037551879883
1653.0056085437536,32.49078369140625
1653.3331464976072,32.491241455078125
1653.669797256589,32.492496490478516
1653.997828066349,32.49247360229492
1654.3364100158215,32.492767333984375
1654.6639680862427,32.49372482299805
1655.002761259675,32.49433898925781
1655.3294342011213,32.49491500854492
1655.667744576931,32.49544143676758
1655.9960670769215,32.4959831237793
1656.333240866661,32.49589157104492
1656.660869345069,32.49658966064453
1656.9983750581741,32.497718811035156
1657.327089831233,32.49762725830078
1657.6648570597172,32.497886657714844
1657.9919021576643,32.498741149902344
1658.3298403769732,32.49924850463867
1658.6578510701656,32.49964904785156
1658.9956384152174,32.50016403198242
1659.3237094581127,32.500030517578125
1659.6609637141228,32.50039291381836
1659.9886927753687,32.5008544921875
1660.3277675807476,32.501617431640625
1660.6552552431822,32.5020637512207
1660.9921876341105,32.50270462036133
1661.3305784761906,32.50288009643555
1661.6580862551928,32.50379180908203
1661.9968492537737,32.504234313964844
1662.3240653425455,32.5050048828125
1662.6720316708088,32.50604248046875
1662.9890888929367,32.5059700012207
1663.3273590356112,32.506752014160156
1663.6547461152077,32.50754928588867
1663.9926239848137,32.508140563964844
1664.320232346654,32.508914947509766
1664.6577380597591,32.509857177734375
1664.9863120168447,32.5107536315918
1665.3244212269783,32.51151657104492
1665.6514663249254,32.51186752319336
1665.9892838448286,32.511940002441406
1666.3168720901012,32.512298583984375
1666.6554640978575,32.513282775878906
1666.9828310608864,32.513580322265625
1667.3202864825726,32.51383590698242
1667.648196592927,32.514583587646484
1667.9873418062925,32.51481628417969
1668.3084927499294,32.51527786254883
1668.6519730836153,32.51534652709961
1668.9737275242805,32.51576232910156
1669.3175096064806,32.51613235473633
1669.6552768349648,32.51629638671875
1669.9834987521172,32.516666412353516
1670.3208334743977,32.51649856567383
1670.6487033516169,32.51780700683594
1670.9871746599674,32.51801681518555
1671.3088989257812,32.518062591552734
1671.652540192008,32.51875305175781
1671.9797562807798,32.518917083740234
1672.3174631595612,32.51914978027344
1672.6452223956585,32.51991271972656
1672.984116151929,32.52040481567383
1673.310597985983,32.52067565917969
1673.6486468464136,32.5213623046875
1673.9766273647547,32.52183532714844
1674.3148069828749,32.52211380004883
1674.6425662189722,32.523319244384766
1674.980454146862,32.5235481262207
1675.3082133829594,32.52452850341797
1675.6451558321714,32.52501678466797
1675.9727742522955,32.525909423828125
1676.3111650943756,32.52583312988281
1676.6394574195147,32.5266227722168
1676.976228877902,32.52696990966797
1677.3040886968374,32.5276985168457
1677.6427410542965,32.5281867980957
1677.9806692153215,32.5285758972168
1678.3088006079197,32.529170989990234
1678.6461051553488,32.52979278564453
1678.9741661399603,32.530460357666016
1679.3114505708218,32.53080368041992
1679.6386364847422,32.53134536743164
1679.9769166857004,32.532257080078125
1680.305229127407,32.53300857543945
1680.643479153514,32.533084869384766
1680.9704437851906,32.533329010009766
1681.3086938112974,32.53377914428711
1681.635769084096,32.534568786621094
1681.9731943309307,32.53460693359375
1682.3015470057726,32.53522872924805
1682.6385900378227,32.53639602661133
1682.9668924212456,32.536495208740234
1683.3053838461637,32.53726577758789
1683.6327508091927,32.53767013549805
1683.971232175827,32.5377082824707
1684.2977944761515,32.53850555419922
1684.6359640359879,32.53962326049805
1684.9639043211937,32.53995895385742
1685.3018827736378,32.54013442993164
1685.6294207274914,32.54076385498047
1685.9673891216516,32.5416145324707
1686.305870488286,32.542259216308594
1686.6322416812181,32.54271697998047
1686.9705822318792,32.54351806640625
1687.2992064803839,32.54369354248047
1687.6369938254356,32.54402542114258
1687.9638478159904,32.54477310180664
1688.3030030876398,32.5451774597168
1688.6289719492197,32.54560089111328
1688.9676846563816,32.54633331298828
1689.2950013279915,32.5465202331543
1689.6328389644623,32.547508239746094
1689.9604573845863,32.548011779785156
1690.2982246130705,32.54827117919922
1690.6272109597921,32.54918670654297
1690.964374691248,32.54963684082031
1691.291942819953,32.54966354370117
1691.6300922632217,32.550716400146484
1691.9569361954927,32.551658630371094
1692.2959808260202,32.552120208740234
1692.6235690712929,32.55247497558594
1692.9612759500742,32.553306579589844
1693.2993952184916,32.55376052856445
1693.626118451357,32.553810119628906
1693.9541894942522,32.554542541503906
1694.291815906763,32.554931640625
1694.6303877979517,32.55583572387695
1694.9578654021025,32.55612564086914
1695.2906839549541,32.55622863769531
1695.6236835569143,32.556949615478516
1695.9613401442766,32.55765914916992
1696.2834365665913,32.5572624206543
1696.627289056778,32.557743072509766
1696.9556920230389,32.55870056152344
1697.2931776195765,32.559085845947266
1697.6208463311195,32.55967330932617
1697.9585833847523,32.55992126464844
1698.28528650105,32.56043243408203
1698.6182257533073,32.56064224243164
1698.9522513002157,32.56077194213867
1699.2897368967533,32.56084060668945
1699.617787823081,32.56179428100586
1699.9556355178356,32.562191009521484
1700.2834651619196,32.56223678588867
1700.620699301362,32.562355041503906
1700.9427554905415,32.56301498413086
1701.2861352413893,32.56292724609375
1701.6147896647453,32.56328201293945
1701.9521746784449,32.56406784057617
1702.2795114666224,32.56439208984375
1702.6174496859312,32.56460189819336
1702.9555790126324,32.564903259277344
1703.2839115709066,32.565128326416016
1703.6213770508766,32.56560516357422
1703.948512673378,32.56597900390625
1704.2862698435783,32.56611633300781
1704.6144112944603,32.56654739379883
1704.9527116119862,32.56718826293945
1705.2795454859734,32.56759262084961
1705.6175641715527,32.56770706176758
1705.945584923029,32.568111419677734
1706.2840964645147,32.56894302368164
1706.6112119704485,32.56913757324219
1706.9491803646088,32.569618225097656
1707.2765473276377,32.57018280029297
1707.6154712587595,32.5705680847168
1707.9432103782892,32.57119369506836
1708.2741983234882,32.5718994140625
1708.6083445698023,32.5723876953125
1708.9455485343933,32.57232666015625
1709.2728048563004,32.57271194458008
1709.6117489039898,32.57387161254883
1709.9382508546114,32.57414245605469
1710.2766819298267,32.574893951416016
1710.604813322425,32.57532501220703
1710.942691192031,32.5762825012207
1711.2698771059513,32.57679748535156
1711.608549579978,32.57726287841797
1711.945753544569,32.577598571777344
1712.2736737132072,32.578460693359375
1712.6123864203691,32.57908248901367
1712.9382748156786,32.57968521118164
1713.2768467068672,32.5804557800293
1713.6049680411816,32.58142852783203
1713.942715153098,32.58147048950195
1714.269458502531,32.58189392089844
1714.6083824336529,32.582218170166016
1714.9363528937101,32.583396911621094
1715.2738083153963,32.58377456665039
1715.6024727970362,32.584228515625
1715.93860052526,32.585201263427734
1716.2660479545593,32.58560562133789
1716.604509204626,32.58655548095703
1716.9327713549137,32.587013244628906
1717.2707699239254,32.58769607543945
1717.5978250801563,32.588478088378906
1717.9362662136555,32.588741302490234
1718.2644076645374,32.58915328979492
1718.6020340770483,32.589881896972656
1718.9287975430489,32.59089660644531
1719.2671783268452,32.59132385253906
1719.5897173136473,32.59178924560547
1719.9329763650894,32.59156036376953
1720.2710453420877,32.59247970581055
1720.5980099737644,32.59284210205078
1720.9364209324121,32.59341812133789
1721.264562383294,32.5939826965332
1721.602078154683,32.595008850097656
1721.9290729612112,32.59550857543945
1722.2665686160326,32.59591293334961
1722.5955851376057,32.5965461730957
1722.9328494518995,32.59687805175781
1723.2602465897799,32.59688186645508
1723.598013818264,32.59737777709961
1723.9370081573725,32.597782135009766
1724.2644153535366,32.59822082519531
1724.5916314423084,32.59867477416992
1724.9292880296707,32.598876953125
1725.2576909959316,32.59933090209961
1725.5962025374174,32.59952926635742
1725.9232375770807,32.60001754760742
1726.2615077197552,32.59993362426758
1726.5884019434452,32.6002197265625
1726.9265715032816,32.5999870300293
1727.2492915391922,32.60021209716797
1727.592882514,32.600547790527344
1727.9196057468653,32.60018539428711
1728.2580066472292,32.60044479370117
1728.5962767899036,32.60052490234375
1728.923512995243,32.601043701171875
1729.2614914476871,32.601173400878906
1729.589069634676,32.60113525390625
1729.9271184951067,32.601436614990234
1730.255762860179,32.602447509765625
1730.5932886898518,32.602657318115234
1730.9143491089344,32.602760314941406
1731.2575578689575,32.60322952270508
1731.5799158066511,32.6036491394043
1731.923396140337,32.603450775146484
1732.2519801557064,32.60410690307617
1732.5891740620136,32.60394287109375
1732.9167623072863,32.60468292236328
1733.255012333393,32.60493087768555
1733.5830632597208,32.60514831542969
1733.9201867580414,32.60527801513672
1734.2480264604092,32.60568618774414
1734.585391357541,32.605918884277344
1734.914417937398,32.60615539550781
1735.2515917271376,32.6068000793457
1735.5787474662066,32.60688018798828
1735.9164040535688,32.60733413696289
1736.2455110996962,32.60756301879883
1736.5830972790718,32.60725784301758
1736.9201805442572,32.60762405395508
1737.2476883232594,32.60808563232422
1737.58615963161,32.60863494873047
1737.9146933555603,32.60921096801758
1738.2515352219343,32.6092529296875
1738.579324632883,32.609535217285156
1738.9178462326527,32.60984420776367
1739.2393693327904,32.61064910888672
1739.5829401910305,32.61119079589844
1739.9103876203299,32.611515045166016
1740.2485370635986,32.61160659790039
1740.5761051923037,32.61233901977539
1740.9148178994656,32.61279296875
1741.2419233471155,32.61308670043945
1741.5801230818033,32.61396408081055
1741.907288879156,32.61410903930664
1742.2467358410358,32.61454772949219
1742.5733383744955,32.615299224853516
1742.9116889834404,32.61579895019531
1743.2383920997381,32.6159553527832
1743.5768835246563,32.616390228271484
1743.905095383525,32.61664581298828
1744.242450222373,32.617366790771484
1744.570481032133,32.61825180053711
1744.9071921408176,32.6190299987793
1745.2463775873184,32.61942672729492
1745.573291927576,32.620155334472656
1745.9117230027914,32.620277404785156
1746.2385568767786,32.62052536010742
1746.5767867863178,32.62120056152344
1746.9048477709293,32.6219482421875
1747.2425948828459,32.622501373291016
1747.570102661848,32.623111724853516
1747.9080207645893,32.623470306396484
1748.2360415160656,32.62351989746094
1748.5686991363764,32.62446594238281
1748.902141302824,32.62485122680664
1749.238771945238,32.6257209777832
1749.5671145617962,32.62619400024414
1749.8995810747147,32.6268424987793
1750.2267770469189,32.627464294433594
1750.5711022764444,32.6281852722168
1750.8985195308924,32.62871551513672
1751.235532388091,32.62910842895508
1751.5645891427994,32.629371643066406
1751.9015416502953,32.63022994995117
1752.2296126931906,32.6306037902832
1752.566846832633,32.63138198852539
1752.8953101485968,32.63191223144531
1753.2335702329874,32.6324577331543
1753.5713374614716,32.63302230834961
1753.8991067558527,32.63374710083008
1754.2361497879028,32.63425064086914
1754.5742388814688,32.63460922241211
1754.8962347209454,32.635257720947266
1755.228741466999,32.63559341430664
1755.5670619010925,32.6364631652832
1755.894861370325,32.63688278198242
1756.2336847186089,32.63713836669922
1756.5553084015846,32.637855529785156
1756.8985775113106,32.638572692871094
1757.2203923016787,32.639469146728516
1757.565401494503,32.63990020751953
1757.8928388655186,32.64053726196289
1758.2303244620562,32.64055252075195
1758.5571583360434,32.6417236328125
1758.894955739379,32.64189529418945
1759.2225439846516,32.64262008666992
1759.5614176243544,32.64295959472656
1759.8877687007189,32.64366912841797
1760.2269440889359,32.64437484741211
1760.5543512851,32.64448928833008
1760.8933053910732,32.645484924316406
1761.220259964466,32.646297454833984
1761.5575946867466,32.646419525146484
1761.895713955164,32.64687728881836
1762.2232217341661,32.64775085449219
1762.5553362071514,32.64793014526367
1762.8893416374922,32.648216247558594
1763.220862671733,32.648704528808594
1763.5548278689384,32.64931106567383
1763.8934902846813,32.64993667602539
1764.2206761986017,32.650123596191406
1764.5586747676134,32.65021896362305
1764.88606184721,32.65049743652344
1765.22310487926,32.65096664428711
1765.5522722750902,32.65151596069336
1765.8888023346663,32.65183639526367
1766.2172757089138,32.6520881652832
1766.5552139282227,32.65243911743164
1766.8829631060362,32.652549743652344
1767.2145042568445,32.652587890625
1767.5478760153055,32.65283966064453
1767.8862065076828,32.653236389160156
1768.2132113724947,32.653099060058594
1768.5515318065882,32.653568267822266
1768.8789892941713,32.65447235107422
1769.2110031843185,32.65481185913086
1769.544767215848,32.65529251098633
1769.88305747509,32.65559387207031
1770.2206034213305,32.65593719482422
1770.5486945807934,32.65596008300781
1770.8868440240622,32.65672302246094
1771.213587373495,32.657100677490234
1771.5523403137922,32.65766143798828
1771.8795865774155,32.65779495239258
1772.2172733396292,32.658164978027344
1772.5448314100504,32.65885543823242
1772.8826388716698,32.65911102294922
1773.2117258012295,32.659549713134766
1773.5491007566452,32.65922927856445
1773.8768801093102,32.659385681152344
1774.2137219756842,32.66001510620117
1774.5415918529034,32.65999984741211
1774.8804654926062,32.65983963012695
1775.206494703889,32.66047668457031
1775.5460020154715,32.660743713378906
1775.873177871108,32.66073226928711
1776.211417838931,32.66112518310547
1776.537799090147,32.66101837158203
1776.8773164600134,32.6616096496582
1777.2041704505682,32.66184616088867
1777.5416761636734,32.6622428894043
1777.8697572648525,32.66238021850586
1778.2073233276606,32.66248321533203
1778.5462271422148,32.66251754760742
1778.87295037508,32.663307189941406
1779.212286695838,32.66405487060547
1779.53908033669,32.66480255126953
1779.8714965581894,32.66464614868164
1780.2053611725569,32.66486740112305
1780.5421527475119,32.66511917114258
1780.8705255389214,32.66545104980469
1781.2090069055557,32.66585159301758
1781.5356396138668,32.66612243652344
1781.8732660263777,32.666648864746094
1782.2009347379208,32.66758728027344
1782.5387120246887,32.66738510131836
1782.8671853989363,32.668006896972656
1783.2046005874872,32.66840744018555
1783.5331946611404,32.66860580444336
1783.8714346289635,32.6693229675293
1784.19768512249,32.66989517211914
1784.535562992096,32.66973114013672
1784.8643381148577,32.67054748535156
1785.2117009460926,32.67115783691406
1785.52910014987,32.671722412109375
1785.8670383691788,32.67238235473633
1786.1948177218437,32.67287826538086
1786.533248797059,32.673179626464844
1786.8704225867987,32.673988342285156
1787.1981415897608,32.67430114746094
1787.5352147966623,32.674652099609375
1787.8645431250334,32.67550277709961
1788.2017370313406,32.675941467285156
1788.5295063257217,32.675750732421875
1788.8667404651642,32.67610549926758
1789.1955558210611,32.67633056640625
1789.53328281641,32.67723846435547
1789.8610822856426,32.6773796081543
1790.1982963085175,32.67763137817383
1790.526357293129,32.67826461791992
1790.8643156290054,32.67822265625
1791.1921050399542,32.6787109375
1791.5293090045452,32.67929458618164
1791.8567664921284,32.679500579833984
1792.1954590827227,32.67998504638672
1792.5235603004694,32.68033218383789
1792.8604625165462,32.680946350097656
1793.1881915777922,32.68130111694336
1793.5261096805334,32.68198013305664
1793.8541304320097,32.68212127685547
1794.1927827894688,32.682525634765625
1794.5202302187681,32.682743072509766
1794.857333600521,32.68302917480469
1795.1964687556028,32.683528900146484
1795.5237854272127,32.683860778808594
1795.8604261279106,32.68449401855469
1796.1880948394537,32.68488311767578
1796.5269282460213,32.6851692199707
1796.854154393077,32.68529510498047
1797.191921621561,32.68571853637695
1797.519600391388,32.68638610839844
1797.8580214083195,32.686363220214844
1798.1805000454187,32.686912536621094
1798.5238395631313,32.68744659423828
1798.8514579832554,32.688087463378906
1799.189667776227,32.688385009765625
1799.5175577700138,32.68864822387695
1799.8548422008753,32.68907165527344
1800.1828629523516,32.68950271606445
1800.5207307636738,32.689517974853516
1800.8492443710566,32.690120697021484
1801.186267286539,32.690208435058594
1801.514046639204,32.69053268432617
1801.8508180975914,32.69145202636719
1802.1794021129608,32.69521713256836
1802.5167267769575,32.71760940551758
1802.844938635826,32.753231048583984
1803.1821828335524,32.804500579833984
1803.5211872309446,32.869781494140625
1803.848322853446,32.97193908691406
1804.186411947012,33.05554962158203
1804.513929784298,33.14264678955078
1804.8527732491493,33.232643127441406
1805.1804922521114,33.35388946533203
1805.5174447596073,33.444969177246094
1805.8453347533941,33.5349235534668
1806.1830013990402,33.624088287353516
1806.5107706934214,33.741783142089844
1806.8477936089039,33.82866287231445
1807.176709547639,33.91486358642578
1807.5136721134186,34.028480529785156
1807.8416727483273,34.11209487915039
1808.1807877868414,34.19561767578125
1808.5070181638002,34.304771423339844
1808.845167607069,34.385704040527344
1809.1732889413834,34.4659423828125
1809.510412439704,34.545169830322266
1809.8378095775843,34.650150299072266
1810.1711511611938,34.727577209472656
1810.5048447847366,34.804691314697266
1810.8419079333544,34.881195068359375
1811.1691541969776,34.9820556640625
1811.5069013088942,35.056190490722656
1811.8451915681362,35.1300163269043
1812.1738761663437,35.20276641845703
1812.5121362507343,35.29909896850586
1812.8392416983843,35.370792388916016
1813.1766367703676,35.44222640991211
1813.5092843323946,35.5136833190918
1813.843098655343,35.584556579589844
1814.169329032302,35.68388748168945
1814.5078305155039,35.75801467895508
1814.8349158465862,35.82866287231445
1815.1741817593575,35.918663024902344
1815.5016794800758,35.986083984375
1815.8485293388367,36.053199768066406
1816.1666225641966,36.1426887512207
1816.5051240473986,36.209232330322266
1816.8325614184141,36.27525329589844
1817.1698860824108,36.34139633178711
1817.4972731620073,36.429588317871094
1817.8358651697636,36.49530792236328
1818.164087086916,36.560672760009766
1818.5017134994268,36.62518310546875
1818.82938221097,36.71183395385742
1819.166324660182,36.77631759643555
1819.4939229637384,36.84048843383789
1819.8328368365765,36.904388427734375
1820.1702620834112,36.989768981933594
1820.4981219023466,37.0534782409668
1820.8360701799393,37.116302490234375
1821.1647145450115,37.179962158203125
1821.501948684454,37.26409149169922
1821.829567104578,37.32616424560547
1822.1674349159002,37.38898468017578
1822.4951136857271,37.451087951660156
1822.8329312056303,37.532814025878906
1823.1609921902418,37.59357833862305
1823.4985582530499,37.654090881347656
1823.8273233175278,37.73479080200195
1824.165090546012,37.794986724853516
1824.49187412858,37.85490036010742
1824.8300034552813,37.914756774902344
1825.150852650404,37.99436569213867
1825.4944637417793,38.05379867553711
1825.8237820118666,38.11315155029297
1826.1611871421337,38.17145919799805
1826.488533988595,38.248573303222656
1826.8265627324581,38.30598831176758
1827.1532859653234,38.36301803588867
1827.4863459169865,38.43939971923828
1827.819898724556,38.496673583984375
1828.1514700502157,38.553646087646484
1828.495755046606,38.628700256347656
1828.824369236827,38.68510818481445
1829.161824658513,38.741859436035156
1829.4889200478792,38.81665802001953
1829.8267677426338,38.8721923828125
1830.1539838314056,38.92832565307617
1830.4923444986343,38.98408889770508
1830.8208983391523,39.0571403503418
1831.1579514294863,39.11272048950195
1831.4851574599743,39.16815185546875
1831.8238399922848,39.22290802001953
1832.1514181792736,39.29665756225586
1832.4898794293404,39.351558685302734
1832.8167837113142,39.40570068359375
1833.1483952701092,39.46080017089844
1833.4820285439491,39.533138275146484
1833.824633806944,39.58717346191406
1834.1470319777727,39.641624450683594
1834.4855535775423,39.695396423339844
1834.8137252032757,39.76727294921875
1835.151019692421,39.820980072021484
1835.480197146535,39.87382125854492
1835.816616564989,39.92751693725586
1836.1453715711832,39.997833251953125
1836.4820323884487,40.050018310546875
1836.8207048624754,40.101776123046875
1837.1472269296646,40.153465270996094
1837.4859899282455,40.20560073852539
1837.8145035356283,40.274993896484375
1838.1523311138153,40.32674026489258
1838.479869067669,40.37849044799805
1838.8168819248676,40.43006896972656
1839.1445003449917,40.49833297729492
1839.483766257763,40.54900360107422
1839.8105598986149,40.59955978393555
1840.148327127099,40.66644287109375
1840.4761165380478,40.71638870239258
1840.8146481961012,40.76610565185547
1841.1423068493605,40.832584381103516
1841.4793498814106,40.8823127746582
1841.8068576604128,40.93161392211914
1842.1451278030872,40.980709075927734
1842.4737621098757,41.04658126831055
1842.8113281726837,41.09552001953125
1843.1385140866041,41.14419937133789
1843.4762611985207,41.209312438964844
1843.804543465376,41.25784683227539
1844.1370200365782,41.30702209472656
1844.46962736547,41.37208938598633
1844.8011483997107,41.42045974731445
1845.1447796076536,41.4691047668457
1845.4740978777409,41.5175666809082
1845.8118751645088,41.58201599121094
1846.1386285722256,41.63015365600586
1846.4873794466257,41.67864990234375
1846.804517135024,41.727073669433594
1847.1365712583065,41.7906608581543
1847.4643807858229,41.83710479736328
1847.807790711522,41.87959289550781
1848.129766434431,41.915077209472656
1848.4728042036295,41.94822692871094
1848.8021224737167,41.96137237548828
1849.1391353309155,41.9662971496582
1849.467196315527,41.964717864990234
1849.8045209795237,41.95756149291992
1850.131606310606,41.95151901245117
1850.4648070782423,41.94930648803711
1850.7979676127434,41.954017639160156
1851.1297803372145,41.97418975830078
1851.463333144784,41.99915313720703
1851.8015932291746,42.030113220214844
1852.1291010081768,42.062076568603516
1852.4668782949448,42.0976676940918
1852.7950298041105,42.11478805541992
1853.1328171491623,42.122920989990234
1853.4645795822144,42.1226921081543
1853.7979312241077,42.111515045166016
1854.136060550809,42.097496032714844
1854.463467746973,42.080963134765625
1854.802019521594,42.06391906738281
1855.130261555314,42.04072952270508
1855.4677370935678,42.02490234375
1855.7947017252445,42.01161575317383
1856.1323080211878,42.000389099121094
1856.46002702415,41.98937225341797
1856.7927550524473,41.9835090637207
1857.1252014487982,41.97906494140625
1857.457748427987,41.97584533691406
1857.7918745577335,41.97365188598633
1858.1298630684614,41.97145462036133
1858.45651589334,41.96942138671875
1858.7948866188526,41.967586517333984
1859.1234907507896,41.9659309387207
1859.4618614763021,41.96397399902344
1859.7888462245464,41.96269989013672
1860.1263117045164,41.96233367919922
1860.4547146707773,41.96267318725586
1860.7921298593283,41.963401794433594
1861.1199092119932,41.96613311767578
1861.4574450999498,41.968910217285156
1861.795473843813,41.97339630126953
1862.1234141290188,41.97963333129883
1862.4620161950588,41.9846076965332
1862.7891819924116,41.98985290527344
1863.1265066564083,41.9957160949707
1863.4546782821417,42.000633239746094
1863.792435452342,42.006378173828125
1864.120788127184,42.010108947753906
1864.4574388861656,42.01315689086914
1864.7797264158726,42.01559066772461
1865.1232570409775,42.0184440612793
1865.4506742954254,42.01955795288086
1865.7901111990213,42.02046203613281
1866.1167036741972,42.02125549316406
1866.455064341426,42.0218620300293
1866.782521829009,42.021976470947266
1867.1198565512896,42.02173614501953
1867.447867244482,42.021663665771484
1867.7852220833302,42.020755767822266
1868.113574758172,42.01969909667969
1868.4518247842789,42.017696380615234
1868.7786888331175,42.015647888183594
1869.1171299666166,42.01343536376953
1869.4439135491848,42.01077651977539
1869.7824653238058,42.00843048095703
1870.1203029602766,42.006900787353516
1870.4476799815893,42.004573822021484
1870.7857389003038,42.0027961730957
1871.1132667958736,42.001441955566406
1871.4518688619137,42.00012969970703
1871.7793464660645,41.99948501586914
1872.1172142773867,41.99952697753906
1872.4445309489965,41.9996337890625
1872.7832738310099,41.99884796142578
1873.1110028922558,41.99848175048828
1873.448719829321,41.99819564819336
1873.7762477248907,41.99834442138672
1874.1132505238056,41.997779846191406
1874.442669376731,41.997257232666016
1874.7800946235657,41.997032165527344
1875.107029080391,41.997581481933594
1875.4450879991055,41.997337341308594
1875.773511081934,41.99715042114258
1876.1107552796602,41.997344970703125
1876.4381725341082,41.99723815917969
1876.7768450081348,41.99742889404297
1877.116060629487,41.998619079589844
1877.4417981505394,41.99892807006836
1877.770533040166,41.999916076660156
1878.1080286949873,42.00080871582031
1878.44462916255,42.00118637084961
1878.7736255675554,42.00206756591797
1879.111111164093,42.00285339355469
1879.4386491179466,42.00360870361328
1879.776295647025,42.00456619262695
1880.104386806488,42.00578689575195
1880.4368533194065,42.006431579589844
1880.7704363018274,42.00737380981445
1881.1078112572432,42.00722122192383
1881.4354799687862,42.00714111328125
1881.774041801691,42.00709533691406
1882.1020927280188,42.007381439208984
1882.4398398399353,42.00715637207031
1882.7665228396654,42.00734329223633
1883.1042297184467,42.00685501098633
1883.431938663125,42.006919860839844
1883.7705105543137,42.00655746459961
1884.0987727046013,42.006492614746094
1884.4363790005445,42.00632095336914
1884.7634945064783,42.00613784790039
1885.1022776216269,42.00602722167969
1885.429222136736,42.005470275878906
1885.7666976749897,42.00545120239258
1886.094768717885,42.00470733642578
1886.4329282194376,42.00394821166992
1886.7712285369635,42.00309753417969
1887.098766490817,42.0025520324707
1887.4359302222729,42.00151062011719
1887.7640314400196,42.000980377197266
1888.1024826318026,42.00002670288086
1888.4295981377363,41.99986267089844
1888.767445832491,41.999229431152344
1889.0950743108988,41.99889373779297
1889.4326403737068,41.99905776977539
1889.7608421742916,41.99943542480469
1890.0925442576408,41.99944305419922
1890.424970537424,41.99916458129883
1890.7581310719252,41.999122619628906
1891.0915933549404,41.999271392822266
1891.4305474609137,41.99916458129883
1891.7565565556288,41.99895095825195
1892.0897472649813,41.99860763549805
1892.423390597105,41.999000549316406
1892.7607454359531,41.999141693115234
1893.0878307670355,41.999576568603516
1893.4263724833727,41.99977493286133
1893.7531158328056,42.00082778930664
1894.0919291228056,42.00164031982422
1894.419265910983,42.002830505371094
1894.7568017989397,42.00355911254883
1895.0945891439915,42.00434875488281
1895.423424616456,42.00566864013672
1895.7611113786697,42.00602722167969
1896.0890114307404,42.00617980957031
1896.426134929061,42.00640106201172
1896.7540048062801,42.00702667236328
1897.092154249549,42.00680923461914
1897.419822961092,42.006622314453125
1897.7580025792122,42.006690979003906
1898.085429891944,42.006248474121094
1898.4241023659706,42.005680084228516
1898.7511776387691,42.00556564331055
1899.0894176065922,42.005035400390625
1899.4167644530535,42.00450134277344
1899.7543908655643,42.00380325317383
1900.082492083311,42.003509521484375
1900.42021907866,42.00290298461914
1900.7471837103367,42.0024299621582
1901.085403561592,42.00234603881836
1901.412669941783,42.00251007080078
1901.7519358545542,42.00226974487305
1902.0794034004211,42.001976013183594
1902.4166274815798,42.001853942871094
1902.74423584342,42.00151062011719
1903.083250299096,42.00091552734375
1903.4207459539175,42.00003433227539
1903.7482034415007,41.99953079223633
1904.0860511362553,41.9987678527832
1904.4135086238384,41.998592376708984
1904.7518692910671,41.99797821044922
1905.0790652632713,41.9980354309082
1905.417476221919,41.9986572265625
1905.7444710284472,41.99894332885742
1906.0829523950815,41.99934768676758
1906.4105305820704,42.00004959106445
1906.748277693987,42.000213623046875
1907.0761676877737,42.001129150390625
1907.413562759757,42.001346588134766
1907.7361419796944,42.00164794921875
1908.0792903900146,42.00204086303711
1908.4067679941654,42.00297546386719
1908.7452191859484,42.0033073425293
1909.073531627655,42.00413131713867
1909.4109065830708,42.00468826293945
1909.738927334547,42.005393981933594
1910.0762721151114,42.00553894042969
1910.4035686701536,42.0058708190918
1910.7360754162073,42.006065368652344
1911.0638547688723,42.00577163696289
1911.4079184830189,42.00568771362305
1911.7450218647718,42.00519561767578
1912.0737567543983,42.00530242919922
1912.4115239828825,42.00468826293945
1912.739383801818,42.004878997802734
1913.0765173584223,42.00434494018555
1913.404407352209,42.00400161743164
1913.7424059212208,42.00394058227539
1914.07006457448,42.00383377075195
1914.4078217446804,42.002994537353516
1914.7360738366842,42.00239562988281
1915.0733180344105,42.001708984375
1915.400292724371,42.00076675415039
1915.7330509275198,42.000213623046875
1916.0665433853865,41.99992752075195
1916.4041094481945,41.99909210205078
1916.7322609573603,41.998050689697266
1917.0711144804955,41.997703552246094
1917.3983104526997,41.99739456176758
1917.7360877394676,41.99702453613281
1918.0631931871176,41.997032165527344
1918.4015538543463,41.99675369262695
1918.729443848133,41.99650192260742
1919.067432358861,41.996437072753906
1919.4047268480062,41.995811462402344
1919.7329588234425,41.99535369873047
1920.0713396072388,41.994850158691406
1920.398274064064,41.99483108520508
1920.7357797771692,41.9946174621582
1921.0640117526054,41.99454879760742
1921.4013867080212,41.99501037597656
1921.730161830783,41.995880126953125
1922.0681503415108,41.995967864990234
1922.3953563719988,41.99673080444336
1922.7324295789003,41.997371673583984
1923.0608627200127,41.998313903808594
1923.3987305313349,41.99883270263672
1923.7252224236727,41.999691009521484
1924.0638546645641,42.00018310546875
1924.3914227932692,42.00102233886719
1924.7292403131723,42.00164794921875
1925.058437883854,42.00246810913086
1925.3939621150494,42.00347900390625
1925.7174365222454,42.00475311279297
1926.0610979050398,42.006221771240234
1926.3887967914343,42.0069694519043
1926.725447550416,42.00774383544922
1927.0537499338388,42.00923156738281
1927.391979843378,42.00983428955078
1927.719920128584,42.010223388671875
1928.0581701546907,42.01049041748047
1928.3842496573925,42.01059341430664
1928.722982481122,42.01030731201172
1929.0603071451187,42.010284423828125
1929.3885190039873,42.00996780395508
1929.7255218029022,42.008934020996094
1930.0540957599878,42.0084114074707
1930.3925067186356,42.0080680847168
1930.7199642062187,42.007598876953125
1931.0571782290936,42.006324768066406
1931.3853900879622,42.005672454833984
1931.7231371998787,42.00534439086914
1932.0509668439627,42.004905700683594
1932.3885932564735,42.00412368774414
1932.7160004526377,42.00368118286133
1933.0551255494356,42.003448486328125
1933.3830155432224,42.00300216674805
1933.7197065353394,42.002532958984375
1934.0480089187622,42.00231170654297
1934.3856554478407,42.00148391723633
1934.713263809681,42.00123596191406
1935.0511617958546,42.00041198730469
1935.3794038295746,41.99972915649414
1935.716225579381,41.99882888793945
1936.0440853983164,41.99806213378906
1936.382808163762,41.99740982055664
1936.7202937602997,41.99717330932617
1937.0478618890047,41.99591064453125
1937.3852368444204,41.99583053588867
1937.7136800438166,41.99541091918945
1938.051427155733,41.994930267333984
1938.3798703551292,41.99483108520508
1938.716470822692,41.99467849731445
1939.0440691262484,41.99472427368164
1939.381755888462,41.994998931884766
1939.7105108946562,41.995445251464844
1940.0486402213573,41.99589538574219
1940.3703343123198,41.99649429321289
1940.714106336236,41.99673843383789
1941.0419158637524,41.997230529785156
1941.3802061229944,41.99729537963867
1941.7069394141436,41.99752426147461
1942.0446060597897,41.997257232666016
1942.3720836639404,41.99675369262695
1942.7115205675364,41.996910095214844
1943.038384616375,41.9970817565918
1943.3766044676304,41.99684524536133
1943.705178424716,41.9971923828125
1944.04223151505,41.997623443603516
1944.3697392940521,41.998260498046875
1944.707214832306,41.99878692626953
1945.035607740283,41.99951934814453
1945.3732039779425,42.00019836425781
1945.7117959856987,42.001075744628906
1946.0387706756592,42.001617431640625
1946.37681953609,42.00205993652344
1946.704538539052,42.0025520324707
1947.0421951264143,42.00290298461914
1947.3705779761076,42.003204345703125
1947.7082949131727,42.00309753417969
1948.0360340327024,42.0032958984375
1948.3730267733335,42.00338363647461
1948.7118601799011,42.003108978271484
1949.0396093577147,42.002960205078125
1949.3664029985666,42.00326156616211
1949.7039690613747,42.00297164916992
1950.0317182391882,42.002689361572266
1950.3692138940096,42.0026969909668
1950.6978683173656,42.00297546386719
1951.0353237390518,42.003326416015625
1951.364078745246,42.003517150878906
1951.7009004950523,42.00347137451172
1952.0285792648792,42.00356674194336
1952.3668091744184,42.00357437133789
1952.693673223257,42.00314712524414
1953.026431426406,42.00279998779297
1953.3605474978685,42.002235412597656
1953.6988880485296,42.00202178955078
1954.0356796234846,42.00163269042969
1954.363851249218,42.00120544433594
1954.7017995268106,42.00087356567383
1955.0289150327444,42.000328063964844
1955.3670544177294,42.00004959106445
1955.6940492242575,41.99961471557617
1956.0326009988785,41.999263763427734
1956.3599277287722,41.99906539916992
1956.6992338746786,41.99878692626953
1957.026107981801,41.99870681762695
1957.3641769587994,41.99848937988281
1957.6914936304092,41.99860763549805
1958.0299247056246,41.998931884765625
1958.3569396287203,41.99951934814453
1958.6939625442028,41.99976348876953
1959.022456035018,42.00081253051758
1959.3598913401365,42.00101852416992
1959.6877712756395,42.00181198120117
1960.025830194354,42.00170135498047
1960.353297740221,42.001869201660156
1960.6920205056667,42.00197219848633
1961.0196489840746,42.00218963623047
1961.3577380776405,42.002445220947266
1961.6846323013306,42.00245666503906
1962.0232041925192,42.0014533996582
1962.3604383319616,42.00127029418945
1962.688609957695,42.001068115234375
1963.0271214991808,42.000911712646484
1963.3538246154785,42.00048828125
1963.6922858655453,42.000125885009766
1964.0197735279799,41.99959182739258
1964.3579833209515,41.99934768676758
1964.6844752132893,41.99924850463867
1965.0239322334528,41.998844146728516
1965.3515506535769,41.99858093261719
1965.688281878829,41.998077392578125
1966.0175900906324,41.99800109863281
1966.3543414324522,41.9971809387207
1966.6825734078884,41.997413635253906
1967.0198779553175,41.997215270996094
1967.3475064337254,41.996795654296875
1967.6857564598322,41.9970817565918
1968.012449517846,41.99755096435547
1968.3516148477793,41.99795150756836
1968.6788711696863,41.99873352050781
1969.0164674073458,41.99908447265625
1969.343924894929,42.000125885009766
1969.6815311908722,42.00041580200195
1970.009944215417,42.0015869140625
1970.3483652323484,42.002410888671875
1970.6860821694136,42.00312423706055
1971.0130166262388,42.00349807739258
1971.3523127138615,42.004051208496094
1971.6739766299725,42.004058837890625
1972.0168635249138,42.00386428833008
1972.3447233438492,42.00396728515625
1972.6819172501564,42.0029182434082
1973.009867593646,42.00284194946289
1973.3422335237265,42.00191879272461
1973.6757561564445,42.00099182128906
1974.0135435014963,42.00059127807617
1974.3411216884851,42.000091552734375
1974.6797136962414,41.99983215332031
1975.0073723495007,41.999263763427734
1975.3455318510532,41.99905014038086
1975.672546774149,41.99895095825195
1976.0103341192007,41.99904251098633
1976.3388879597187,41.99913787841797
1976.6770374029875,41.99972915649414
1977.004424482584,41.99991226196289
1977.3422118276358,42.000221252441406
1977.669669315219,42.000694274902344
1978.0082512646914,42.00148010253906
1978.33490408957,42.002197265625
1978.6733351647854,42.00211715698242
1979.0102574974298,42.0025634765625
1979.3513841927052,42.00281524658203
1979.6771921217442,42.00246047973633
1980.0028793513775,42.00162887573242
1980.3421955555677,42.00096130371094
1980.6695222854614,42.00067138671875
1981.0079533606768,42.00010681152344
1981.3349783420563,41.99924850463867
1981.673701107502,41.99854278564453
1982.0018023252487,41.99783706665039
1982.3388654738665,41.997920989990234
1982.6664939522743,41.99750900268555
1983.003818616271,41.99661636352539
1983.3310648798943,41.99653244018555
1983.670511841774,41.996952056884766
1983.9981704950333,41.99724197387695
1984.33528393507,41.997657775878906
1984.6631336957216,41.998207092285156
1985.001826286316,41.998905181884766
1985.3290222585201,41.99966812133789
1985.6663268059492,42.00062942504883
1985.9938245266676,42.00137710571289
1986.3323662430048,42.00123977661133
1986.6611011326313,42.001461029052734
1986.9981542229652,42.00164031982422
1987.3361628502607,42.00167465209961
1987.6632682979107,42.00160598754883
1987.9957146942616,42.002071380615234
1988.3294686675072,42.00248336791992
1988.6673465371132,42.00225067138672
1988.9946933835745,42.00288772583008
1989.331766590476,42.00355911254883
1989.6612357348204,42.00349426269531
1989.9980172514915,42.00387191772461
1990.325615555048,42.00424575805664
1990.6634029000998,42.004337310791016
1990.9913532435894,42.00461959838867
1991.3294825702906,42.004695892333984
1991.6575837880373,42.00454330444336
1991.9948883354664,42.00455093383789
1992.3224061727524,42.004573822021484
1992.6608372479677,42.00408172607422
1992.9886166006327,42.003780364990234
1993.3264341205359,42.003395080566406
1993.654354289174,42.0030403137207
1993.991206213832,42.00273895263672
1994.318874925375,42.00232696533203
1994.6579799056053,42.00238037109375
1994.9847232550383,42.0020751953125
1995.3228525817394,42.002105712890625
1995.661836862564,42.00171661376953
1995.9889322519302,42.001220703125
1996.326769888401,42.001121520996094
1996.653975918889,42.0003547668457
1996.992215886712,42.00020217895508
1997.32076972723,41.999595642089844
1997.6587180048227,41.99971389770508
1997.9841638356447,41.999610900878906
1998.3173344284296,41.999412536621094
1998.6511386930943,41.99955749511719
1998.989750817418,41.99974060058594
1999.31675568223,41.99947738647461
1999.6486488729715,41.99985122680664
1999.9821916222572,41.999942779541016
2000.3200996667147,41.99974060058594
2000.6468933075666,41.99923324584961
2000.9847611188889,41.998695373535156
2001.3140190392733,41.99839401245117
2001.6514543443918,41.997840881347656
2001.9783988595009,41.99787902832031
2002.3170914500952,41.998477935791016
2002.6444986462593,41.99853515625
2002.9819641262293,41.99893569946289
2003.3106185495853,41.999237060546875
2003.6481745541096,41.99913787841797
2003.9799269288778,41.9993896484375
2004.3128058314323,41.99905014038086
2004.6521320939064,41.9989128112793
2004.9785234034061,41.9982795715332
2005.3172059357166,41.9974365234375
2005.644703656435,41.99674987792969
2005.9824205935001,41.996192932128906
2006.310562044382,41.99633026123047
2006.647876650095,41.997108459472656
2006.9767523556948,41.99776840209961
2007.3133327066898,41.998443603515625
2007.641826197505,41.99943542480469
2007.97975435853,41.99995040893555
2008.307684585452,42.00121307373047
2008.6443454027176,42.00110626220703
2008.971843123436,42.00149917602539
2009.3110084533691,42.00166320800781
2009.638375416398,42.001895904541016
2009.9763337522745,42.00196838378906
2010.303720831871,42.00179672241211
2010.641286894679,42.00143814086914
2010.9698809683323,42.00098419189453
2011.306893825531,42.00067138671875
2011.634411662817,42.000118255615234
2011.9727119803429,41.9990234375
2012.3105596750975,41.998779296875
2012.6385401934385,41.99836349487305
2012.9762671887875,41.99831771850586
2013.3040364831686,41.998504638671875
2013.642779365182,41.9987678527832
2013.9700658619404,41.99934768676758
2014.3079940229654,41.9995002746582
2014.6350089460611,41.999507904052734
2014.9738725274801,42.00004196166992
2015.3017222881317,41.9998779296875
2015.6389061361551,41.99933624267578
2015.966122224927,41.99897003173828
2016.304100677371,41.99837112426758
2016.632030904293,41.99820327758789
2016.9698383659124,41.99757385253906
2017.2974567860365,41.99640655517578
2017.6351837813854,41.99690246582031
2017.9632246494293,41.99646759033203
2018.295369297266,41.99701690673828
2018.6292842030525,41.997535705566406
2018.966407701373,41.99849319458008
2019.2947804927826,41.99938201904297
2019.6321856230497,42.00041961669922
2019.9595626443624,42.00148391723633
2020.2917072921991,42.00229263305664
2020.636173337698,42.002342224121094
2020.9632888436317,42.00238800048828
2021.3012672960758,42.002010345458984
2021.629086881876,42.001136779785156
2021.9666328281164,42.00074005126953
2022.2952771931887,42.00120544433594
2022.6321391761303,42.00130081176758
2022.9603610932827,42.00193405151367
2023.2988625764847,42.00165557861328
2023.6205868422985,42.00205612182617
2023.9644594490528,42.00231170654297
2024.2852985858917,42.002708435058594
2024.6295131742954,42.002925872802734
2024.9574232846498,42.003440856933594
2025.2949390560389,42.00361251831055
2025.6228491663933,42.003692626953125
2025.960535928607,42.00334548950195
2026.288516446948,42.0036735534668
2026.6263239085674,42.00342559814453
2026.9535198807716,42.00314712524414
2027.285835519433,42.00287628173828
2027.6197705417871,42.002803802490234
2027.9583625495434,42.001949310302734
2028.284351527691,42.00137710571289
2028.6174818873405,42.000919342041016
2028.9608113467693,42.000282287597656
2029.2887818068266,41.99977493286133
2029.6211075037718,41.99979019165039
2029.9533024430275,41.99922180175781
2030.2861209958792,41.998992919921875
2030.6193720549345,41.99892044067383
2030.9566162526608,41.998897552490234
2031.284948810935,41.99889373779297
2031.6224947571754,41.999046325683594
2031.9507669657469,41.99925231933594
2032.28900693357,41.99970626831055
2032.6164744794369,41.999671936035156
2032.9537689685822,41.99961471557617
2033.2812666893005,41.99999237060547
2033.619486540556,42.000099182128906
2033.947155252099,42.000492095947266
2034.2864412814379,42.000431060791016
2034.6125710755587,42.000328063964844
2034.9516861140728,42.0008544921875
2035.2793548256159,42.001197814941406
2035.6169007718563,42.00106430053711
2035.9437447041273,42.00175094604492
2036.2830307334661,42.001686096191406
2036.6105787456036,42.00217056274414
2036.9484566152096,42.0026969909668
2037.2866060584784,42.00331115722656
2037.6127257943153,42.00357437133789
2037.9513680934906,42.003902435302734
2038.279378786683,42.00339889526367
2038.6173371225595,42.00288772583008
2038.9449656009674,42.001976013183594
2039.2820086330175,42.00151062011719
2039.605151116848,42.00108337402344
2039.948108419776,42.0004997253418
2040.275415033102,41.999961853027344
2040.6249806284904,41.99943542480469
2040.9404184669256,41.99899673461914
2041.2793323397636,41.99889373779297
2041.6068602353334,41.99839401245117
2041.9449795037508,41.99872970581055
2042.272386699915,41.998714447021484
2042.610777541995,41.999000549316406
2042.9385267198086,41.99877166748047
2043.276595696807,41.99852752685547
2043.6044555157423,41.99863052368164
2043.940945342183,41.99863815307617
2044.2703742533922,41.999027252197266
2044.607326760888,41.998538970947266
2044.9354581534863,41.99920654296875
2045.2722497284412,41.99901580810547
2045.611123368144,41.99982452392578
2045.939003303647,42.00032043457031
2046.276629716158,42.000614166259766
2046.5979415923357,42.00092697143555
2046.9412308186293,42.002017974853516
2047.2706094384193,42.002811431884766
2047.6076323539019,42.00337219238281
2047.9353312402964,42.00336837768555
2048.2734605669975,42.00326919555664
2048.600535839796,42.0037956237793
2048.9335354417562,42.00384521484375
2049.2611337453127,42.00414276123047
2049.604322388768,42.004180908203125
2049.9314580112696,42.00333023071289
2050.2705428749323,42.00263977050781
2050.598432868719,42.00215530395508
2050.9361296892166,42.00152587890625
2051.2633357197046,42.00127029418945
2051.6004893928766,42.000694274902344
2051.9287917762995,42.000667572021484
2052.260624617338,42.000640869140625
2052.593855559826,42.00042724609375
2052.931572496891,42.0003662109375
2053.2601967453957,41.99982833862305
2053.598064556718,41.99900817871094
2053.936294466257,41.998748779296875
2054.263098165393,41.99814224243164
2054.6015191823244,41.99754333496094
2054.9290973693132,41.99700164794922
2055.2611514925957,41.99687194824219
2055.594462901354,41.99698257446289
2055.9327330440283,41.99751281738281
2056.259898841381,41.99818420410156
2056.5927777439356,41.99900817871094
2056.9259382784367,42.00022888183594
2057.257107272744,42.001033782958984
2057.5911931693554,42.00281524658203
2057.929362729192,42.0035514831543
2058.2575041800737,42.00471115112305
2058.5949394851923,42.00544357299805
2058.9169554412365,42.007015228271484
2059.2604257166386,42.00741958618164
2059.588496759534,42.008140563964844
2059.926887601614,42.00847625732422
2060.25263518095,42.0088005065918
2060.591770336032,42.008853912353516
2060.918825492263,42.00945281982422
2061.2573672086,42.00946044921875
2061.585247144103,42.0092887878418
2061.9230948388577,42.008731842041016
2062.2599568217993,42.00875473022461
2062.588379904628,42.008087158203125
2062.9207357764244,42.007598876953125
2063.2531318813562,42.00663757324219
2063.5914221405983,42.00564956665039
2063.9192014932632,42.00436782836914
2064.257914200425,42.003440856933594
2064.5851906389,42.002079010009766
2064.922847226262,42.00123977661133
2065.250888094306,42.00043487548828
2065.588776022196,41.999786376953125
2065.9170884639025,41.998939514160156
2066.2541918456554,41.99818801879883
2066.5810357779264,41.99727249145508
2066.9200502336025,41.99592208862305
2067.2469343990088,41.994667053222656
2067.585677281022,41.99259567260742
2067.9123301059008,41.99101638793945
2068.251344561577,41.990657806396484
2068.579164147377,41.99017333984375
2068.9168006181717,41.98946762084961
2069.244258105755,41.989803314208984
2069.5766139775515,41.989688873291016
2069.9104584753513,41.98992919921875
2070.2482659369707,41.99031448364258
2070.5866266041994,41.99061584472656
2070.913229137659,41.9908447265625
2071.2519016116858,41.99142837524414
2071.5793691575527,41.99167251586914
2071.9164825975895,41.99175262451172
2072.244080901146,41.99158477783203
2072.581908479333,41.99131774902344
2072.9109451174736,41.99142074584961
2073.247565701604,41.99161148071289
2073.5753148794174,41.99222183227539
2073.913635313511,41.9929313659668
2074.241092801094,41.994693756103516
2074.579242244363,41.99605178833008
2074.9065589159727,41.99828338623047
2075.2451810985804,42.000064849853516
2075.5723871290684,42.00149917602539
2075.9102046489716,42.00273513793945
2076.2378834187984,42.00452423095703
2076.576555892825,42.005592346191406
2076.897696778178,42.00616455078125
2077.2416096180677,42.00672912597656
2077.569630369544,42.0075569152832
2077.906834334135,42.007877349853516
2078.2343924045563,42.00855255126953
2078.57300452888,42.008575439453125
2078.9100375026464,42.0087776184082
2079.2329486459494,42.008968353271484
2079.5758858323097,42.00927734375
2079.9040876328945,42.009586334228516
2080.241020023823,42.00997543334961
2080.5696442723274,42.009944915771484
2080.907391384244,42.00972366333008
2081.2347885221243,42.00986099243164
2081.5837405622005,42.00978469848633
2081.899671256542,42.00918960571289
2082.2390779852867,42.00813293457031
2082.5660828500986,42.006710052490234
2082.903417572379,42.00580978393555
2083.231297507882,42.00424575805664
2083.5645485669374,42.003231048583984
2083.8974978774786,42.00221252441406
2084.235365688801,42.00076675415039
2084.5635171979666,41.99956512451172
2084.900811687112,41.99846649169922
2085.2234914898872,41.998207092285156
2085.5663783848286,41.99810791015625
2085.894539952278,41.998050689697266
2086.2320456653833,41.9981575012207
2086.560710147023,41.998878479003906
2086.898296326399,41.99948501586914
2087.236103788018,42.000667572021484
2087.5637222081423,42.00137710571289
2087.900835648179,42.00201416015625
2088.229701295495,42.002540588378906
2088.5669857263565,42.00263214111328
2088.895318284631,42.00298309326172
2089.233196154237,42.00333023071289
2089.5597483962774,42.00408172607422
2089.8988533765078,42.004638671875
2090.2258280664682,42.00509262084961
2090.564228966832,42.00492858886719
2090.891706570983,42.00570297241211
2091.2290915846825,42.005943298339844
2091.5574442595243,42.00656509399414
2091.888965293765,42.00685501098633
2092.2212809324265,42.00660705566406
2092.560748010874,42.0059928894043
2092.887591943145,42.0058479309082
2093.226797506213,42.00550842285156
2093.5537420213223,42.00461959838867
2093.8912879675627,42.003665924072266
2094.2192181944847,42.00324630737305
2094.557538628578,42.00302505493164
2094.8857605457306,42.00218200683594
2095.2220290899277,42.00164031982422
2095.560520514846,42.00165557861328
2095.8879478275776,42.00131607055664
2096.2270628660917,42.0004768371582
2096.553333476186,41.99974060058594
2096.8916840851307,41.998416900634766
2097.2196847200394,41.9974365234375
2097.558246552944,41.9970703125
2097.8853218257427,41.99592590332031
2098.2227873057127,41.9958381652832
2098.55118021369,41.99566650390625
2098.8888569176197,41.995216369628906
2099.2165356874466,41.994869232177734
2099.5532266795635,41.994632720947266
2099.8822432011366,41.99409103393555
2100.2202820032835,41.99305725097656
2100.547196343541,41.99125671386719
2100.885848701,41.99006652832031
2101.2126121670008,41.98937225341797
2101.5509124845266,41.98881149291992
2101.8793053925037,41.98933792114258
2102.2164087742567,41.98967361450195
2102.5452442467213,41.990379333496094
2102.8818245977163,41.99077224731445
2103.210398554802,41.990787506103516
2103.5472504794598,41.99085998535156
2103.8863956928253,41.99114990234375
2104.2131189256907,41.990970611572266
2104.5517813414335,41.991825103759766
2104.8789974302053,41.992042541503906
2105.2170362323523,41.99272918701172
2105.5454693734646,41.993656158447266
2105.8765579015017,41.993896484375
2106.2104426324368,41.99492645263672
2106.547475606203,41.99550247192383
2106.875506415963,41.99568176269531
2107.213384285569,41.99560546875
2107.5401578098536,41.99616622924805
2107.879765704274,41.996620178222656
2108.2067605108023,41.997093200683594
2108.5457548499107,41.997352600097656
2108.8721562176943,41.99810791015625
2109.2100743204355,41.99919891357422
2109.538044780493,41.99991226196289
2109.876174107194,42.000797271728516
2110.2033399045467,42.00185775756836
2110.5360981076956,42.00297546386719
2110.8690977096558,42.00459289550781
2111.2070359289646,42.00554656982422
2111.5347046405077,42.006690979003906
2111.8727032095194,42.00792694091797
2112.222309038043,42.0091667175293
2112.5386018306017,42.009952545166016
2112.875483930111,42.011024475097656
2113.2040578871965,42.011695861816406
2113.541553542018,42.01244354248047
2113.8640623539686,42.01315689086914
2114.2072711139917,42.01304244995117
2114.5352717489004,42.013301849365234
2114.873119443655,42.012821197509766
2115.2000337839127,42.0128288269043
2115.532872453332,42.0118293762207
2115.866304561496,42.01067352294922
2116.2045042961836,42.00907516479492
2116.531478986144,42.006591796875
2116.869678720832,42.00410079956055
2117.1978402882814,42.00191116333008
2117.535164952278,41.998680114746094
2117.863789200783,41.99618148803711
2118.200942873955,41.99474334716797
2118.528490886092,41.99358367919922
2118.866680562496,41.99286651611328
2119.194459915161,41.99188995361328
2119.5316839963198,41.991477966308594
2119.8590107262135,41.99159622192383
2120.198367163539,41.99132537841797
2120.5358929932117,41.991634368896484
2120.8637729287148,41.991878509521484
2121.201168000698,41.991615295410156
2121.5291786938906,41.99150848388672
2121.861222758889,41.991363525390625
2122.1949465572834,41.990509033203125
2122.5318789482117,41.98974609375
2122.8600908070803,41.98911666870117
2123.1925170868635,41.98768997192383
2123.5262107104063,41.98624038696289
2123.8629419356585,41.98502731323242
2124.1910733282566,41.98483657836914
2124.5296452194452,41.98493576049805
2124.8573943972588,41.98579788208008
2125.1944575458765,41.98651123046875
2125.5164936184883,41.98754119873047
2125.8612010627985,41.98915481567383
2126.1885177344084,41.990970611572266
2126.525691524148,41.993587493896484
2126.8477376550436,41.9957160949707
2127.190926298499,41.99814987182617
2127.5202244520187,42.00054931640625
2127.857257425785,42.003944396972656
2128.1854894012213,42.00628662109375
2128.5224117338657,42.00778579711914
2128.859766572714,42.009559631347656
2129.188823327422,42.01124572753906
2129.526449739933,42.01272201538086
2129.8542592674494,42.0138053894043
2130.191855505109,42.01459884643555
2130.520348995924,42.01548385620117
2130.858166515827,42.0161247253418
2131.185392662883,42.01657485961914
2131.516531482339,42.016517639160156
2131.8500239402056,42.016868591308594
2132.1889981627464,42.016605377197266
2132.511094585061,42.01682662963867
2132.8544341027737,42.01646041870117
2133.1815395504236,42.01618957519531
2133.519196137786,42.01528549194336
2133.847548812628,42.015159606933594
2134.1850746423006,42.01450729370117
2134.5124818384647,42.01459884643555
2134.850510582328,42.014312744140625
2135.1783502846956,42.01403045654297
2135.516731068492,42.01338577270508
2135.8383245766163,42.0129280090332
2136.1757397651672,42.01252365112305
2136.503579467535,42.01112365722656
2136.8482768535614,42.0103759765625
2137.175764515996,42.009246826171875
2137.50763759017,42.00791549682617
2137.8513995558023,42.00640106201172
2138.1783440709114,42.00544738769531
2138.517861440778,42.00408172607422
2138.8450272381306,42.0035514831543
2139.1820903867483,42.00205993652344
2139.5098093897104,42.00053405761719
2139.847807958722,41.99933624267578
2140.1760902255774,41.99823760986328
2140.5135557055473,41.99684524536133
2140.8409025520086,41.9952278137207
2141.179444268346,41.993927001953125
2141.506891697645,41.99277877807617
2141.8448600918055,41.99101638793945
2142.1721767634153,41.988861083984375
2142.5099037587643,41.98734664916992
2142.849612236023,41.985198974609375
2143.1757621467113,41.98369598388672
2143.5037426650524,41.98243713378906
2143.8417311757803,41.98167037963867
2144.1690377891064,41.98100280761719
2144.5063423365355,41.98088836669922
2144.834614545107,41.98107147216797
2145.171647518873,41.981815338134766
2145.500774681568,41.98185729980469
2145.8379484713078,41.98286437988281
2146.1764097213745,41.98344039916992
2146.504893153906,41.984779357910156
2146.841574087739,41.98511505126953
2147.1694741398096,41.98640441894531
2147.5069396197796,41.98717498779297
2147.834437340498,41.98841094970703
2148.172878473997,41.98933029174805
2148.500195145607,41.990535736083984
2148.838746920228,41.99199295043945
2149.1664458066225,41.993106842041016
2149.5047863572836,41.99477767944336
2149.831761047244,41.996089935302734
2150.170001015067,41.997066497802734
2150.4979513585567,41.99905014038086
2150.835145264864,42.000919342041016
2151.1629045009613,42.00250244140625
2151.495401188731,42.0040168762207
2151.828471198678,42.005470275878906
2152.1658662706614,42.00682067871094
2152.493615448475,42.00803756713867
2152.831080928445,42.00874710083008
2153.158478066325,42.00926971435547
2153.4979552030563,42.010101318359375
2153.8247890770435,42.01095962524414
2154.1632000356913,42.01136016845703
2154.500987380743,42.0119743347168
2154.8284750431776,42.01233673095703
2155.1659505814314,42.012935638427734
2155.494061857462,42.01299285888672
2155.8314871042967,42.013336181640625
2156.1602018773556,42.013607025146484
2156.4974058419466,42.01299285888672
2156.825728341937,42.01300811767578
2157.164169475436,42.0124626159668
2157.4906814843416,42.01190185546875
2157.829474657774,42.01131820678711
2158.1571836024523,42.01078796386719
2158.4951519966125,42.009586334228516
2158.822448551655,42.008663177490234
2159.1597128659487,42.007469177246094
2159.48882997036,42.005767822265625
2159.826134517789,42.00424575805664
2160.1533204317093,42.00297546386719
2160.4909267276525,42.00202560424805
2160.8190681785345,42.00062561035156
2161.1576300114393,41.99959945678711
2161.485117673874,41.99908447265625
2161.8229553103447,41.99788284301758
2162.1497590094805,41.9969367980957
2162.4887332320213,41.99593734741211
2162.8263898193836,41.9951171875
2163.1539177149534,41.99391174316406
2163.4915944188833,41.99259948730469
2163.818931207061,41.991085052490234
2164.15737234056,41.98945236206055
2164.4791770726442,41.988426208496094
2164.8230999708176,41.987239837646484
2165.1443414390087,41.985897064208984
2165.4893908649683,41.98491287231445
2165.8172104507685,41.98490524291992
2166.154022142291,41.98503112792969
2166.4813186973333,41.985198974609375
2166.81409701705,41.98562240600586
2167.146784812212,41.98623275756836
2167.4858193844557,41.98690414428711
2167.8122609853745,41.98781204223633
2168.150943517685,41.98899459838867
2168.4782903641462,41.99018096923828
2168.816027417779,41.99112319946289
2169.1451244056225,41.99209213256836
2169.480859860778,41.994197845458984
2169.8088102042675,41.99553298950195
2170.147794485092,41.997066497802734
2170.474759116769,41.9984245300293
2170.8142362535,41.999942779541016
2171.151339635253,42.00092697143555
2171.478706598282,42.00196838378906
2171.818022802472,42.0027961730957
2172.1452590078115,42.004207611083984
2172.4816784262657,42.00522994995117
2172.8098399937153,42.00602722167969
2173.148150369525,42.00639343261719
2173.4868228435516,42.006771087646484
2173.8137774169445,42.007354736328125
2174.1407118737698,42.00804901123047
2174.4795955717564,42.00804901123047
2174.8070128262043,42.008514404296875
2175.1441162079573,42.00959014892578
2175.4717748612165,42.009769439697266
2175.810145586729,42.00979995727539
2176.138226687908,42.00956726074219
2176.476215198636,42.009639739990234
2176.803944259882,42.008914947509766
2177.141399681568,42.00820541381836
2177.4684347212315,42.007606506347656
2177.807469293475,42.00678634643555
2178.1343434005976,42.00521469116211
2178.4726839512587,42.00411605834961
2178.8002118468285,42.002960205078125
2179.1388742625713,42.00167465209961
2179.475625604391,42.00038146972656
2179.803767055273,41.99933624267578
2180.1409408450127,41.998661041259766
2180.4688308387995,41.99861526489258
2180.8072820305824,41.99827194213867
2181.1353631317616,41.9989013671875
2181.4729794859886,41.99930191040039
2181.7996725440025,41.999305725097656
2182.1390993893147,41.99946975708008
2182.4657320976257,41.99992752075195
2182.803811132908,41.999881744384766
2183.131017163396,42.000282287597656
2183.468844741583,42.0
2183.7977405637503,41.999813079833984
2184.13491435349,41.99960708618164
2184.462633356452,41.999427795410156
2184.8013661801815,41.99944305419922
2185.122386366129,41.998451232910156
2185.466258972883,41.99821853637695
2185.7935052365065,41.997947692871094
2186.131312698126,41.997886657714844
2186.4593636244535,41.99787521362305
2186.7982171475887,41.99746322631836
2187.125885859132,41.99713897705078
2187.4631602317095,41.99706268310547
2187.8005854785442,41.997100830078125
2188.1275601685047,41.9978141784668
2188.46620246768,41.9972038269043
2188.7945149093866,41.99689483642578
2189.132533594966,41.996585845947266
2189.45943787694,41.99657440185547
2189.798180758953,41.99689483642578
2190.12543708086,41.9974479675293
2190.4635965824127,41.9977912902832
2190.7904908061028,41.99815368652344
2191.1286000162363,41.998653411865234
2191.4575461298227,41.999168395996094
2191.794277355075,41.9997673034668
2192.1218052506447,42.000125885009766
2192.4609504640102,42.00096893310547
2192.788065969944,42.001277923583984
2193.1262757629156,42.001705169677734
2193.45326051116,42.001182556152344
2193.7911182641983,42.00160217285156
2194.119159132242,42.0014762878418
2194.4576304405928,42.00093460083008
2194.779133424163,42.00139617919922
2195.121990144253,42.001346588134766
2195.443895459175,42.00058364868164
2195.788623020053,41.99993896484375
2196.1265210062265,41.99932098388672
2196.45405896008,41.998958587646484
2196.7919267714024,41.9981575012207
2197.1192937344313,41.99765396118164
2197.457805275917,41.99759292602539
2197.785484045744,41.99773025512695
2198.1233719736338,41.997920989990234
2198.450457304716,41.997894287109375
2198.7883552908897,41.99831008911133
2199.1167783737183,41.998321533203125
2199.454515427351,41.99805450439453
2199.780796095729,41.99842834472656
2200.113755464554,41.99823760986328
2200.4475094377995,41.99797439575195
2200.7856387645006,41.9980354309082
2201.1133678257465,41.997615814208984
2201.4502599835396,41.996952056884766
2201.778683066368,41.996368408203125
2202.117194607854,41.996124267578125
2202.444340288639,41.99589538574219
2202.7820874005556,41.99573516845703
2203.1097561120987,41.995849609375
2203.4472920000553,41.996002197265625
2203.775091469288,41.99608612060547
2204.1132409125566,41.996402740478516
2204.4509276747704,41.99678039550781
2204.7783851623535,41.9974365234375
2205.1166251301765,41.99805450439453
2205.444595590234,41.999778747558594
2205.781628564,42.00038146972656
2206.1102025210857,42.00104904174805
2206.4475774765015,42.00172805786133
2206.7749444395304,42.00273132324219
2207.114451751113,42.003570556640625
2207.440048456192,42.004173278808594
2207.779213786125,42.004852294921875
2208.106530457735,42.005123138427734
2208.445454388857,42.0057373046875
2208.7720166891813,42.006099700927734
2209.1107796877623,42.006500244140625
2209.4375733286142,42.00675582885742
2209.7755014896393,42.007076263427734
2210.103351250291,42.00769805908203
2210.4408368468285,42.00828170776367
2210.7635468244553,42.00876235961914
2211.107087507844,42.00873947143555
2211.43481656909,42.008567810058594
2211.7733784019947,42.0087776184082
2212.099478021264,42.00932693481445
2212.438552826643,42.00933837890625
2212.7753645181656,42.00887680053711
2213.104471564293,42.00876998901367
2213.441212847829,42.008033752441406
2213.7682277709246,42.00720977783203
2214.106709137559,42.00603485107422
2214.434377849102,42.005802154541016
2214.7737342864275,42.0051155090332
2215.099310874939,42.00400161743164
2215.438908711076,42.00267791748047
2215.766466781497,42.001731872558594
2216.1036003381014,42.0007209777832
2216.431661322713,42.00002670288086
2216.769901290536,41.99877166748047
2217.097871750593,41.997169494628906
2217.4347538501024,41.9967155456543
2217.7629355341196,41.99535369873047
2218.0999886244535,41.99436950683594
2218.427737802267,41.99281692504883
2218.7670338898897,41.99166488647461
2219.094591960311,41.99067306518555
2219.431946799159,41.9898681640625
2219.7598066180944,41.98871612548828
2220.097443088889,41.98847579956055
2220.425483956933,41.987789154052734
2220.7636535167694,41.98786163330078
2221.1007468402386,41.9881591796875
2221.4279629290104,41.988826751708984
2221.760690957308,41.98905944824219
2222.094153240323,41.989322662353516
2222.431940585375,41.98941421508789
2222.75980040431,41.989627838134766
2223.0978693813086,41.989139556884766
2223.4198350459337,41.989112854003906
2223.7636875361204,41.98930740356445
2224.0906722843647,41.989051818847656
2224.428952485323,41.989585876464844
2224.7565507888794,41.989837646484375
2225.094287842512,41.98991012573242
2225.416213274002,41.98981475830078
2225.7536083459854,41.99010467529297
2226.087784767151,41.990142822265625
2226.4259543269873,41.99077224731445
2226.7537638545036,41.99165344238281
2227.0910382270813,41.992393493652344
2227.4131547659636,41.993568420410156
2227.7571581304073,41.995059967041016
2228.085520863533,41.99660873413086
2228.422946110368,41.99879455566406
2228.7503633648157,42.00015640258789
2229.087818786502,42.00223922729492
2229.426672309637,42.003639221191406
2229.7479640692472,42.005714416503906
2230.091182887554,42.007022857666016
2230.4192539304495,42.008033752441406
2230.757775530219,42.0084114074707
2231.0853838920593,42.00975799560547
2231.4228996634483,42.01018142700195
2231.7508298903704,42.01089859008789
2232.088406011462,42.01100158691406
2232.4161652475595,42.01028060913086
2232.7549684792757,42.01011657714844
2233.082355558872,42.00970458984375
2233.4197405725718,42.00935363769531
2233.7478015571833,42.009056091308594
2234.0845830738544,42.00813674926758
2234.4134487211704,42.007572174072266
2234.749848023057,42.0074348449707
2235.0779693573713,42.00740051269531
2235.4160483926535,42.00754928588867
2235.743425413966,42.00785446166992
2236.0809713602066,42.00762176513672
2236.4096760749817,42.00728988647461
2236.747634410858,42.006622314453125
2237.074941024184,42.006099700927734
2237.4124869704247,42.00620651245117
2237.7509985119104,42.00613021850586
2238.0774199962616,42.00630569458008
2238.4170178323984,42.00548553466797
2238.744555786252,42.00545120239258
2239.0829768031836,42.004974365234375
2239.4100923091173,42.004432678222656
2239.7477991878986,42.003971099853516
2240.0759506970644,42.003719329833984
2240.4135771095753,42.00325393676758
2240.7411754131317,42.002532958984375
2241.0782285034657,42.001976013183594
2241.407033801079,42.001468658447266
2241.7441572993994,42.00126647949219
2242.072047293186,42.000606536865234
2242.4102067947388,42.00032043457031
2242.737141251564,42.00053405761719
2243.075602501631,42.00065612792969
2243.403774127364,42.00067138671875
2243.741390481591,42.00064468383789
2244.0686367452145,42.00041580200195
2244.4075506180525,41.999820709228516
2244.7351187467575,41.99954605102539
2245.083376765251,41.9989013671875
2245.3942984342575,41.99861526489258
2245.737597718835,41.99779510498047
2246.070184931159,41.99713897705078
2246.404079720378,41.99684524536133
2246.741686016321,41.99649429321289
2247.0690932124853,41.99648666381836
2247.4077455699444,41.996368408203125
2247.7350421249866,41.9962043762207
2248.0732418596745,41.99618911743164
2248.400166258216,41.99605178833008
2248.7385973334312,41.9958610534668
2249.066125229001,41.99626541137695
2249.404787644744,41.996280670166016
2249.7312493622303,41.99650573730469
2250.069670379162,41.99644088745117
2250.3976810723543,41.99613952636719
2250.7359512150288,41.99668884277344
2251.063458994031,41.99629592895508
2251.401276513934,41.99647521972656
2251.7284624278545,41.99699783325195
2252.066219598055,41.9969596862793
2252.3985251784325,41.99717330932617
2252.732238918543,41.997676849365234
2253.058509528637,41.99779510498047
2253.3972423523664,41.99796676635742
2253.724840655923,41.99843215942383
2254.0636338293552,41.998870849609375
2254.401672631502,41.99872970581055
2254.7288082540035,41.99844741821289
2255.0663743168116,41.99866485595703
2255.3948275744915,41.99881362915039
2255.726358667016,41.99907302856445
2256.0592476278543,41.99967956542969
2256.3917845487595,42.000003814697266
2256.725689396262,42.00010681152344
2257.063687965274,42.00027847290039
2257.3905419558287,42.000797271728516
2257.729395478964,42.00026321411133
2258.057174831629,42.00006103515625
2258.3942279219627,41.99917221069336
2258.7223693728447,41.99877166748047
2259.0597342699766,41.998199462890625
2259.386618435383,41.99728012084961
2259.725994989276,41.99734878540039
2260.0536838173866,41.996952056884766
2260.3906765580177,41.99726486206055
2260.7187375426292,41.99740982055664
2261.0573295503855,41.99773025512695
2261.384917795658,41.998043060302734
2261.7218904197216,41.99827194213867
2262.0502933859825,41.997920989990234
2262.3881109058857,41.99833679199219
2262.7257272601128,41.99870681762695
2263.0534663796425,41.999149322509766
2263.3910324424505,41.99895095825195
2263.718379288912,41.9991569519043
2264.056971296668,41.99897766113281
2264.3849216401577,41.99915313720703
2264.722739160061,41.99876403808594
2265.0498546659946,41.99850845336914
2265.387611836195,41.99823760986328
2265.716517716646,41.99854278564453
2266.0540737211704,41.998863220214844
2266.381501033902,41.998924255371094
2266.7192481458187,41.99905014038086
2267.047882452607,41.99869918823242
2267.385347932577,41.99885177612305
2267.7128456532955,41.99917984008789
2268.0448796600103,41.99901580810547
2268.377949669957,41.99970626831055
2268.7165416777134,41.99983596801758
2269.0442707389593,41.99982833862305
2269.3814244121313,42.000057220458984
2269.709736853838,41.999977111816406
2270.046940818429,42.000099182128906
2270.375645533204,41.999656677246094
2270.71302048862,41.99906539916992
2271.0509587079287,41.99895095825195
2271.378506720066,41.99903106689453
2271.716495230794,41.99898147583008
2272.0446065068245,41.9992561340332
2272.381569072604,41.99917984008789
2272.709157317877,41.99949645996094
2273.046874254942,41.99943923950195
2273.375729843974,42.00010299682617
2273.713205382228,42.00038528442383
2274.0410652011633,42.000892639160156
2274.378802254796,42.000797271728516
2274.707416445017,42.000911712646484
2275.0447511672974,42.00063705444336
2275.371977314353,42.00105667114258
2275.709915533662,42.00128936767578
2276.0378357023,42.00114059448242
2276.3754922896624,42.00141906738281
2276.6972064971924,42.00175476074219
2277.04100869596,42.002166748046875
2277.368777990341,42.00294494628906
2277.7078930288553,42.00299835205078
2278.0353002250195,42.00294494628906
2278.372584655881,42.00324249267578
2278.69995161891,42.00333786010742
2279.0380507707596,42.003204345703125
2279.376894235611,42.00330352783203
2279.7034565359354,42.00358963012695
2280.0415355712175,42.003379821777344
2280.3686913102865,42.0028076171875
2280.7071022689342,42.00286102294922
2281.029450148344,42.00270462036133
2281.3723370432854,42.00150680541992
2281.7003276199102,42.00114059448242
2282.03779309988,42.00090408325195
2282.3671616613865,42.0004768371582
2282.70455673337,42.000057220458984
2283.0322455614805,41.999610900878906
2283.363686129451,41.998958587646484
2283.697248995304,41.999664306640625
2284.035609662533,41.999507904052734
2284.356589615345,41.99995040893555
2284.7007639706135,42.000091552734375
2285.0220054388046,42.000213623046875
2285.3669844567776,42.00007629394531
2285.6948241591454,42.00029754638672
2286.0317565500736,42.00048828125
2286.3596465438604,42.00058364868164
2286.6965286433697,42.000240325927734
2287.0254948735237,42.000152587890625
2287.363624200225,42.00043869018555
2287.694923952222,41.999820709228516
2288.028919324279,41.99942398071289
2288.367370516062,41.99935531616211
2288.6950995773077,41.99948501586914
2289.0327762812376,41.99920654296875
2289.3597811460495,41.999698638916016
2289.697799831629,41.99945068359375
2290.0251366198063,41.99955749511719
2290.3634771704674,41.99977111816406
2290.690441802144,41.99972152709961
2291.0285007208586,41.99993896484375
2291.3570545613766,41.999664306640625
2291.6954554617405,41.99970626831055
2292.0221887528896,41.99946975708008
2292.3539713025093,41.999027252197266
2292.6875945180655,41.99879455566406
2293.024969473481,41.99846649169922
2293.354207277298,41.998260498046875
2293.6910290271044,41.997886657714844
2294.01286393404,41.99797439575195
2294.356796890497,41.99877166748047
2294.6844052523375,41.999149322509766
2295.0223837047815,41.9994010925293
2295.349106937647,42.00028610229492
2295.6878799945116,41.999820709228516
2296.0259590297937,42.00032043457031
2296.3536377996206,42.000404357910156
2296.686064079404,42.0005989074707
2297.017886862159,42.00014114379883
2297.3503936082125,41.999942779541016
2297.684932127595,41.9995231628418
2298.0234034359455,41.99983596801758
2298.349553346634,41.99946975708008
2298.6887086182833,41.99922561645508
2299.016075581312,41.99908447265625
2299.3538931012154,41.998443603515625
2299.681893736124,41.998172760009766
2300.018956884742,41.99738693237305
2300.34595169127,41.99711608886719
2300.6854590028524,41.996788024902344
2301.0129667818546,41.99693298339844
2301.349949464202,41.99688720703125
2301.678282022476,41.99713134765625
2302.015868201852,41.996986389160156
2302.344059944153,41.99761199951172
2302.682229503989,41.997657775878906
2303.009143844247,41.998008728027344
2303.3463176339865,41.998504638671875
2303.6752838641405,41.99875259399414
2304.0128398686647,41.99949264526367
2304.350124299526,42.00042724609375
2304.6785473823547,42.000797271728516
2305.017089098692,42.001468658447266
2305.3438525646925,42.001304626464844
2305.681438744068,42.00177001953125
2306.0099724680185,42.00204086303711
2306.3467741012573,42.00235366821289
2306.6754788160324,42.00286102294922
2307.0127230137587,42.003475189208984
2307.340230792761,42.003944396972656
2307.6779074966908,42.00471496582031
2308.0066725611687,42.00480270385742
2308.344027400017,42.00502014160156
2308.672611415386,42.00553512573242
2309.009765088558,42.00604248046875
2309.337956830859,42.00664138793945
2309.6763778477907,42.00682067871094
2310.0029099732637,42.00708770751953
2310.3412706404924,42.007076263427734
2310.6683157384396,42.00733947753906
2311.005801334977,42.006744384765625
2311.3343350589275,42.00632858276367
2311.672856658697,42.0053596496582
2312.000495195389,42.00505828857422
2312.3389463871717,42.004146575927734
2312.6767337322235,42.00301742553711
2313.003497198224,42.00193405151367
2313.340811803937,42.00104904174805
2313.6688224971294,41.99970245361328
2314.0072032809258,41.999114990234375
2314.3349424004555,41.99869155883789
2314.6722972393036,41.99803924560547
2315.0004990398884,41.99769973754883
2315.338095277548,41.99767303466797
2315.6666692346334,41.99728012084961
2316.004154831171,41.996639251708984
2316.332145407796,41.996829986572266
2316.6811779141426,41.996795654296875
2316.996555402875,41.996681213378906
2317.3346143215895,41.996543884277344
2317.6635403186083,41.99667739868164
2318.00019107759,41.99654006958008
2318.3277290314436,41.99711608886719
2318.6658583581448,41.997161865234375
2318.9939193427563,41.99726486206055
2319.32621486485,41.99751663208008
2319.6592446416616,41.997684478759766
2319.9969213455915,41.997650146484375
2320.3253746032715,41.998573303222656
2320.6631921231747,41.998870849609375
2320.9950149059296,41.99959945678711
2321.327330544591,41.99966049194336
2321.666033193469,42.0012321472168
2321.994486451149,42.001708984375
2322.333088517189,42.00199508666992
2322.659530118108,42.00234603881836
2322.9979813098907,42.003658294677734
2323.3257204294205,42.00373077392578
2323.662783578038,42.004146575927734
2323.9906936883926,42.00440979003906
2324.328350275755,42.004638671875
2324.656803533435,42.004737854003906
2324.994198605418,42.0051383972168
2325.3216963261366,42.00529861450195
2325.6589002907276,42.00551223754883
2325.9871020913124,42.0052490234375
2326.325161010027,42.00508117675781
2326.6532320529222,42.005374908447266
2326.991029456258,42.00558090209961
2327.317752689123,42.00522994995117
2327.6561837643385,42.005287170410156
2327.9840033501387,42.005008697509766
2328.3222131431103,42.004493713378906
2328.6491978913546,42.0042724609375
2328.988493978977,42.00362777709961
2329.3255772441626,42.002593994140625
2329.6531051397324,42.00143051147461
2329.9908321350813,42.000404357910156
2330.318510904908,41.999305725097656
2330.6565195322037,41.99827194213867
2330.984912440181,41.99716567993164
2331.3228707760572,41.99625778198242
2331.6502779722214,41.99425506591797
2331.9879949092865,41.99323654174805
2332.316005602479,41.99197006225586
2332.6539639383554,41.99040222167969
2332.9813811928034,41.988853454589844
2333.3194602280855,41.98815155029297
2333.6465656757355,41.987396240234375
2333.985308557749,41.98637008666992
2334.3127861618996,41.98615646362305
2334.650684148073,41.98536682128906
2334.9779304116964,41.9852180480957
2335.3164318948984,41.98536682128906
2335.6437385082245,41.9858283996582
2335.9813448041677,41.986568450927734
2336.303421109915,41.987403869628906
2336.646891385317,41.988739013671875
2336.97569668293,41.9903450012207
2337.312840297818,41.99155807495117
2337.6508187502623,41.993343353271484
2337.978396937251,41.99470520019531
2338.315389677882,41.99657440185547
2338.6443860828876,41.9986686706543
2338.981630280614,41.99972915649414
2339.3098421394825,42.00141906738281
2339.647217094898,42.00336456298828
2339.974594116211,42.004638671875
2340.3138399124146,42.0062370300293
2340.641076117754,42.007572174072266
2340.9784510731697,42.00832748413086
2341.306572407484,42.00986099243164
2341.643987596035,42.011444091796875
2341.972169280052,42.01213836669922
2342.3089407384396,42.0128288269043
2342.6375046372414,42.01342010498047
2342.9750103503466,42.01487731933594
2343.3031518012285,42.015499114990234
2343.641673400998,42.01576232910156
2343.9685475081205,42.0161247253418
2344.306556135416,42.01565933227539
2344.634013622999,42.015140533447266
2344.973349943757,42.0142707824707
2345.2996406704187,42.013763427734375
2345.637961104512,42.012664794921875
2345.975959673524,42.01152038574219
2346.3029343634844,42.01042175292969
2346.6420996934175,42.00947952270508
2346.968309953809,42.008148193359375
2347.3189417272806,42.00710678100586
2347.6343896239996,42.0057373046875
2347.973595187068,42.00455856323242
2348.3011431992054,42.00342559814453
2348.6382264643908,42.00221633911133
2348.965935409069,41.99995040893555
2349.3033304810524,41.998817443847656
2349.630969017744,41.99752426147461
2349.9680522829294,41.99668884277344
2350.296676531434,41.995059967041016
2350.6352182477713,41.99386978149414
2350.962544977665,41.9931640625
2351.294669508934,41.9924201965332
2351.6269851475954,41.991641998291016
2351.966029778123,41.991050720214844
2352.293899655342,41.99112319946289
2352.6327028870583,41.99081039428711
2352.959245070815,41.99100112915039
2353.2974548637867,41.99050521850586
2353.6253549158573,41.99030303955078
2353.963001444936,41.99055862426758
2354.2850978672504,41.990718841552734
2354.6284675598145,41.99091720581055
2354.9664359539747,41.99156188964844
2355.2933704108,41.99199295043945
2355.631912127137,41.99298858642578
2355.9603452682495,41.99427032470703
2356.297579407692,41.995567321777344
2356.6249262541533,41.99649429321289
2356.9634176790714,41.99767303466797
2357.285574451089,41.99879455566406
2357.628773152828,41.999420166015625
2357.955888658762,41.9998664855957
2358.2950942218304,42.00007247924805
2358.6221493780613,42.00092697143555
2358.9592929929495,42.00176239013672
2359.281751513481,42.002262115478516
2359.624980390072,42.002723693847656
2359.952498227358,42.0037727355957
2360.2918948978186,42.004417419433594
2360.617984458804,42.005680084228516
2360.9501995146275,42.006534576416016
2361.284225061536,42.00737762451172
2361.623289808631,42.007877349853516
2361.9493693113327,42.00880432128906
2362.288273125887,42.00871658325195
2362.61573061347,42.00923156738281
2362.953346967697,42.00928497314453
2363.291637226939,42.009483337402344
2363.6189237236977,42.009132385253906
2363.9569122344255,42.00892639160156
2364.284148439765,42.0080680847168
2364.6224789321423,42.00684356689453
2364.9444244802,42.006614685058594
2365.288669243455,42.00564193725586
2365.6158551573753,42.004615783691406
2365.9535821527243,42.00371551513672
2366.281421855092,42.00231170654297
2366.618847101927,42.00193405151367
2366.946556046605,42.00100326538086
2367.285258695483,42.00041961669922
2367.612374201417,41.99952697753906
2367.95132830739,41.998870849609375
2368.277619034052,41.99855041503906
2368.6156276613474,41.99796676635742
2368.944000452757,41.998146057128906
2369.2826125770807,41.997928619384766
2369.6093659847975,41.997772216796875
2369.9466101825237,41.99730682373047
2370.274731516838,41.997379302978516
2370.612347871065,41.99739456176758
2370.9402579814196,41.997161865234375
2371.2789807468653,41.996665954589844
2371.6162148863077,41.9967155456543
2371.9442155212164,41.996673583984375
2372.2813591361046,41.997222900390625
2372.6093094795942,41.996788024902344
2372.946533560753,41.99644470214844
2373.274976760149,41.99694061279297
2373.6126333475113,41.99720764160156
2373.940060660243,41.99767303466797
2374.2794673889875,41.99756622314453
2374.6052853763103,41.99849319458008
2374.943706393242,41.998416900634766
2375.2715159207582,41.99876403808594
2375.6109930574894,41.99900817871094
2375.937022268772,41.999271392822266
2376.275523751974,41.9993782043457
2376.6038462519646,41.99967956542969
2376.940607652068,42.00014877319336
2377.2681053727865,42.000335693359375
2377.6059832423925,42.00098419189453
2377.946003526449,42.0018196105957
2378.2718416303396,42.0025520324707
2378.600123897195,42.00335693359375
2378.9375491440296,42.00384521484375
2379.265358671546,42.00459671020508
2379.6040311455727,42.00490188598633
2379.941114410758,42.0052375793457
2380.268783122301,42.0055046081543
2380.6066308170557,42.00525665283203
2380.9287171810865,42.005435943603516
2381.27264007926,42.005313873291016
2381.599574536085,42.0049934387207
2381.937884911895,42.00492858886719
2382.2649501264095,42.004478454589844
2382.6038740575314,42.004180908203125
2382.931210845709,42.003849029541016
2383.262772113085,42.003684997558594
2383.5969787091017,42.003623962402344
2383.935309201479,42.003318786621094
2384.2627566307783,42.0035400390625
2384.6001517027617,42.003108978271484
2384.9278908222914,42.002647399902344
2385.266160964966,42.002113342285156
2385.5936888605356,42.00168991088867
2385.9258837997913,42.001277923583984
2386.2584106624126,42.000328063964844
2386.5913297981024,41.99994659423828
2386.924198642373,41.99945068359375
2387.2636154294014,41.99896240234375
2387.590891867876,41.99809646606445
2387.928608804941,41.99736022949219
2388.2655914872885,41.99729537963867
2388.5947085916996,41.99699783325195
2388.9322847127914,41.99659729003906
2389.259098470211,41.995975494384766
2389.5974792540073,41.99562072753906
2389.9247758090496,41.9952392578125
2390.2633477002382,41.994930267333984
2390.584911033511,41.994476318359375
2390.922446921468,41.994239807128906
2391.2505883723497,41.994197845458984
2391.5945012122393,41.99374008178711
2391.922964528203,41.99369812011719
2392.2598768025637,41.99370574951172
2392.5879277288914,41.993934631347656
2392.925312742591,41.99411392211914
2393.252559006214,41.994136810302734
2393.5914427042007,41.99401092529297
2393.9192824065685,41.993648529052734
2394.2503809928894,41.99357604980469
2394.583782926202,41.9937744140625
2394.922787323594,41.99372100830078
2395.250466093421,41.99437713623047
2395.5882735550404,41.9947509765625
2395.9154292941093,41.995723724365234
2396.2533976882696,41.99654769897461
2396.5856831520796,41.99724578857422
2396.9179585576057,41.99831008911133
2397.25104868412,41.999027252197266
2397.5843399763107,42.000022888183594
2397.9228012263775,42.00110626220703
2398.250248655677,42.00139617919922
2398.588176816702,42.00236892700195
2398.915895819664,42.00278854370117
2399.2529690265656,42.00358963012695
2399.582166597247,42.00423049926758
2399.9184150248766,42.00452423095703
2400.2409741282463,42.00513458251953
2400.585128366947,42.00596237182617
2400.9121030569077,42.00616455078125
2401.250584423542,42.00600051879883
2401.5778206288815,42.005985260009766
2401.9149139523506,42.006500244140625
2402.243397384882,42.00642013549805
2402.581315487623,42.00616455078125
2402.90878303349,42.00619888305664
2403.2469626516104,42.00589370727539
2403.57533544302,42.006072998046875
2403.912418708205,42.0061149597168
2404.2405501008034,42.005706787109375
2404.57737185061,42.00517654418945
2404.9167685210705,42.005271911621094
2405.2438739687204,42.005008697509766
2405.585191771388,42.004764556884766
2405.9090986847878,42.004207611083984
2406.2468357384205,42.003902435302734
2406.574856489897,42.00325393676758
2406.912875175476,42.002864837646484
2407.2410568594933,42.0020751953125
2407.577969133854,42.001712799072266
2407.9059295356274,42.00124740600586
2408.2446925342083,42.00092697143555
2408.572029322386,42.000370025634766
2408.909323811531,41.99987030029297
2409.237525612116,41.99935531616211
2409.5744378864765,41.99921798706055
2409.896896407008,41.9986572265625
2410.24100035429,41.99839401245117
2410.5622820556164,41.9973030090332
2410.9066274017096,41.99732971191406
2411.234275996685,41.99686050415039
2411.5719728171825,41.99720764160156
2411.900546774268,41.99720764160156
2412.2316855937243,41.99729919433594
2412.5655502080917,41.997344970703125
2412.9037600010633,41.997493743896484
2413.241094723344,41.99760055541992
2413.563171029091,41.9981575012207
2413.906118273735,41.998199462890625
2414.2346922308207,41.99860763549805
2414.572610333562,41.99869918823242
2414.9005003273487,41.999393463134766
2415.2373522520065,41.999420166015625
2415.565624460578,41.999691009521484
2415.897960215807,42.00018310546875
2416.2312917411327,41.99983215332031
2416.56962223351,41.99999237060547
2416.896788030863,42.000267028808594
2417.235178872943,42.00038146972656
2417.562847584486,42.000614166259766
2417.90061481297,42.00059509277344
2418.227981775999,42.000762939453125
2418.5659904032946,42.001220703125
2418.894614651799,42.00151062011719
2419.231929257512,42.001625061035156
2419.5588435977697,42.00149154663086
2419.896288961172,42.001285552978516
2420.2239979058504,42.0010986328125
2420.562720671296,42.0009765625
2420.8902083337307,42.00095748901367
2421.2220914661884,42.00114822387695
2421.5652599930763,42.000553131103516
2421.8946285545826,42.000770568847656
2422.2323153167963,42.00069808959961
2422.5595615804195,42.000953674316406
2422.897459566593,42.00148391723633
2423.224886879325,42.00151443481445
2423.5637202858925,42.00204086303711
2423.8907050341368,42.002567291259766
2424.228261038661,42.00258255004883
2424.5556984096766,42.0027961730957
2424.894642457366,42.0026741027832
2425.221697613597,42.00341796875
2425.559374317527,42.002777099609375
2425.881762430072,42.002681732177734
2426.22543387115,42.00263977050781
2426.5531729906797,42.00166320800781
2426.891252025962,42.00119400024414
2427.2191721946,42.00117492675781
2427.5567281991243,42.000732421875
2427.8837632387877,42.000125885009766
2428.2231096178293,41.9996223449707
2428.5496819764376,41.999290466308594
2428.887700662017,41.99892044067383
2429.209002479911,41.998863220214844
2429.5524828135967,41.99830627441406
2429.891537502408,41.99827194213867
2430.212738737464,41.997982025146484
2430.5502343922853,41.99759292602539
2430.8845818042755,41.99763107299805
2431.222530081868,41.99783706665039
2431.550631299615,41.997901916503906
2431.8885695189238,41.99785614013672
2432.2159867733717,41.99863815307617
2432.553593069315,41.99897003173828
2432.881000265479,41.99909973144531
2433.219501748681,41.99901580810547
2433.546395972371,41.99909973144531
2433.8845655322075,41.99920654296875
2434.212415292859,41.99932861328125
2434.551439806819,41.9992790222168
2434.8771672695875,41.999656677246094
2435.215910151601,42.000221252441406
2435.543307289481,42.00005340576172
2435.8822513371706,42.000606536865234
2436.20990999043,42.00054931640625
2436.5413203835487,42.000064849853516
2436.8743300437927,42.00046157836914
2437.2122682631016,42.00038528442383
2437.5405605882406,42.0003547668457
2437.878166884184,42.00029373168945
2438.209868967533,42.0005989074707
2438.543773815036,42.00053405761719
2438.882737979293,42.00069046020508
2439.204281195998,42.00031661987305
2439.5471177995205,42.000797271728516
2439.8754000663757,42.000492095947266
2440.213006362319,42.00080108642578
2440.539800003171,42.001075744628906
2440.878050029278,42.00065994262695
2441.206644102931,42.00041580200195
2441.5437676012516,42.00032043457031
2441.871617361903,42.00018310546875
2442.210802808404,42.000221252441406
2442.537174001336,42.00059127807617
2442.8756956011057,42.00053787231445
2443.2025596499443,42.000431060791016
2443.5408901423216,42.00101089477539
2443.8683073967695,42.001468658447266
2444.207241386175,42.00175476074219
2444.534568116069,42.002105712890625
2444.871822372079,42.002410888671875
2445.199501141906,42.00260925292969
2445.5369163304567,42.0029182434082
2445.8643335849047,42.00251770019531
2446.2028853595257,42.00189208984375
2446.5410348027945,42.0020751953125
2446.8696992844343,42.00233840942383
2447.2068328410387,42.00202178955078
2447.5346725434065,42.00154113769531
2447.8723995387554,42.0019645690918
2448.200661689043,42.0020866394043
2448.537252098322,42.002342224121094
2448.865333199501,42.001731872558594
2449.203160777688,42.00191879272461
2449.5417527854443,42.00136184692383
2449.8690593987703,42.001068115234375
2450.196335837245,42.000362396240234
2450.534364581108,42.00000762939453
2450.862153992057,41.99955749511719
2451.199498772621,41.999263763427734
2451.5276603400707,41.998905181884766
2451.865980774164,41.99951934814453
2452.1941624581814,41.999664306640625
2452.5312457233667,41.999698638916016
2452.8591256588697,41.999454498291016
2453.1970135867596,41.99943542480469
2453.5248834639788,41.99919128417969
2453.8633346557617,41.99955749511719
2454.1900981217623,41.99943542480469
2454.527513310313,41.99959182739258
2454.8651698976755,41.99961853027344
2455.193904787302,41.999420166015625
2455.5322855710983,41.999473571777344
2455.858928337693,41.99930953979492
2456.197399646044,41.99920654296875
2456.5250784158707,41.998958587646484
2456.862845644355,41.99901580810547
2457.190775871277,41.999088287353516
2457.5284525752068,41.99936294555664
2457.85527639091,41.99932861328125
2458.18869844079,41.99974060058594
2458.515703305602,42.00027084350586
2458.860209584236,42.000614166259766
2459.1813907027245,42.00057601928711
2459.525454416871,42.00106430053711
2459.8537165671587,42.00160217285156
2460.1912926882505,42.002037048339844
2460.5184484273195,42.00208282470703
2460.855843499303,42.00223159790039
2461.1835826188326,42.0020751953125
2461.5162201225758,42.00241470336914
2461.843788251281,42.002262115478516
2462.187147885561,42.002017974853516
2462.515068054199,42.00156784057617
2462.854193150997,42.00150680541992
2463.191729038954,42.001583099365234
2463.5184019804,42.001495361328125
2463.8566318899393,42.00141906738281
2464.1843006014824,42.00202560424805
2464.5161032676697,42.00193405151367
2464.8502495139837,42.00252151489258
2465.1879463344812,42.00300216674805
2465.5093487352133,42.00344467163086
2465.853824838996,42.00342559814453
2466.1818858236074,42.003639221191406
2466.5137991309166,42.0037956237793
2466.8461952358484,42.00424575805664
2467.1846263110638,42.00453186035156
2467.5121039152145,42.00479507446289
2467.850796505809,42.00477981567383
2468.177328631282,42.00456237792969
2468.5102075338364,42.00459289550781
2468.8435088843107,42.004642486572266
2469.1823925822973,42.0045051574707
2469.509930536151,42.00384521484375
2469.8411397635937,42.0036735534668
2470.1743103563786,42.00320816040039
2470.512268692255,42.00294876098633
2470.8397161215544,42.00248336791992
2471.178760752082,42.00189971923828
2471.515642851591,42.0014533996582
2471.8439050018787,42.00137710571289
2472.181772813201,42.000797271728516
2472.510387003422,42.00022888183594
2472.8479832410812,41.99976348876953
2473.1751892715693,41.99937438964844
2473.512554168701,41.99880599975586
2473.8400116562843,41.998313903808594
2474.1796899586916,41.997886657714844
2474.5052564889193,41.997650146484375
2474.844281002879,41.99732208251953
2475.171587616205,41.99697494506836
2475.5096666514874,41.99677276611328
2475.836842507124,41.99657440185547
2476.1746399104595,41.99665069580078
2476.503264158964,41.99635314941406
2476.840629056096,41.99623107910156
2477.168358117342,41.99665832519531
2477.505260333419,41.996246337890625
2477.8345987200737,41.996177673339844
2478.171581402421,41.99606704711914
2478.4999541938305,41.995750427246094
2478.83755043149,41.99562454223633
2479.164846986532,41.9957389831543
2479.502986371517,41.99632263183594
2479.8408441245556,41.99615478515625
2480.168452486396,41.9964714050293
2480.5066421628,41.996517181396484
2480.8342706412077,41.996795654296875
2481.172339618206,41.99663543701172
2481.499485298991,41.99720764160156
2481.8371821194887,41.99744415283203
2482.1651123464108,41.997074127197266
2482.4978303164244,41.997535705566406
2482.831021025777,41.997657775878906
2483.168526738882,41.99766540527344
2483.496416732669,41.997737884521484
2483.833610638976,41.998077392578125
2484.1623958200216,41.99867630004883
2484.5003742724657,41.99907302856445
2484.8276004195213,41.9993782043457
2485.1650055497885,42.00015640258789
2485.48830896616,42.000892639160156
2485.8314774930477,42.00164794921875
2486.159538477659,42.0022087097168
2486.4967424422503,42.00259780883789
2486.8247732520103,42.00331115722656
2487.1631238609552,42.0039176940918
2487.489917501807,42.00428771972656
2487.8283586353064,42.005149841308594
2488.1651803851128,42.00577926635742
2488.493412360549,42.006168365478516
2488.831591978669,42.00660705566406
2489.1595020890236,42.00739288330078
2489.4970279186964,42.00739288330078
2489.8249480873346,42.007999420166016
2490.1637613773346,42.008216857910156
2490.490323677659,42.00826644897461
2490.828563645482,42.00823974609375
2491.155628859997,42.00777053833008
2491.4931043982506,42.007484436035156
2491.8220706284046,42.00714874267578
2492.1536821871996,42.006622314453125
2492.4865007400513,42.005516052246094
2492.8193394094706,42.00446701049805
2493.152791634202,42.004058837890625
2493.49128305912,42.003108978271484
2493.8186299055815,42.001869201660156
2494.155864045024,42.001068115234375
2494.4842770695686,42.000247955322266
2494.8212698101997,41.99970626831055
2495.149189978838,41.998783111572266
2495.4873092472553,41.9976806640625
2495.8092246204615,41.996368408203125
2496.1534090340137,41.995853424072266
2496.492262557149,41.994659423828125
2496.818995848298,41.99357986450195
2497.1567429602146,41.992942810058594
2497.483828291297,41.99269104003906
2497.8220380842686,41.99221420288086
2498.1497772037983,41.9920539855957
2498.4878662973642,41.992027282714844
2498.8144889473915,41.99202346801758
2499.1539157927036,41.991947174072266
2499.48058873415,41.9920768737793
2499.8194623738527,41.99220657348633
2500.1464873552322,41.99213409423828
2500.4837315529585,41.99241256713867
2500.812567025423,41.992855072021484
2501.1500123888254,41.993160247802734
2501.4772083610296,41.993896484375
2501.8148750066757,41.99429702758789
2502.142634242773,41.99443435668945
2502.481920272112,41.99536895751953
2502.809267118573,41.99612808227539
2503.1467627733946,41.99672317504883
2503.4744415432215,41.9973030090332
2503.8129530847073,41.99772644042969
2504.1403502225876,41.99839401245117
2504.4779665768147,41.998680114746094
2504.8152711242437,41.99924850463867
2505.14371432364,41.999691009521484
2505.4812904447317,41.99928665161133
2505.809683352709,41.99986267089844
2506.1471689492464,42.00004196166992
2506.475390866399,42.0005989074707
2506.8130373954773,42.0008544921875
2507.140977680683,42.00147247314453
2507.4786845594645,42.0020751953125
2507.8056793659925,42.002689361572266
2508.14316496253,42.00321960449219
2508.4717389196157,42.0041618347168
2508.809767663479,42.00443649291992
2509.1376677155495,42.00505065917969
2509.4744190573692,42.005226135253906
2509.803707152605,42.00568771362305
2510.14070995152,42.005950927734375
2510.4681875556707,42.00661849975586
2510.8058240264654,42.00648498535156
2511.1338146030903,42.00686264038086
2511.472798883915,42.006927490234375
2511.7934368550777,42.00676345825195
2512.1378425508738,42.00664138793945
2512.4648474156857,42.005977630615234
2512.8027454018593,42.0057373046875
2513.1412770599127,42.005550384521484
2513.4687144309282,42.00507354736328
2513.8001650571823,42.00482177734375
2514.134271070361,42.00450897216797
2514.472360163927,42.004146575927734
2514.8003809154034,42.00411605834961
2515.137554705143,42.00370407104492
2515.4658772051334,42.00326156616211
2515.803211927414,42.00263977050781
2516.1312326788902,42.00191116333008
2516.4696034044027,42.00141525268555
2516.796477511525,42.00011444091797
2517.1284310519695,41.99967956542969
2517.4622755497694,41.999141693115234
2517.8011994808912,41.998329162597656
2518.1280232965946,41.99825668334961
2518.466394022107,41.99785232543945
2518.793398886919,41.9973030090332
2519.131186231971,41.99671173095703
2519.4601222872734,41.99586486816406
2519.7959281504154,41.995155334472656
2520.124300941825,41.99507141113281
2520.4619877040386,41.99406051635742
2520.79025991261,41.99354934692383
2521.1288318037987,41.9935188293457
2521.465301513672,41.99386978149414
2521.794157102704,41.99394226074219
2522.1313409507275,41.99493408203125
2522.459100186825,41.99516677856445
2522.7965354919434,41.995948791503906
2523.1257431209087,41.99638748168945
2523.463198542595,41.99751663208008
2523.79013299942,41.99837112426758
2524.1277895867825,41.99917221069336
2524.4556292891502,41.99956130981445
2524.793165177107,42.0003776550293
2525.1162070780993,42.00069808959961
2525.460009276867,42.001312255859375
2525.781411677599,42.00169372558594
2526.125042885542,42.00218200683594
2526.4533653855324,42.002357482910156
2526.7907202243805,42.00236129760742
2527.118368819356,42.00205993652344
2527.455613017082,42.00204086303711
2527.7833320200443,42.00189971923828
2528.122668340802,42.0015983581543
2528.4502867609262,42.00160598754883
2528.7876315414906,42.002105712890625
2529.114968329668,42.00234603881836
2529.4532988220453,42.00233459472656
2529.7907944768667,42.00299835205078
2530.1185939460993,42.00316619873047
2530.4563712328672,42.00315475463867
2530.7838287204504,42.00326919555664
2531.1224810779095,42.00313949584961
2531.4496368169785,42.00286102294922
2531.7873638123274,42.0030403137207
2532.1152839809656,42.002567291259766
2532.452890276909,42.002201080322266
2532.7808506786823,42.00154113769531
2533.1192515790462,42.001136779785156
2533.4469705820084,42.00114440917969
2533.783842623234,42.000770568847656
2534.1124065220356,42.000579833984375
2534.450566023588,42.000640869140625
2534.7775708884,42.000606536865234
2535.1159919053316,42.00031280517578
2535.442765429616,42.000640869140625
2535.7811965048313,42.000389099121094
2536.1089557409286,42.00055694580078
2536.4404264837503,42.00041198730469
2536.774341389537,42.00020980834961
2537.1130742132664,42.00069808959961
2537.4404210597277,42.00027084350586
2537.778117880225,41.99930953979492
2538.1153520196676,41.999237060546875
2538.4431213140488,41.99923324584961
2538.7823469936848,41.99956512451172
2539.1097139567137,41.99954605102539
2539.446897804737,41.99880599975586
2539.774737507105,41.99917984008789
2540.113741904497,41.9992790222168
2540.4347117990255,41.99958419799805
2540.778061375022,41.99935531616211
2541.0998962819576,41.9993896484375
2541.4433162659407,41.999671936035156
2541.7718902230263,41.99941635131836
2542.1097680926323,41.999305725097656
2542.4375876784325,42.00015640258789
2542.7748318761587,42.00064468383789
2543.1024502962828,42.00102233886719
2543.4411227703094,42.0013542175293
2543.7680169939995,42.00154113769531
2544.106226786971,42.00166320800781
2544.4331008940935,42.0018310546875
2544.7662010788918,42.00177001953125
2545.100236684084,42.00176239013672
2545.4378731548786,42.00179672241211
2545.7590140402317,42.001705169677734
2546.1027558892965,42.001712799072266
2546.4405935257673,42.00166320800781
2546.7682622373104,42.00112533569336
2547.1059791743755,42.0009880065918
2547.4340200424194,42.001190185546875
2547.7722600102425,42.00104904174805
2548.1003511697054,42.001319885253906
2548.4373439103365,42.001312255859375
2548.7589474767447,42.001033782958984
2549.103282764554,42.0013427734375
2549.4316957890987,42.00129699707031
2549.7691713273525,42.00132751464844
2550.0965986400843,42.00091552734375
2550.43376237154,42.000797271728516
2550.762738659978,42.000457763671875
2551.100405305624,42.00032424926758
2551.4274705201387,41.99943923950195
2551.7757788300514,41.99935531616211
2552.0923733711243,41.99909973144531
2552.4316795170307,41.998435974121094
2552.7590665966272,41.99854278564453
2553.0963711440563,41.99867248535156
2553.4186083823442,41.99858474731445
2553.7629537284374,41.998477935791016
2554.090863838792,41.998878479003906
2554.428842291236,41.99915313720703
2554.7662373632193,41.998779296875
2555.0874084234238,41.99860382080078
2555.431743711233,41.998958587646484
2555.759382247925,41.998863220214844
2556.0970589518547,41.99897766113281
2556.4245264977217,41.99849319458008
2556.76301792264,41.99837875366211
2557.0895299315453,41.99850082397461
2557.4281822890043,41.998435974121094
2557.7563136816025,41.998573303222656
2558.094372600317,41.998512268066406
2558.4220111370087,41.99827194213867
2558.7598387151957,41.99835205078125
2559.0881813317537,41.99861526489258
2559.424741566181,41.998435974121094
2559.752943366766,41.99860763549805
2560.090831294656,41.998313903808594
2560.4184295982122,41.99812316894531
2560.755553096533,41.99787139892578
2561.077870801091,41.99766540527344
2561.421451717615,41.997352600097656
2561.7490500211716,41.9974365234375
2562.0881248265505,41.997623443603516
2562.4143954366446,41.997901916503906
2562.7529975026846,41.99782943725586
2563.0804549902678,41.998077392578125
2563.4176790714264,41.9981689453125
2563.755848631263,41.99864959716797
2564.0838995575905,41.998592376708984
2564.422330632806,41.9991569519043
2564.749788120389,41.99898910522461
2565.0882594287395,41.99877166748047
2565.4161896556616,41.998779296875
2565.7528806477785,41.999000549316406
2566.0812333226204,41.998844146728516
2566.419141367078,41.99892807006836
2566.7462568730116,41.99898147583008
2567.0836821198463,41.99977111816406
2567.406864836812,41.99995040893555
2567.7501037716866,42.00063705444336
2568.077380210161,42.0007438659668
2568.4148155152798,42.00121307373047
2568.742836266756,42.00211715698242
2569.0817300230265,42.0023193359375
2569.408956170082,42.00303649902344
2569.746582582593,42.00300979614258
2570.0744926929474,42.002864837646484
2570.4119984060526,42.003501892089844
2570.7398783415556,42.00425720214844
2571.0773035883904,42.00416564941406
2571.405605971813,42.00392532348633
2571.74293063581,42.00387954711914
2572.0812510699034,42.00432205200195
2572.4089700728655,42.004634857177734
2572.7471999824047,42.004581451416016
2573.073983564973,42.004215240478516
2573.411710560322,42.00446319580078
2573.740405216813,42.004486083984375
2574.0778002887964,42.00461959838867
2574.3999872356653,42.004337310791016
2574.743276461959,42.004058837890625
2575.0715889036655,42.003753662109375
2575.4094164818525,42.00349426269531
2575.7377188652754,42.00311279296875
2576.0743997991085,42.00314712524414
2576.402098685503,42.0025749206543
2576.7409320920706,42.0023193359375
2577.068681269884,42.00234603881836
2577.4066396057606,42.001800537109375
2577.7281124144793,42.00162124633789
2578.071904554963,42.0014533996582
2578.399593383074,42.00114440917969
2578.737773001194,42.00030517578125
2579.0652707219124,41.99979019165039
2579.4024646282196,41.99919128417969
2579.729801416397,41.998817443847656
2580.068866163492,41.99783706665039
2580.40614053607,41.99757385253906
2580.7284481823444,41.99713897705078
2581.0730550438166,41.996734619140625
2581.4005628228188,41.996238708496094
2581.737796962261,41.99644470214844
2582.0654656738043,41.996253967285156
2582.4137538671494,41.99623107910156
2582.7311228960752,41.996253967285156
2583.0627646297216,41.996437072753906
2583.396629244089,41.99607849121094
2583.7341148406267,41.99650192260742
2584.0622060000896,41.99643325805664
2584.40067730844,41.996795654296875
2584.7278632223606,41.996665954589844
2585.0651778280735,41.99711608886719
2585.3934701532125,41.997314453125
2585.732202976942,41.9978141784668
2586.0594794154167,41.99864196777344
2586.396572738886,41.99899673461914
2586.7242615669966,41.99905776977539
2587.061767280102,41.99934387207031
2587.3898282647133,41.99972152709961
2587.728349864483,41.999420166015625
2588.055354729295,41.9989128112793
2588.393634930253,41.99889373779297
2588.7316334992647,41.99964904785156
2589.060066640377,41.99958801269531
2589.3972102552652,41.99991226196289
2589.7250700742006,42.000247955322266
2590.061831474304,42.00017166137695
2590.3913408517838,42.000892639160156
2590.729047730565,42.00139617919922
2591.0547751933336,42.00162887573242
2591.3934979587793,42.00209045410156
2591.7209453880787,42.00212478637695
2592.060100659728,42.0026969909668
2592.3818349838257,42.00303649902344
2592.7192501723766,42.00305938720703
2593.0525213479996,42.002803802490234
2593.391163647175,42.00285339355469
2593.7184501439333,42.002445220947266
2594.056599587202,42.002830505371094
2594.3847309798,42.00336837768555
2594.7215527296066,42.00349426269531
2595.0498651713133,42.003082275390625
2595.3815169632435,42.0029296875
2595.7156732678413,42.00278854370117
2596.0467115044594,42.002471923828125
2596.381974220276,42.00193405151367
2596.7187758535147,42.00168991088867
2597.0569856464863,42.001399993896484
2597.383839637041,42.000999450683594
2597.72177785635,42.00091552734375
2598.050844669342,42.00080871582031
2598.388108983636,42.00053405761719
2598.715003207326,42.00065612792969
2599.053132534027,42.00019073486328
2599.3822898715734,42.00007629394531
2599.7192423790693,42.000083923339844
2600.0463981181383,41.99938201904297
2600.3841754049063,41.99947738647461
2600.7125582545996,41.99947738647461
2601.04917883873,41.999813079833984
2601.3781752437353,41.99982833862305
2601.714775711298,41.99937057495117
2602.042353898287,41.99940872192383
2602.3821730166674,41.99911117553711
2602.7085542678833,41.999000549316406
2603.0466333031654,41.99999237060547
2603.373758867383,41.99959945678711
2603.71200889349,41.999961853027344
2604.039265215397,41.99959182739258
2604.3771732598543,41.999664306640625
2604.7051034867764,41.99995040893555
2605.0433233380318,42.00026321411133
2605.3814224898815,41.999698638916016
2605.7087291032076,41.99990463256836
2606.047160178423,42.00001907348633
2606.37462772429,42.00030517578125
2606.711821630597,41.999542236328125
2607.0410192012787,41.999977111816406
2607.377941533923,42.00003433227539
2607.7052380889654,42.0003776550293
2608.0437395721674,42.000125885009766
2608.365785703063,42.00068283081055
2608.7092861533165,42.001033782958984
2609.0365525335073,42.0010871887207
2609.374510869384,42.001312255859375
2609.7025115042925,42.00140380859375
2610.0408419966698,42.001441955566406
2610.368037968874,42.00149917602539
2610.7054330408573,42.00151443481445
2611.033071577549,42.0010986328125
2611.370738223195,42.00155258178711
2611.699855327606,42.0013313293457
2612.036757543683,42.00140380859375
2612.358723208308,42.00141143798828
2612.7027567476034,42.00154113769531
2613.031391054392,42.00157165527344
2613.3690275251865,42.00141143798828
2613.7058794498444,42.000789642333984
2614.034091308713,42.000789642333984
2614.3714662641287,42.00062561035156
2614.6996680647135,42.00015640258789
2615.038028731942,41.999305725097656
2615.3647117316723,41.99864196777344
2615.702921524644,41.998558044433594
2616.030338779092,41.998085021972656
2616.3634590804577,41.99748611450195
2616.6965693235397,41.997314453125
2617.033964395523,41.997222900390625
2617.3618342727423,41.9970817565918
2617.7008789032698,41.99713134765625
2618.0284067988396,41.99692153930664
2618.3658320456743,41.99729537963867
2618.6871640384197,41.997337341308594
2619.0307449549437,41.99752426147461
2619.357991218567,41.997867584228516
2619.697528705001,41.997920989990234
2620.0184784829617,41.99834442138672
2620.356296002865,41.998558044433594
2620.6895168870687,41.99849319458008
2621.0281793028116,41.998863220214844
2621.355164051056,41.99895477294922
2621.6933738440275,41.99955368041992
2622.0309901982546,41.999473571777344
2622.3593328148127,41.99971389770508
2622.6979047060013,41.99949264526367
2623.0236422270536,42.000328063964844
2623.373429104686,41.9998779296875
2623.6895609647036,42.000370025634766
2624.028706178069,41.99991226196289
2624.356545880437,42.00026321411133
2624.6941320598125,42.00077819824219
2625.0152830034494,42.000877380371094
2625.358783453703,42.0009880065918
2625.687488168478,42.001319885253906
2626.023967936635,42.00110626220703
2626.3532258570194,42.00099182128906
2626.6902588307858,42.0004768371582
2627.0183198153973,42.00019073486328
2627.3500319570303,42.00017166137695
2627.6835445314646,41.999813079833984
2628.021754324436,41.999755859375
2628.3494129776955,41.999576568603516
2628.6865767091513,41.99944305419922
2629.0150802582502,41.99945831298828
2629.3515600264072,41.99928665161133
2629.6812303364277,41.99869155883789
2630.018001794815,41.99879455566406
2630.3567346185446,41.99864959716797
2630.6839004158974,41.99873733520508
2631.0216072946787,41.998565673828125
2631.349255889654,41.99897766113281
2631.6872745752335,41.99833679199219
2632.0152550935745,41.99852752685547
2632.3535051196814,41.99864959716797
2632.6813850551844,41.998722076416016
2633.018247038126,41.99876403808594
2633.3465192466974,41.9992561340332
2633.6834214627743,41.99862289428711
2634.011160582304,41.99869918823242
2634.3495815992355,41.998741149902344
2634.6775017678738,41.99870681762695
2635.015470162034,41.9982795715332
2635.3426057845354,41.9986457824707
2635.6810368597507,41.9994010925293
2636.0088765621185,41.9996223449707
2636.346120759845,41.99961471557617
2636.6735883057117,41.99995040893555
2637.011546641588,42.00014877319336
2637.3398892581463,42.000213623046875
2637.677415087819,42.000511169433594
2638.0060091614723,42.000877380371094
2638.343444466591,42.00104904174805
2638.681835308671,42.00104904174805
2639.009302854538,42.001625061035156
2639.3471002578735,42.001583099365234
2639.6742660552263,42.00193405151367
2640.0068935006857,42.00191116333008
2640.3406474739313,42.001983642578125
2640.6776301562786,42.002132415771484
2641.0055302083492,42.00246810913086
2641.3434080779552,42.002647399902344
2641.6707046329975,42.003204345703125
2642.0092161744833,42.00316619873047
2642.3372369259596,42.003204345703125
2642.673958092928,42.00312423706055
2643.0035680532455,42.00358963012695
2643.3407317847013,42.003665924072266
2643.668259680271,42.00380325317383
2644.0061274915934,42.0036735534668
2644.333202764392,42.003753662109375
2644.6711108088493,42.003814697265625
2644.99901086092,42.0038948059082
2645.3369189053774,42.00377655029297
2645.664255693555,42.00353240966797
2646.0037127137184,42.003360748291016
2646.331401541829,42.00306701660156
2646.6688971966505,42.00313186645508
2647.005718946457,42.002925872802734
2647.333950921893,42.00326919555664
2647.671376168728,42.002803802490234
2647.9998897761106,42.00286102294922
2648.337606713176,42.002784729003906
2648.665416240692,42.00309371948242
2649.002620205283,42.00274658203125
2649.3312142789364,42.0020751953125
2649.6685288846493,42.00154495239258
2649.996167421341,42.00132751464844
2650.3341861069202,42.00108337402344
2650.661563128233,42.00067138671875
2651.000155135989,42.0
2651.327984780073,41.9996223449707
2651.665158569813,41.999229431152344
2651.9924953579903,41.998592376708984
2652.330031245947,41.998477935791016
2652.658886834979,41.99842071533203
2652.9967546463013,41.99811553955078
2653.3240612596273,41.99751663208008
2653.661174699664,41.99738693237305
2654.0013559162617,41.998016357421875
2654.3275762349367,41.997581481933594
2654.655546694994,41.99733352661133
2654.9925193190575,41.9970588684082
2655.331413075328,41.99727249145508
2655.652926117182,41.997108459472656
2655.997170880437,41.997005462646484
2656.3185833394527,41.997337341308594
2656.662677228451,41.997440338134766
2656.9904766976833,41.99752426147461
2657.328173518181,41.997833251953125
2657.6558623462915,41.99739456176758
2657.9929556697607,41.997737884521484
2658.321439102292,41.9981689453125
2658.6597695946693,41.998287200927734
2658.986935392022,41.99876403808594
2659.324863553047,41.99928665161133
2659.652914479375,41.99969482421875
2659.9915266036987,41.999393463134766
2660.318621993065,41.999813079833984
2660.655825957656,41.99998474121094
2660.983796417713,41.99990463256836
2661.321422830224,41.99991989135742
2661.650348827243,42.00026321411133
2661.9875326752663,42.00044631958008
2662.3142156749964,42.000633239746094
2662.6525159925222,42.00063705444336
2662.9800740629435,42.00079345703125
2663.319058343768,42.000362396240234
2663.6508610099554,42.000762939453125
2663.982693850994,42.001041412353516
2664.315804094076,42.000877380371094
2664.649648591876,42.00025177001953
2664.987476170063,42.000579833984375
2665.3155975043774,42.000694274902344
2665.6525298953056,42.00080490112305
2665.9801181405783,42.00069046020508
2666.318850964308,42.000579833984375
2666.6463285684586,42.0005989074707
2666.984498128295,42.00029754638672
2667.31248870492,42.000064849853516
2667.6491394639015,41.99974060058594
2667.9778039455414,41.99947738647461
2668.3158226311207,41.99950408935547
2668.643229827285,41.999107360839844
2668.974941968918,41.99869155883789
2669.3087965250015,41.998531341552734
2669.646553695202,41.99834442138672
2669.9732065200806,41.99826431274414
2670.311687886715,41.997982025146484
2670.6399399787188,41.99794387817383
2670.9778279066086,41.998443603515625
2671.3055066764355,41.99850845336914
2671.643042564392,41.998435974121094
2671.9806287437677,41.99832534790039
2672.309162467718,41.99825668334961
2672.6408544927835,41.99795150756836
2672.9743368923664,41.99797439575195
2673.312345519662,41.99823760986328
2673.6396219581366,41.99846649169922
2673.9781737327576,41.99833679199219
2674.306234717369,41.998294830322266
2674.6440321207047,41.99845886230469
2674.9715700745583,41.99884796142578
2675.3093272447586,41.99905014038086
2675.636935606599,41.99932861328125
2675.974712893367,41.999305725097656
2676.303055509925,41.99974060058594
2676.6404908150434,41.99987030029297
2676.968239992857,41.999759674072266
2677.3070834577084,41.99961471557617
2677.633072435856,41.99921417236328
2677.971503511071,41.999698638916016
2678.2985989004374,41.99958419799805
2678.637643530965,41.9996452331543
2678.9654932916164,42.000160217285156
2679.302606731653,41.99990463256836
2679.6298932284117,41.99983215332031
2679.9692295491695,41.99951934814453
2680.306212231517,41.99909210205078
2680.634333565831,41.99905776977539
2680.971195548773,41.99867630004883
2681.298914551735,41.99827194213867
2681.6376976668835,41.998558044433594
2681.9658491760492,41.99779510498047
2682.2968170046806,41.998050689697266
2682.6249685138464,41.998680114746094
2682.9689517617226,41.9980354309082
2683.2966808229685,41.998451232910156
2683.6342569440603,41.99824523925781
2683.9618250727654,41.998374938964844
2684.299300611019,41.99806594848633
2684.6284579485655,41.998130798339844
2684.9662452936172,41.997779846191406
2685.2924656122923,41.998085021972656
2685.625072941184,41.997779846191406
2685.9584145247936,41.99752426147461
2686.2966746091843,41.9973030090332
2686.623216792941,41.997581481933594
2686.9560454040766,41.99763107299805
2687.2894171625376,41.997650146484375
2687.627063691616,41.99796676635742
2687.956200912595,41.9980354309082
2688.292771205306,41.99822235107422
2688.625117018819,41.99877166748047
2688.959052041173,41.99892807006836
2689.297342300415,41.99937057495117
2689.6236028522253,41.99932098388672
2689.9623457342386,41.999935150146484
2690.289994329214,42.000003814697266
2690.6275402754545,42.000572204589844
2690.955601260066,42.000492095947266
2691.2932377308607,42.00111389160156
2691.620282828808,42.00131607055664
2691.95949845016,42.001644134521484
2692.286644130945,42.00160598754883
2692.624944448471,42.00212860107422
2692.9523315280676,42.001914978027344
2693.2903099805117,42.00200271606445
2693.618481606245,42.00212478637695
2693.9558766782284,42.00263977050781
2694.283354282379,42.00259017944336
2694.6220971643925,42.00260925292969
2694.9487801641226,42.00303268432617
2695.287040248513,42.002830505371094
2695.6144273281097,42.00285339355469
2695.9522750228643,42.00247573852539
2696.279863268137,42.002376556396484
2696.6191694140434,42.00240707397461
2696.9558905810118,42.00230407714844
2697.283247485757,42.00243377685547
2697.6221915334463,42.00236129760742
2697.9436241090298,42.002166748046875
2698.287345841527,42.00221252441406
2698.615547642112,42.0025749206543
2698.9525001496077,42.002681732177734
2699.2800883948803,42.00275421142578
2699.6182780712843,42.003108978271484
2699.9467615038157,42.00299835205078
2700.2839252352715,42.00282287597656
2700.612650066614,42.00309371948242
2700.9442918002605,42.002994537353516
2701.271678879857,42.002540588378906
2701.6157526522875,42.0025520324707
2701.9371651113033,42.00251770019531
2702.281178534031,42.002174377441406
2702.6090282946825,42.00238800048828
2702.9464334249496,42.00270462036133
2703.2732773572206,42.002132415771484
2703.606226667762,42.00182342529297
2703.939075395465,42.001617431640625
2704.2778082191944,42.00168991088867
2704.5992206782103,42.00152587890625
2704.9437571316957,42.000816345214844
2705.280528590083,42.00031280517578
2705.6085493415594,42.000213623046875
2705.9471011161804,41.9998779296875
2706.26831240952,41.99984359741211
2706.605999171734,41.99905776977539
2706.9394413381815,41.99905014038086
2707.2787575423717,41.99837875366211
2707.6002303510904,41.99814224243164
2707.9441733658314,41.9971809387207
2708.271500095725,41.99727249145508
2708.608442544937,41.99683380126953
2708.936221897602,41.996761322021484
2709.269080683589,41.996665954589844
2709.602200984955,41.99635314941406
2709.9405515938997,41.99632263183594
2710.267848148942,41.996089935302734
2710.606460273266,41.9959602355957
2710.9324995428324,41.99665069580078
2711.2709507346153,41.996124267578125
2711.5986797958612,41.996299743652344
2711.9379457086325,41.996795654296875
2712.2656043618917,41.99661636352539
2712.6015711575747,41.99660873413086
2712.9311207681894,41.996551513671875
2713.2683750241995,41.99653244018555
2713.607007265091,41.996395111083984
2713.933438807726,41.99702453613281
2714.271477609873,41.9968376159668
2714.599246904254,41.9973258972168
2714.9367827922106,41.99736022949219
2715.265829488635,41.9980583190918
2715.6023394316435,41.998268127441406
2715.92972651124,41.99835205078125
2716.2688113749027,41.998538970947266
2716.5954641997814,41.998504638671875
2716.9345892965794,41.99837875366211
2717.2608699649572,41.99845886230469
2717.599542438984,41.998008728027344
2717.927623540163,41.9978141784668
2718.2664569467306,41.99760818481445
2718.592968955636,41.997928619384766
2718.9315911382437,41.998313903808594
2719.2584451287985,41.99810028076172
2719.5959709584713,41.998619079589844
2719.9233379215,41.99893569946289
2720.261286199093,41.999549865722656
2720.5903328955173,41.999237060546875
2720.9281504154205,41.99949264526367
2721.2555073201656,41.99959182739258
2721.5927314013243,42.00044250488281
2721.93010635674,42.00014877319336
2722.25855961442,41.999969482421875
2722.596890106797,41.99989318847656
2722.9242369532585,41.999908447265625
2723.2619035989046,41.999664306640625
2723.5898338258266,41.99990463256836
2723.9281341433525,41.9995002746582
2724.2550686001778,41.99959945678711
2724.5931778103113,41.99993133544922
2724.920243024826,41.99945068359375
2725.258734449744,41.99959945678711
2725.5981110036373,41.99922180175781
2725.925135985017,41.998836517333984
2726.253156736493,41.99895095825195
2726.5908032655716,41.99885177612305
2726.9187536090612,41.999149322509766
2727.2555552423,41.99938201904297
2727.5834552943707,41.99897003173828
2727.921574562788,41.99853515625
2728.249816596508,41.99806594848633
2728.587070852518,41.9976806640625
2728.914638981223,41.99739456176758
2729.2518127709627,41.99726104736328
2729.5796021819115,41.99675369262695
2729.9188278615475,41.99673080444336
2730.2557703107595,41.99614715576172
2730.5849075317383,41.996002197265625
2730.920894443989,41.9960823059082
2731.249438226223,41.99592208862305
2731.5874066203833,41.99593734741211
2731.9153670221567,41.995975494384766
2732.2525911033154,41.99541091918945
2732.579766958952,41.995121002197266
2732.9185601323843,41.99484634399414
2733.2462087273598,41.99418258666992
2733.58417712152,41.993412017822266
2733.9117854833603,41.99248123168945
2734.2501763254404,41.991817474365234
2734.5775835216045,41.99166488647461
2734.9149383604527,41.99076461791992
2735.2426271885633,41.990570068359375
2735.5796199291945,41.99086380004883
2735.9080631285906,41.99065399169922
2736.246494203806,41.990882873535156
2736.573800817132,41.99040603637695
2736.9125336408615,41.9907341003418
2737.238824367523,41.99072265625
2737.578110396862,41.99114990234375
2737.9049241542816,41.991363525390625
2738.243395462632,41.99217224121094
2738.5814242064953,41.99217224121094
2738.9026153832674,41.99300003051758
2739.2462868243456,41.9935417175293
2739.5744383335114,41.99474334716797
2739.912326261401,41.9959831237793
2740.2399949729443,41.99631118774414
2740.5779533088207,41.9969367980957
2740.9062456339598,41.99877166748047
2741.242815926671,41.99958419799805
2741.571369767189,42.00082015991211
2741.9099919497967,42.0020751953125
2742.23660454154,42.003173828125
2742.575216665864,42.005184173583984
2742.896307259798,42.006343841552734
2743.2401798665524,42.007476806640625
2743.568291142583,42.00873947143555
2743.906209245324,42.010433197021484
2744.23301294446,42.01132583618164
2744.5710115134716,42.011993408203125
2744.8989015072584,42.012638092041016
2745.236960425973,42.012969970703125
2745.5654338002205,42.01286697387695
2745.902396366,42.012939453125
2746.230024844408,42.01249313354492
2746.568154171109,42.01203155517578
2746.9069473445415,42.011451721191406
2747.2343243658543,42.010589599609375
2747.5714176893234,42.00954055786133
2747.8991266340017,42.00880432128906
2748.236742988229,42.007808685302734
2748.5659204423428,42.0074462890625
2748.903124406934,42.00632858276367
2749.2250096052885,42.00510787963867
2749.5683189481497,42.003456115722656
2749.895404279232,42.00236129760742
2750.2340264618397,42.00077819824219
2750.56256018579,41.999114990234375
2750.8939303457737,41.99806213378906
2751.2276843190193,41.996238708496094
2751.5654414892197,41.99551010131836
2751.8924362957478,41.995155334472656
2752.230615913868,41.99388122558594
2752.558918297291,41.99306869506836
2752.896786108613,41.992427825927734
2753.2248068600893,41.991939544677734
2753.5628255456686,41.991764068603516
2753.889951109886,41.99128341674805
2754.226863384247,41.991050720214844
2754.5548740774393,41.99060821533203
2754.89355660975,41.99048614501953
2755.2251279354095,41.99005889892578
2755.559143424034,41.989845275878906
2755.896920710802,41.98981475830078
2756.2358647584915,41.9898796081543
2756.5625075250864,41.98921585083008
2756.8895123898983,41.988563537597656
2757.227762416005,41.988311767578125
2757.5555317103863,41.98817443847656
2757.887475192547,41.98828125
2758.2206457853317,41.988468170166016
2758.559076860547,41.98895263671875
2758.886554464698,41.989742279052734
2759.225870668888,41.99087905883789
2759.552201628685,41.992408752441406
2759.8899487406015,41.993350982666016
2760.2181505411863,41.99440383911133
2760.556088760495,41.99658203125
2760.8830332756042,41.99825668334961
2761.2203780561686,42.0003662109375
2761.5490827709436,42.00168228149414
2761.8873227387667,42.003135681152344
2762.214729934931,42.004188537597656
2762.552125006914,42.00556564331055
2762.8802563995123,42.00646209716797
2763.218556717038,42.007633209228516
2763.5556299239397,42.007991790771484
2763.8838317245245,42.00893020629883
2764.220844581723,42.00959014892578
2764.54831212759,42.0103759765625
2764.8877188563347,42.0108528137207
2765.214643254876,42.01211929321289
2765.5525613576174,42.0121955871582
2765.8807530999184,42.01210021972656
2766.218701377511,42.0123291015625
2766.5462795645,42.012001037597656
2766.8834634125233,42.01175308227539
2767.2117456793785,42.01181411743164
2767.5492715090513,42.01124572753906
2767.8715389221907,42.01073455810547
2768.2149086147547,42.01006317138672
2768.5425974428654,42.00983810424805
2768.880917876959,42.0095100402832
2769.209471717477,42.00871276855469
2769.546253234148,42.00822830200195
2769.8738515377045,42.00761032104492
2770.211759582162,42.007503509521484
2770.539639517665,42.00672149658203
2770.877557620406,42.0059928894043
2771.2060913443565,42.0048713684082
2771.5435668826103,42.00422286987305
2771.8811128288507,42.00266647338867
2772.2092643380165,42.001922607421875
2772.5408356636763,42.000518798828125
2772.86858484149,41.99922180175781
2773.2128497213125,41.99802017211914
2773.534121364355,41.9969596862793
2773.8777223974466,41.99577331542969
2774.205692857504,41.99443435668945
2774.538239836693,41.993873596191406
2774.870776757598,41.9930534362793
2775.209439173341,41.992164611816406
2775.5363434553146,41.991363525390625
2775.874764472246,41.99111557006836
2776.201467588544,41.990108489990234
2776.540632918477,41.98905563354492
2776.868211105466,41.988677978515625
2777.205143496394,41.988128662109375
2777.5340996682644,41.98795700073242
2777.8705090284348,41.9876594543457
2778.199314326048,41.98689651489258
2778.537292778492,41.986846923828125
2778.8648307323456,41.986934661865234
2779.2014110833406,41.98701095581055
2779.5299649238586,41.98663330078125
2779.8677925020456,41.98626708984375
2780.1958736032248,41.98635482788086
2780.5343851447105,41.9875602722168
2780.872303247452,41.98812484741211
2781.1995897442102,41.98954391479492
2781.536602601409,41.9904670715332
2781.8648647516966,41.99110794067383
2782.2029538452625,41.99225616455078
2782.5250402092934,41.993255615234375
2782.868530601263,41.99402618408203
2783.1955052912235,41.995487213134766
2783.5343688726425,41.99702072143555
2783.8615246117115,41.998626708984375
2784.193417802453,42.000511169433594
2784.5276042819023,42.00196075439453
2784.8644461482763,42.003379821777344
2785.193010047078,42.00490951538086
2785.5302341282368,42.00730514526367
2785.858466103673,42.00883483886719
2786.1969776451588,42.010231018066406
2786.524233967066,42.011863708496094
2786.862051486969,42.01351547241211
2787.188945710659,42.01425552368164
2787.5275678932667,42.014747619628906
2787.8547236323357,42.014991760253906
2788.1927222013474,42.0153694152832
2788.5202199220657,42.015419006347656
2788.8588923960924,42.015499114990234
2789.1970820724964,42.01569747924805
2789.52348344028,42.01609802246094
2789.8621156811714,42.01625061035156
2790.189643576741,42.01656723022461
2790.5275717377663,42.01669692993164
2790.8552203327417,42.01673889160156
2791.193440183997,42.01582717895508
2791.520243883133,42.015750885009766
2791.85878559947,42.015777587890625
2792.18723885715,42.01559066772461
2792.5246339291334,42.01484298706055
2792.8519908338785,42.0142936706543
2793.1892450898886,42.013492584228516
2793.5179598629475,42.01275634765625
2793.8552744686604,42.012168884277344
2794.182862713933,42.01079559326172
2794.521303847432,42.009376525878906
2794.848308712244,42.008914947509766
2795.187433809042,42.00754928588867
2795.514740422368,42.00612258911133
2795.852115377784,42.00459671020508
2796.1798444390297,42.00385665893555
2796.512431651354,42.0029296875
2796.8460347503424,42.00162887573242
2797.194503992796,41.99961471557617
2797.5206941366196,41.998592376708984
2797.8489864617586,41.99688720703125
2798.1872364878654,41.99573516845703
2798.515086248517,41.99415969848633
2798.85374866426,41.993011474609375
2799.179858341813,41.99237823486328
2799.5188023895025,41.99153518676758
2799.8459078371525,41.99055862426758
2800.1840975135565,41.99005889892578
2800.511796399951,41.98938751220703
2800.84910094738,41.988525390625
2801.177876070142,41.98813247680664
2801.515180617571,41.987213134765625
2801.8429297953844,41.9868049621582
2802.18051597476,41.986083984375
2802.508868649602,41.985382080078125
2802.846525236964,41.985206604003906
2803.1741738319397,41.98509216308594
2803.512252867222,41.98469161987305
2803.839599713683,41.984378814697266
2804.1780710220337,41.98414993286133
2804.499292373657,41.98400115966797
2804.843084514141,41.984256744384766
2805.1710851490498,41.984249114990234
2805.5083997547626,41.98457336425781
2805.8466397225857,41.98592758178711
2806.174911931157,41.9866828918457
2806.5057389438152,41.98749923706055
2806.8400863558054,41.988853454589844
2807.17814527452,41.99040985107422
2807.505602762103,41.99180603027344
2807.8434504568577,41.99297332763672
2808.17053578794,41.99437713623047
2808.50871540606,41.996253967285156
2808.836132660508,41.997467041015625
2809.174332395196,41.99888610839844
2809.501840174198,42.000030517578125
2809.839526936412,42.00115966796875
2810.1675678044558,42.00214767456055
2810.5060894042253,42.00266647338867
2810.8276024460793,42.003448486328125
2811.1709620803595,42.00388717651367
2811.499183997512,42.0046501159668
2811.837051808834,42.0048828125
2812.164821103215,42.00559616088867
2812.5021658837795,42.006099700927734
2812.8302671015263,42.006622314453125
2813.167491182685,42.00740051269531
2813.5005209594965,42.008243560791016
2813.8335909694433,42.00865936279297
2814.171116799116,42.0095329284668
2814.49958011508,42.010040283203125
2814.837498217821,42.01054000854492
2815.16579054296,42.01094055175781
2815.502903982997,42.011451721191406
2815.8300396054983,42.01129913330078
2816.1677666008472,42.01155090332031
2816.4951536804438,42.01081466674805
2816.8287970125675,42.011016845703125
2817.1561740338802,42.010780334472656
2817.4935188144445,42.01003646850586
2817.8274136036634,42.00949478149414
2818.158994987607,42.008689880371094
2818.49298030138,42.007266998291016
2818.8306469470263,42.00556945800781
2819.1519990563393,42.0045051574707
2819.491134211421,42.00290298461914
2819.818611815572,42.00117492675781
2820.1614785939455,42.00033950805664
2820.4834543168545,41.99917221069336
2820.828453451395,41.99811553955078
2821.1561925709248,41.997314453125
2821.493175253272,41.99582290649414
2821.8207735568285,41.995338439941406
2822.158842533827,41.99406814575195
2822.4967304617167,41.99327850341797
2822.825012728572,41.9921989440918
2823.1626391410828,41.99174880981445
2823.489925637841,41.991451263427734
2823.822170868516,41.99159240722656
2824.155442044139,41.99125671386719
2824.49336014688,41.991336822509766
2824.8207975178957,41.991493225097656
2825.158705562353,41.991580963134766
2825.485861301422,41.99221420288086
2825.8188609033823,41.99290084838867
2826.1512469500303,41.993927001953125
2826.48437730968,41.99501037597656
2826.8177088350058,41.99589920043945
2827.1563310176134,41.99728775024414
2827.4774216115475,41.99783706665039
2827.8324991464615,41.999263763427734
2828.1489830464125,42.00011444091797
2828.487776219845,42.00044631958008
2828.8148917257786,42.00102615356445
2829.152397438884,42.00155258178711
2829.479744285345,42.001441955566406
2829.8177428543568,42.00184631347656
2830.145924538374,42.002437591552734
2830.477888137102,42.00266647338867
2830.821841210127,42.00287628173828
2831.1434347182512,42.00286865234375
2831.4869955182076,42.00300979614258
2831.8156097084284,42.003238677978516
2832.1532160043716,42.003536224365234
2832.4799090623856,42.003902435302734
2832.8184608370066,42.00428009033203
2833.1461295485497,42.00414276123047
2833.484299108386,42.00425338745117
2833.8115353137255,42.00398635864258
2834.148759394884,42.00398635864258
2834.4767801463604,42.00392532348633
2834.81509052217,42.0032958984375
2835.143795236945,42.003360748291016
2835.47987267375,42.003150939941406
2835.8074206858873,42.0025520324707
2836.1463144421577,42.00250244140625
2836.474284902215,42.00217056274414
2836.8126455694437,42.00153350830078
2837.139690667391,42.00077819824219
2837.4773673713207,42.00065612792969
2837.805076315999,42.00071334838867
2838.142592087388,41.99983215332031
2838.470210507512,41.99958419799805
2838.8074345886707,41.99916076660156
2839.14680108428,41.998878479003906
2839.4735746085644,41.99848556518555
2839.812468364835,41.99895095825195
2840.1389200240374,41.998863220214844
2840.4780853539705,41.99853515625
2840.805995464325,41.99846649169922
2841.142535582185,41.99846649169922
2841.4710491895676,41.998016357421875
2841.808534786105,41.99760818481445
2842.1307619661093,41.996986389160156
2842.4741618335247,41.99651336669922
2842.8016997873783,41.99551773071289
2843.139446899295,41.99489212036133
2843.4687852859497,41.99470138549805
2843.805757910013,41.99415969848633
2844.133587554097,41.99359130859375
2844.471515715122,41.9925537109375
2844.798259064555,41.99174880981445
2845.1376758515835,41.99108123779297
2845.464549958706,41.990638732910156
2845.802427828312,41.98950958251953
2846.1300060153008,41.98915100097656
2846.46760225296,41.98845291137695
2846.7957336455584,41.988380432128906
2847.134245187044,41.98807144165039
2847.471569851041,41.98833084106445
2847.7993089705706,41.98891067504883
2848.1378205120564,41.989776611328125
2848.464624211192,41.98950958251953
2848.80240149796,41.990657806396484
2849.124487861991,41.9918212890625
2849.4675558060408,41.99287414550781
2849.7959788888693,41.99403762817383
2850.134349614382,41.99512481689453
2850.4619982093573,41.99619674682617
2850.799433514476,41.99666976928711
2851.1269815266132,41.99762725830078
2851.4655735343695,41.99892044067383
2851.79326236248,41.99943542480469
2852.1310597658157,42.00054931640625
2852.457682415843,42.00149154663086
2852.7962140738964,42.001617431640625
2853.124365583062,42.00274658203125
2853.4614086151123,42.002933502197266
2853.790022805333,42.00331115722656
2854.1268948465586,42.004024505615234
2854.455126821995,42.0051155090332
2854.792833700776,42.00581359863281
2855.120502412319,42.00641632080078
2855.458179116249,42.00682830810547
2855.797042697668,42.00697326660156
2856.1184249818325,42.006935119628906
2856.4621567726135,42.00688552856445
2856.7899964749813,42.006832122802734
2857.1274317801,42.00687789916992
2857.455402240157,42.006980895996094
2857.7931493520737,42.00687026977539
2858.121522143483,42.00595474243164
2858.4699511528015,42.0058479309082
2858.7865859270096,42.006099700927734
2859.1183986514807,42.006107330322266
2859.452072158456,42.00578689575195
2859.790090844035,42.00548553466797
2860.117005184293,42.00566864013672
2860.4560397565365,42.00578689575195
2860.783628001809,42.005279541015625
2861.1213952302933,42.005332946777344
2861.448983475566,42.0049934387207
2861.786851286888,42.00475311279297
2862.114590406418,42.004215240478516
2862.4529510736465,42.003517150878906
2862.780710309744,42.003021240234375
2863.11745159328,42.0019645690918
2863.444919139147,42.0014762878418
2863.7838430702686,42.000797271728516
2864.121278375387,41.99984359741211
2864.443103224039,41.99815368652344
2864.7874284535646,41.99751663208008
2865.1153285056353,41.99673080444336
2865.453015267849,41.9958610534668
2865.780010074377,41.99513244628906
2866.118260100484,41.99470138549805
2866.4464619010687,41.99456787109375
2866.784732043743,41.99429702758789
2867.1115659177303,41.993812561035156
2867.443147301674,41.993289947509766
2867.776408419013,41.9930534362793
2868.1159157305956,41.9930534362793
2868.443141877651,41.99259948730469
2868.7810499221087,41.99246597290039
2869.108708575368,41.99294662475586
2869.4462846964598,41.99357604980469
2869.7738125920296,41.993896484375
2870.1058465987444,41.99453353881836
2870.4391580075026,41.99488830566406
2870.7714937627316,41.99605941772461
2871.105458959937,41.996124267578125
2871.4438900351524,41.996681213378906
2871.7695269733667,41.99727249145508
2872.1090342849493,41.99782943725586
2872.445835918188,41.99831008911133
2872.7750435471535,41.99882888793945
2873.1120966374874,41.9993782043457
2873.4403487294912,41.99989318847656
2873.777250945568,42.000831604003906
2874.1047486662865,42.00180435180664
2874.4433104991913,42.00239944458008
2874.7708786278963,42.0030632019043
2875.1095309853554,42.00387954711914
2875.4369381815195,42.004722595214844
2875.7747758179903,42.00572204589844
2876.1014085263014,42.007057189941406
2876.439517736435,42.007720947265625
2876.7663918435574,42.0080451965332
2877.105748280883,42.008277893066406
2877.4327732622623,42.008731842041016
2877.7704298496246,42.0089111328125
2878.0990038067102,42.00912857055664
2878.4372840076685,42.00912857055664
2878.7643492221832,42.00910949707031
2879.1022673249245,42.00875473022461
2879.4301070272923,42.00879669189453
2879.767109826207,42.008426666259766
2880.0958950072527,42.008182525634766
2880.4337225854397,42.00735092163086
2880.7721938937902,42.006248474121094
2881.0988668352365,42.0049934387207
2881.4371168613434,42.004188537597656
2881.765067204833,42.00260925292969
2882.102633267641,42.00156784057617
2882.429748773575,42.0005989074707
2882.7677875757217,41.99906539916992
2883.0964017659426,41.99796676635742
2883.4341388195753,41.99723815917969
2883.7612342089415,41.99679183959961
2884.098941087723,41.995689392089844
2884.427223354578,41.99488830566406
2884.7653225064278,41.99435806274414
2885.09283028543,41.9937858581543
2885.4297928512096,41.993255615234375
2885.7577733695507,41.992950439453125
2886.090290173888,41.9920654296875
2886.423561349511,41.991886138916016
2886.7621030658484,41.99201965332031
2887.0890878140926,41.99222183227539
2887.4264426529408,41.992034912109375
2887.755650281906,41.992130279541016
2888.0932565778494,41.99225616455078
2888.4208749979734,41.992271423339844
2888.758471235633,41.99201965332031
2889.091209322214,41.99221420288086
2889.424691721797,41.99213409423828
2889.7620867937803,41.99195098876953
2890.089202299714,41.992164611816406
2890.426939353347,41.992977142333984
2890.7557044178247,41.99314880371094
2891.092586517334,41.99367904663086
2891.4211202412844,41.994686126708984
2891.7588371783495,41.995418548583984
2892.0867171138525,41.99585723876953
2892.424112185836,41.99665069580078
2892.752605676651,41.997371673583984
2893.0901918560266,41.99821090698242
2893.417639285326,41.99960708618164
2893.75582896173,42.0005989074707
2894.0779756754637,42.001182556152344
2894.4211039692163,42.0019645690918
2894.7487726807594,42.00294494628906
2895.0870126485825,42.00413131713867
2895.415133982897,42.00493240356445
2895.7525491714478,42.00559997558594
2896.080408990383,42.00612258911133
2896.4177437126637,42.00642776489258
2896.746176853776,42.006919860839844
2897.0833506435156,42.0067138671875
2897.420946881175,42.00685501098633
2897.749078273773,42.00674819946289
2898.0864834040403,42.00703811645508
2898.4150372445583,42.00740051269531
2898.752734065056,42.007354736328125
2899.0797389298677,42.0079345703125
2899.429374933243,42.007938385009766
2899.7468646615744,42.00758743286133
2900.084048509598,42.00786590576172
2900.4119988530874,42.00727081298828
2900.74859932065,42.00691223144531
2901.076378673315,42.006919860839844
2901.415614411235,42.00600051879883
2901.74318253994,42.005367279052734
2902.080326154828,42.004981994628906
2902.408356964588,42.00422668457031
2902.746295183897,42.003509521484375
2903.074185177684,42.002410888671875
2903.412002697587,42.00141525268555
2903.73946018517,42.00058364868164
2904.077026247978,41.99988555908203
2904.4058617204428,41.99885177612305
2904.743407666683,41.99795150756836
2905.069477111101,41.99712371826172
2905.408089235425,41.99623107910156
2905.7467315346003,41.99542236328125
2906.074510887265,41.99421691894531
2906.4118154346943,41.99372863769531
2906.7393835633993,41.993141174316406
2907.077533006668,41.9924430847168
2907.4051816016436,41.99177169799805
2907.743250578642,41.991371154785156
2908.070506900549,41.99079513549805
2908.402591198683,41.99042892456055
2908.736355230212,41.98988723754883
2909.0750377625227,41.98978042602539
2909.40279699862,41.98973846435547
2909.73954834044,41.989986419677734
2910.0674483925104,41.99104309082031
2910.405708476901,41.99184036254883
2910.7337594032288,41.992862701416016
2911.071828380227,41.9937629699707
2911.3993864506483,41.99504089355469
2911.7366809397936,41.996253967285156
2912.0640881359577,41.99775695800781
2912.4029517173767,41.99866485595703
2912.729161977768,42.00004959106445
2913.0612563341856,42.00098419189453
2913.3951511234045,42.001800537109375
2913.733511790633,42.00248336791992
2914.071872457862,42.00341033935547
2914.3995009362698,42.004005432128906
2914.7367250174284,42.00478744506836
2915.0641925632954,42.00504684448242
2915.4030963778496,42.006187438964844
2915.730010718107,42.00646209716797
2916.068119928241,42.006736755371094
2916.395366191864,42.006900787353516
2916.7336262762547,42.00738525390625
2917.0607417821884,42.00765609741211
2917.3989817500114,42.007320404052734
2917.721249163151,42.00605773925781
2918.0647496134043,42.00616455078125
2918.3923579752445,42.00546646118164
2918.730356544256,42.00558090209961
2919.0584175288677,42.005271911621094
2919.396546855569,42.00566482543945
2919.7236120700836,42.00534439086914
2920.0621236115694,42.00575637817383
2920.3883338719606,42.00510787963867
2920.7262821495533,42.00494384765625
2921.054544299841,42.0051383972168
2921.392935141921,42.00511169433594
2921.719889715314,42.005157470703125
2922.0577374100685,42.00422286987305
2922.3969127982855,42.0039176940918
2922.724199295044,42.00371551513672
2923.062912002206,42.0035400390625
2923.3894240111113,42.0030632019043
2923.7274326384068,42.00214385986328
2924.055302515626,42.00165557861328
2924.393391609192,42.0015869140625
2924.720688164234,42.000911712646484
2925.057942420244,42.000797271728516
2925.3866873681545,42.000492095947266
2925.7247865200043,42.00019454956055
2926.051751151681,41.99897003173828
2926.389940828085,41.99915313720703
2926.7176799476147,41.998104095458984
2927.055950090289,41.99756622314453
2927.3839004337788,41.9970817565918
2927.7205612510443,41.99642562866211
2928.048763051629,41.99613952636719
2928.3864598721266,41.99614715576172
2928.715154528618,41.99577713012695
2929.051845520735,41.99586868286133
2929.3797958642244,41.99542999267578
2929.717019945383,41.99518966674805
2930.0457648932934,41.995338439941406
2930.383914336562,41.995059967041016
2930.7216212153435,41.99517822265625
2931.0486763715744,41.99509048461914
2931.3866145908833,41.99531936645508
2931.7144341766834,41.99536895751953
2932.0530965924263,41.995540618896484
2932.38042332232,41.99538803100586
2932.717375829816,41.995609283447266
2933.0397941172123,41.99576187133789
2933.384048938751,41.996002197265625
2933.710902929306,41.996665954589844
2934.0486399829388,41.99739456176758
2934.376771375537,41.99789810180664
2934.715121984482,41.99858474731445
2935.0371580570936,41.999542236328125
2935.3745128959417,42.000328063964844
2935.7081059366465,42.00041961669922
2936.0467985272408,42.00131607055664
2936.3678991794586,42.0023193359375
2936.712023243308,42.00239562988281
2937.040003761649,42.00288772583008
2937.376956269145,42.00328826904297
2937.7061035484076,42.00287628173828
2938.0373027175665,42.003570556640625
2938.3710969239473,42.003623962402344
2938.707958906889,42.00306701660156
2939.046198874712,42.00330352783203
2939.368214830756,42.00322723388672
2939.711383357644,42.00278854370117
2940.039585158229,42.002342224121094
2940.377241745591,42.00209045410156
2940.706006810069,42.001956939697266
2941.0433918237686,42.00223922729492
2941.370899602771,42.001827239990234
2941.7088378220797,42.00200653076172
2942.0364260673523,42.00243377685547
2942.374786734581,42.00236892700195
2942.7024252712727,42.0024299621582
2943.039669468999,42.00247573852539
2943.3677706867456,42.00204849243164
2943.7055982649326,42.00204086303711
2944.033619016409,42.00182342529297
2944.3705815821886,42.00190353393555
2944.6993466466665,42.0010986328125
2945.0361985713243,42.000213623046875
2945.3640583902597,41.99942398071289
2945.696806535125,41.999122619628906
2946.024042740464,41.99826431274414
2946.3620614260435,41.997188568115234
2946.69505096972,41.99641036987305
2947.034166008234,41.99582290649414
2947.3718527704477,41.995296478271484
2947.698847576976,41.994869232177734
2948.037027195096,41.994876861572266
2948.364555090666,41.99410629272461
2948.696679621935,41.99378204345703
2949.0298502147198,41.9935188293457
2949.3682209402323,41.99332809448242
2949.6951654553413,41.9934196472168
2950.0346023589373,41.99396514892578
2950.3617379814386,41.99413299560547
2950.6993744522333,41.99423599243164
2951.0265301913023,41.99406814575195
2951.3649109750986,41.994667053222656
2951.6931530088186,41.99517059326172
2952.031161636114,41.99527359008789
2952.3569092154503,41.995304107666016
2952.6901602745056,41.995018005371094
2953.0234415084124,41.9943962097168
2953.3618424087763,41.993927001953125
2953.688495233655,41.993263244628906
2954.0276505053043,41.99321746826172
2954.354715719819,41.99266052246094
2954.6935491263866,41.992706298828125
2955.0210770219564,41.99182891845703
2955.3585525602102,41.9918098449707
2955.696450546384,41.99128341674805
2956.02396838367,41.99048614501953
2956.3629928976297,41.989585876464844
2956.689052283764,41.9884033203125
2957.028106972575,41.98768997192383
2957.3546189814806,41.987239837646484
2957.6926074922085,41.9866828918457
2958.0204874277115,41.98725509643555
2958.3578523248434,41.98792266845703
2958.6871907114983,41.98900604248047
2959.023891761899,41.99108123779297
2959.351459890604,41.993377685546875
2959.689750149846,41.99578857421875
2960.0170768797398,41.99827194213867
2960.3553872555494,42.00090408325195
2960.6833778321743,42.0040283203125
2961.0205113887787,42.006107330322266
2961.3481801003218,42.007598876953125
2961.6866815835238,42.00937271118164
2962.0140485465527,42.01130294799805
2962.3525600880384,42.01240158081055
2962.680037692189,42.013206481933594
2963.0172315984964,42.013755798339844
2963.3450511842966,42.01383590698242
2963.683894649148,42.0135498046875
2964.021511003375,42.01331329345703
2964.34907913208,42.01308059692383
2964.6865244954824,42.01272964477539
2965.008932724595,42.01274490356445
2965.3529059141874,42.01324462890625
2965.68049415946,42.01362609863281
2966.019045934081,42.013736724853516
2966.346614062786,42.01428985595703
2966.684139892459,42.01422119140625
2967.0118991285563,42.01449203491211
2967.348911985755,42.0135498046875
2967.677154019475,42.01243591308594
2968.015605211258,42.01129913330078
2968.34332421422,42.01040267944336
2968.681161850691,42.00989532470703
2969.0079152584076,42.00890350341797
2969.3455919623375,42.00873947143555
2969.6730997413397,42.008846282958984
2970.012164488435,42.00882339477539
2970.338847488165,42.008819580078125
2970.677600428462,42.00849914550781
2971.0052490234375,42.008148193359375
2971.343609690666,42.008140563964844
2971.6710168868303,42.00761032104492
2972.0081202685833,42.00693130493164
2972.345817089081,42.00597381591797
2972.67410941422,42.00471496582031
2973.012449964881,42.00343704223633
2973.338770866394,42.00241470336914
2973.6717101186514,42.000396728515625
2974.005665257573,41.99935531616211
2974.342265725136,41.99760818481445
2974.671372771263,41.99630355834961
2975.0083956867456,41.99465560913086
2975.3364466130733,41.99323272705078
2975.673972442746,41.991981506347656
2976.0018322616816,41.99089431762695
2976.3392675668,41.99055099487305
2976.6671776771545,41.99009704589844
2977.005236595869,41.9902458190918
2977.3332472890615,41.990421295166016
2977.670330554247,41.99113464355469
2977.9980193823576,41.99198532104492
2978.335525095463,41.9926872253418
2978.6649137735367,41.99358367919922
2979.0023390203714,41.994503021240234
2979.3294444680214,41.99542236328125
2979.6671211719513,41.99661636352539
2979.995846003294,41.9974479675293
2980.3330700844526,41.99810791015625
2980.6719336658716,41.99936294555664
2980.998767539859,42.000160217285156
2981.335699930787,42.00092697143555
2981.6642336547375,42.00181198120117
2982.0025138556957,42.002891540527344
2982.3295187205076,42.003387451171875
2982.6671350747347,42.003761291503906
2982.9954877495766,42.00419998168945
2983.3331644535065,42.005672454833984
2983.660813048482,42.006141662597656
2983.9991938322783,42.006263732910156
2984.3270134180784,42.0064697265625
2984.6653942018747,42.006507873535156
2984.9926706403494,42.006736755371094
2985.330417752266,42.006717681884766
2985.65824739635,42.00620651245117
2985.9955821186304,42.00587844848633
2986.3243471831083,42.00545883178711
2986.6610784083605,42.005123138427734
2986.9894109666348,42.00495147705078
2987.327791750431,42.00447463989258
2987.6553397625685,42.00436019897461
2987.992563843727,42.00368118286133
2988.3199710398912,42.00278854370117
2988.6581908911467,42.00218200683594
2988.9957167208195,42.00157928466797
2989.3237575888634,42.00046157836914
2989.662118256092,41.99988555908203
2989.9897467345,41.99885177612305
2990.32657854259,41.9980583190918
2990.6497813761234,41.99713134765625
2990.9927085042,41.996917724609375
2991.321111470461,41.99632263183594
2991.6579633951187,41.995697021484375
2991.9860646128654,41.99506759643555
2992.3245761543512,41.9942626953125
2992.651591077447,41.99449157714844
2992.9891772568226,41.99462890625
2993.317499756813,41.99431610107422
2993.6559811234474,41.99432373046875
2993.9831268042326,41.9947395324707
2994.3212762475014,41.99552536010742
2994.6485325694084,41.99580383300781
2994.985454902053,41.99620056152344
2995.314149558544,41.99697494506836
2995.65223865211,41.99794387817383
2995.9797967225313,41.99803924560547
2996.317785233259,41.998600006103516
2996.645373478532,41.999507904052734
2996.983492746949,42.00029754638672
2997.311030700803,42.00038528442383
2997.648425772786,42.000755310058594
2997.9860220104456,42.00148391723633
2998.315380513668,42.00160217285156
2998.6463885754347,42.001853942871094
2998.9805448800325,42.001426696777344
2999.3173364549875,42.00173568725586
2999.6451057493687,42.00160598754883
2999.978306517005,42.001747131347656
3000.305934995413,42.002197265625
3000.648821890354,42.00291061401367
3000.970707088709,42.0024528503418
3001.3140466064215,42.00288391113281
3001.653392985463,42.003231048583984
3001.9800759851933,42.003353118896484
3002.3085594177246,42.003318786621094
3002.6456728577614,42.0032958984375
3002.972899004817,42.0027961730957
3003.311450779438,42.00252151489258
3003.638355061412,42.00259017944336
3003.976856544614,42.00270462036133
3004.305339977145,42.002410888671875
3004.642513766885,42.00187683105469
3004.97121848166,42.00153732299805
3005.3078189492226,42.000633239746094
3005.6361112743616,41.9998779296875
3005.973958969116,41.999237060546875
3006.3117261976004,41.998287200927734
3006.639998406172,41.99772262573242
3006.9771219044924,41.99753952026367
3007.304720208049,41.99689483642578
3007.64377489686,41.99669647216797
3007.971081510186,41.99595642089844
3008.3076518028975,41.99595260620117
3008.6357228457928,41.995609283447266
3008.9744456112385,41.995506286621094
3009.3016013503075,41.99553298950195
3009.6402134746313,41.99610900878906
3009.9666450172663,41.995361328125
3010.305005684495,41.995704650878906
3010.6334187090397,41.99512481689453
3010.9703108668327,41.995704650878906
3011.297919228673,41.99525451660156
3011.635696515441,41.99518966674805
3011.9643207639456,41.99500274658203
3012.3022589832544,41.995059967041016
3012.628962099552,41.99449920654297
3012.966588512063,41.99518966674805
3013.2944483309984,41.995357513427734
3013.6334024369717,41.9950065612793
3013.9612421393394,41.9957160949707
3014.2981342971325,41.9957389831543
3014.6308824419975,41.99579620361328
3014.964374899864,41.99613571166992
3015.3028059750795,41.99691390991211
3015.629770606756,41.99700164794922
3015.9672159701586,41.997737884521484
3016.295960918069,41.99783706665039
3016.6331849992275,41.998680114746094
3016.960622370243,41.99908447265625
3017.298771813512,42.00007629394531
3017.626440525055,42.000755310058594
3017.964519560337,42.00156021118164
3018.2927314192057,42.00275421142578
3018.630639463663,42.003501892089844
3018.9521223306656,42.00366973876953
3019.295622780919,42.00428009033203
3019.6239452809095,42.004451751708984
3019.9613202363253,42.004615783691406
3020.2888380736113,42.005130767822266
3020.626162737608,42.005653381347656
3020.9558833390474,42.00566482543945
3021.2866701185703,42.0060920715332
3021.6211181133986,42.00603485107422
3021.958553418517,42.005977630615234
3022.2798451781273,42.00580978393555
3022.62474372983,42.00568771362305
3022.961726412177,42.005393981933594
3023.289455473423,42.00468826293945
3023.6268505454063,42.00423812866211
3023.9548914134502,42.00353240966797
3024.2872271686792,42.00346755981445
3024.6148254722357,42.00245666503906
3024.9589797109365,42.00233840942383
3025.2863466739655,42.00175476074219
3025.624345242977,42.00138854980469
3025.952587276697,42.00059127807617
3026.290465146303,42.00007247924805
3026.617107912898,41.999786376953125
3026.9550561904907,41.999454498291016
3027.283016592264,41.99904251098633
3027.6208844035864,41.99888610839844
3027.9478792101145,41.99821090698242
3028.286461159587,41.99787521362305
3028.614592552185,41.99784469604492
3028.9527118206024,41.99744415283203
3029.2800184339285,41.996829986572266
3029.618328809738,41.99660873413086
3029.94575612247,41.99651336669922
3030.2834328264,41.99610137939453
3030.610306933522,41.99592590332031
3030.947832763195,41.99594497680664
3031.2865555286407,41.996604919433594
3031.6140934824944,41.99659729003906
3031.951689720154,41.997337341308594
3032.2807665914297,41.9978141784668
3032.6182521879673,41.998233795166016
3032.945830374956,41.99839782714844
3033.2826118916273,41.99873733520508
3033.6108438670635,41.99856185913086
3033.9491844177246,41.99873733520508
3034.277295693755,41.99905014038086
3034.6143689006567,41.99904251098633
3034.943113848567,41.999305725097656
3035.280277580023,41.999507904052734
3035.607523843646,41.999698638916016
3035.9454821795225,42.00004959106445
3036.274005845189,41.99979782104492
3036.611521616578,41.99968719482422
3036.9397535920143,42.000240325927734
3037.27691732347,42.0004997253418
3037.6044653356075,42.00114440917969
3037.9419408738613,42.00126647949219
3038.2697705179453,42.00190353393555
3038.6078596115112,42.0023193359375
3038.9357797801495,42.00204086303711
3039.2742812633514,42.002742767333984
3039.6111734211445,42.002830505371094
3039.940431341529,42.00251770019531
3040.276538953185,42.00278854370117
3040.6044892966747,42.002315521240234
3040.942095592618,42.00191879272461
3041.270649433136,42.001163482666016
3041.6075114160776,42.00027084350586
3041.9365279376507,41.999542236328125
3042.274295166135,41.998497009277344
3042.6017124205828,41.997196197509766
3042.9397512227297,41.99723815917969
3043.266122415662,41.99681854248047
3043.6057403683662,41.99591827392578
3043.932332843542,41.9951171875
3044.271347299218,41.994789123535156
3044.5973966270685,41.99441909790039
3044.937115162611,41.99433898925781
3045.2647034078836,41.9943962097168
3045.601414516568,41.99430465698242
3045.930330455303,41.99454116821289
3046.267192438245,41.99472427368164
3046.5956155210733,41.99516677856445
3046.9325579702854,41.99606704711914
3047.2610514611006,41.99673843383789
3047.599522769451,41.99762725830078
3047.936937958002,41.99814224243164
3048.265019059181,41.99895095825195
3048.602343723178,41.99951934814453
3048.9300325512886,41.9999885559082
3049.268212169409,42.000633239746094
3049.594432488084,42.001346588134766
3049.933748692274,42.00243377685547
3050.260693207383,42.00315475463867
3050.5990739911795,42.00352478027344
3050.9257569909096,42.004207611083984
3051.2645300477743,42.005027770996094
3051.5919372439384,42.00550079345703
3051.9297748804092,42.0058708190918
3052.2572826594114,42.00613021850586
3052.5955226272345,42.00666427612305
3052.9240764677525,42.00642776489258
3053.2609786838293,42.006256103515625
3053.5884965211153,42.00639343261719
3053.9267163723707,42.00636291503906
3054.2541839182377,42.00534439086914
3054.59205172956,42.00475311279297
3054.9199417233467,42.00422286987305
3055.2580509334803,42.0037956237793
3055.5849350988865,42.00340270996094
3055.9234969317913,42.003013610839844
3056.261867657304,42.002620697021484
3056.5894659608603,42.00136184692383
3056.9262575358152,42.000606536865234
3057.2539564222097,41.99995040893555
3057.592598721385,41.999202728271484
3057.9206496477127,41.997886657714844
3058.257944136858,41.99720764160156
3058.585522323847,41.996070861816406
3058.924426138401,41.995086669921875
3059.2514913529158,41.99458312988281
3059.589298814535,41.99414825439453
3059.9165450781584,41.99373245239258
3060.2545134723186,41.99362564086914
3060.5829264968634,41.99409103393555
3060.9209954738617,41.99382781982422
3061.248332262039,41.99371337890625
3061.58595867455,41.99407196044922
3061.914763972163,41.993961334228516
3062.251505255699,41.993995666503906
3062.579556182027,41.994041442871094
3062.9169914871454,41.99454879760742
3063.244891539216,41.99542999267578
3063.5836243629456,41.99599838256836
3063.910387828946,41.997344970703125
3064.248698204756,41.99787902832031
3064.586415141821,41.99899673461914
3064.9136312305927,41.9999885559082
3065.252374112606,42.0003776550293
3065.579942241311,42.001197814941406
3065.9176893532276,42.00153732299805
3066.2447948008776,42.00169372558594
3066.583698615432,42.00240707397461
3066.9116389006376,42.00239181518555
3067.248611524701,42.00325012207031
3067.576752975583,42.00347137451172
3067.915264517069,42.003944396972656
3068.242621421814,42.004974365234375
3068.5803785920143,42.005393981933594
3068.9082484692335,42.005653381347656
3069.2462973296642,42.005802154541016
3069.574398547411,42.0061149597168
3069.911351054907,42.00636672973633
3070.2389393001795,42.00628662109375
3070.576575770974,42.005733489990234
3070.9041137248278,42.00572967529297
3071.243168413639,42.005184173583984
3071.5707667171955,42.00474166870117
3071.9081919640303,42.004032135009766
3072.235196828842,42.003509521484375
3072.5745633244514,42.0029182434082
3072.9112040251493,42.00261688232422
3073.251385241747,42.00196075439453
3073.577243462205,42.001766204833984
3073.904851824045,42.00185775756836
3074.243152141571,42.00156784057617
3074.570267647505,42.00128936767578
3074.9085277318954,42.00096893310547
3075.2360455691814,42.00083541870117
3075.5732093006372,42.00108337402344
3075.902386754751,42.00052261352539
3076.239228621125,42.000328063964844
3076.567370072007,41.99995040893555
3076.905418932438,41.99952697753906
3077.232836186886,41.99931716918945
3077.5714181363583,41.99872970581055
3077.892468497157,41.99855422973633
3078.236723318696,41.998043060302734
3078.558276593685,41.99768829345703
3078.9025012403727,41.99687957763672
3079.2305421084166,41.99641036987305
3079.5678064227104,41.99577713012695
3079.895857349038,41.99524688720703
3080.2334435284138,41.99472427368164
3080.560639500618,41.99437713623047
3080.8986380696297,41.99427032470703
3081.2310241162777,41.993682861328125
3081.564335525036,41.99370193481445
3081.9015696644783,41.99413299560547
3082.2298921644688,41.99454879760742
3082.566935196519,41.99481201171875
3082.895680144429,41.995113372802734
3083.2335177809,41.995243072509766
3083.5602410137653,41.99541473388672
3083.8993560522795,41.99566650390625
3084.2255663126707,41.996368408203125
3084.564248844981,41.99649429321289
3084.8919477313757,41.99638748168945
3085.229755192995,41.9967155456543
3085.557796061039,41.99732208251953
3085.895472764969,41.997615814208984
3086.2239461392164,41.998085021972656
3086.5610897541046,41.99814224243164
3086.8887584656477,41.99883270263672
3087.226726859808,41.999229431152344
3087.554405629635,41.99991226196289
3087.8931183367968,42.00065612792969
3088.2199622690678,42.00110626220703
3088.558242470026,42.00192642211914
3088.8849657028913,42.00236892700195
3089.223960042,42.002567291259766
3089.561053365469,42.00300216674805
3089.8887522518635,42.00331115722656
3090.2269821614027,42.0035400390625
3090.5539970844984,42.00310516357422
3090.8927500247955,42.00275802612305
3091.220770776272,42.0027961730957
3091.5585178881884,42.00184631347656
3091.8861262500286,42.001644134521484
3092.224496975541,42.001319885253906
3092.5518438220024,42.0009765625
3092.889279127121,42.0003776550293
3093.2172998785973,41.99987030029297
3093.5543429106474,41.999290466308594
3093.8823737204075,41.99901580810547
3094.2200504243374,41.998321533203125
3094.5478096604347,41.99798583984375
3094.8858082294464,41.997802734375
3095.2135372906923,41.997779846191406
3095.551998540759,41.99704360961914
3095.879616960883,41.996337890625
3096.2169516831636,41.99575424194336
3096.5446405112743,41.99586868286133
3096.877398714423,41.995113372802734
3097.2107604146004,41.99492645263672
3097.5485678762197,41.99488830566406
3097.8865161538124,41.99510955810547
3098.213993757963,41.99546813964844
3098.553028330207,41.9959602355957
3098.873867467046,41.9958610534668
3099.212147668004,41.99641799926758
3099.5449259877205,41.99618911743164
3099.8841516673565,41.99657440185547
3100.211025774479,41.996681213378906
3100.549044460058,41.996673583984375
3100.8769545704126,41.99694061279297
3101.21435970068,41.99701690673828
3101.543154940009,41.997371673583984
3101.880429312587,41.99806213378906
3102.207735925913,41.998905181884766
3102.5459457188845,41.99936294555664
3102.8735540807247,42.000919342041016
3103.211673349142,42.001495361328125
3103.5332165658474,42.0024528503418
3103.887539729476,42.00318908691406
3104.2039833962917,42.003944396972656
3104.542525112629,42.00432205200195
3104.870093241334,42.00450897216797
3105.207910761237,42.00459289550781
3105.5363841354847,42.004581451416016
3105.8734573423862,42.004852294921875
3106.212532147765,42.005008697509766
3106.540150567889,42.004974365234375
3106.8772237747908,42.004886627197266
3107.2052847594023,42.00505065917969
3107.542186975479,42.005287170410156
3107.871253788471,42.005001068115234
3108.202523365617,42.00490188598633
3108.535422384739,42.00395965576172
3108.8733807206154,42.0035514831543
3109.201220422983,42.00307083129883
3109.540405869484,42.0023193359375
3109.866877645254,42.001590728759766
3110.2054696530104,42.00065612792969
3110.532645508647,42.000083923339844
3110.870573669672,41.999412536621094
3111.19891628623,41.99904251098633
3111.5351546555758,41.99881362915039
3111.863547563553,41.99892807006836
3112.2020088136196,41.998435974121094
3112.5300396233797,41.99822998046875
3112.867394462228,41.99769973754883
3113.1958175450563,41.99720764160156
3113.5330617427826,41.996665954589844
3113.8610422611237,41.99626541137695
3114.198065176606,41.99513244628906
3114.5359832793474,41.993961334228516
3114.863621816039,41.9935188293457
3115.201771259308,41.992591857910156
3115.5295204371214,41.99213409423828
3115.8683739602566,41.992122650146484
3116.1951072514057,41.99242401123047
3116.527211666107,41.992576599121094
3116.8607644736767,41.99237823486328
3117.199195548892,41.99263381958008
3117.5262708216906,41.9928092956543
3117.8641486912966,41.99297332763672
3118.192782998085,41.99345397949219
3118.5301579535007,41.99380874633789
3118.8575450330973,41.994503021240234
3119.1951412707567,41.99528884887695
3119.524187967181,41.99539566040039
3119.8617339134216,41.995994567871094
3120.1890908181667,41.99666213989258
3120.526737347245,41.99715042114258
3120.8538729697466,41.99766540527344
3121.192716434598,41.998043060302734
3121.5207673609257,41.99892807006836
3121.858313307166,41.99967956542969
3122.1793334931135,42.000526428222656
3122.5242722779512,42.00096130371094
3122.861275076866,42.00181198120117
3123.189114779234,42.00247573852539
3123.5271133482456,42.0029182434082
3123.854983225465,42.00334548950195
3124.1927202790976,42.00373458862305
3124.5206002146006,42.005069732666016
3124.8578544706106,42.00556564331055
3125.185352191329,42.0059928894043
3125.523602217436,42.006507873535156
3125.851793959737,42.00726318359375
3126.189148798585,42.00734329223633
3126.5175618231297,42.0083122253418
3126.8553491681814,42.008148193359375
3127.183299511671,42.00796890258789
3127.5212176144123,42.00779724121094
3127.848795801401,42.007633209228516
3128.1858891248703,42.007606506347656
3128.5135075449944,42.00802230834961
3128.846537321806,42.00792694091797
3129.173743352294,42.00812911987305
3129.5180082321167,42.00798797607422
3129.845606535673,42.00819778442383
3130.182357877493,42.00819778442383
3130.5108916014433,42.007476806640625
3130.8428451418877,42.00724792480469
3131.1807230114937,42.00621795654297
3131.5082106739283,42.004905700683594
3131.852837651968,42.00432205200195
3132.1804258972406,42.00334930419922
3132.5175393372774,42.002323150634766
3132.839846983552,42.0009651184082
3133.182603120804,41.99977493286133
3133.5104931145906,41.99933624267578
3133.849598094821,41.99860763549805
3134.1770857572556,41.99809265136719
3134.5143903046846,41.996707916259766
3134.841465577483,41.99601745605469
3135.180339217186,41.99539566040039
3135.5081889778376,41.99490737915039
3135.8457148075104,41.99445343017578
3136.17295101285,41.99425506591797
3136.5122873336077,41.994075775146484
3136.839744821191,41.99400329589844
3137.1714167296886,41.993934631347656
3137.5043760985136,41.994163513183594
3137.842696532607,41.99428939819336
3138.169962912798,41.9951171875
3138.508554920554,41.99509048461914
3138.8358011841774,41.995426177978516
3139.1741316765547,41.99591827392578
3139.511526748538,41.996524810791016
3139.838883653283,41.99699783325195
3140.1768419891596,41.997440338134766
3140.50537571311,41.9979362487793
3140.8426702022552,41.998199462890625
3141.1699667572975,41.99824523925781
3141.509363427758,41.99810791015625
3141.835644096136,41.998714447021484
3142.172848060727,41.998863220214844
3142.5014220178127,41.99930953979492
3142.8390484303236,41.99974822998047
3143.1667171418667,41.99982833862305
3143.5039412230253,42.000335693359375
3143.82717423141,42.000755310058594
3144.17024217546,42.0010986328125
3144.4979812949896,42.00251770019531
3144.848572835326,42.00266647338867
3145.1630149036646,42.002960205078125
3145.5016773194075,42.00315475463867
3145.8292454481125,42.00334548950195
3146.166690811515,42.003414154052734
3146.4946813881397,42.00330352783203
3146.8325290828943,42.003196716308594
3147.1610125154257,42.00322341918945
3147.4987495690584,42.003353118896484
3147.836194932461,42.003196716308594
3148.1634713709354,42.00330352783203
3148.5022243112326,42.00312805175781
3148.8302249461412,42.002681732177734
3149.166986346245,42.00222396850586
3149.4950272142887,42.00160217285156
3149.8331766575575,42.001155853271484
3150.161237642169,42.00010299682617
3150.4985321313143,41.99960708618164
3150.826432183385,41.999141693115234
3151.1636059731245,41.998504638671875
3151.492230221629,41.99777603149414
3151.830731704831,41.99707794189453
3152.157897502184,41.99617004394531
3152.4890061467886,41.995426177978516
3152.822719886899,41.99524688720703
3153.1613521277905,41.994083404541016
3153.489825502038,41.993927001953125
3153.827130049467,41.99348068237305
3154.1489247232676,41.993377685546875
3154.491700977087,41.9932975769043
3154.821129888296,41.993106842041016
3155.152178183198,41.99309158325195
3155.484503880143,41.99351501464844
3155.8234479278326,41.993953704833984
3156.1605412513018,41.994667053222656
3156.489487364888,41.99562454223633
3156.821481138468,41.99617385864258
3157.1553457528353,41.99740219116211
3157.492871582508,41.99778366088867
3157.8202586621046,41.99861526489258
3158.158327639103,41.9989013671875
3158.485312387347,41.99983596801758
3158.8172759860754,42.00084686279297
3159.151231124997,42.0013542175293
3159.490265697241,42.00141906738281
3159.8178539425135,42.002166748046875
3160.1561542600393,42.00302505493164
3160.4832597076893,42.00363540649414
3160.8202021569014,42.0035514831543
3161.147679761052,42.00371551513672
3161.485919728875,42.00395584106445
3161.81298494339,42.003623962402344
3162.151436135173,42.00328826904297
3162.4797485768795,42.00287628173828
3162.818058952689,42.0023193359375
3163.144299387932,42.002262115478516
3163.4823884814978,42.00151824951172
3163.811022788286,42.00077819824219
3164.148860424757,42.000247955322266
3164.485591650009,41.99960708618164
3164.813894033432,41.99878692626953
3165.151932835579,41.99782943725586
3165.479953587055,41.99751663208008
3165.8183444291353,41.99646759033203
3166.145771741867,41.99646759033203
3166.482774540782,41.99567794799805
3166.8112881481647,41.99502182006836
3167.148854210973,41.994895935058594
3167.476512864232,41.995113372802734
3167.8142700344324,41.99524688720703
3168.142220377922,41.99547576904297
3168.4795551002026,41.9958381652832
3168.8080988824368,41.99635314941406
3169.1449005156755,41.99687957763672
3169.4728910923004,41.9971923828125
3169.8117546737194,41.99746322631836
3170.1392121613026,41.99673080444336
3170.4768385738134,41.996826171875
3170.8037730306387,41.996883392333984
3171.1429987102747,41.997093200683594
3171.4699130505323,41.99752426147461
3171.808072552085,41.99748611450195
3172.1350874751806,41.99699401855469
3172.47268371284,41.997337341308594
3172.811144962907,41.997737884521484
3173.139326646924,41.99785232543945
3173.4779689460993,41.99852752685547
3173.8041188567877,41.99885177612305
3174.142871797085,41.99892044067383
3174.469906836748,41.99935531616211
3174.808146804571,41.999698638916016
3175.1350209116936,42.000282287597656
3175.4733614623547,42.00091552734375
3175.8015029132366,42.00136947631836
3176.138747110963,42.0020751953125
3176.466888561845,42.00247573852539
3176.8040120601654,42.00281524658203
3177.1319523453712,42.00276184082031
3177.4704940617085,42.002960205078125
3177.79876627028,42.00303268432617
3178.1359300017357,42.00336837768555
3178.4630857408047,42.003318786621094
3178.8024321198463,42.0034294128418
3179.1237238794565,42.00328826904297
3179.466761648655,42.00318908691406
3179.7886971384287,42.00325393676758
3180.1325496286154,42.003082275390625
3180.4612040519714,42.00294494628906
3180.7982571423054,42.00230026245117
3181.130411848426,42.00167465209961
3181.463884189725,42.00132751464844
3181.7968636751175,42.00084686279297
3182.1240093559027,42.00002670288086
3182.4677009135485,41.99974822998047
3182.7889624983072,41.99993896484375
3183.1324730068445,41.99989318847656
3183.461459353566,42.000083923339844
3183.7985023856163,42.0
3184.1264728456736,41.99991989135742
3184.464692696929,42.0
3184.7923412919044,42.0004768371582
3185.1308327168226,42.00030517578125
3185.4577772319317,42.000755310058594
3185.8079463243484,42.00054168701172
3186.1234042793512,42.00039291381836
3186.460256204009,42.000335693359375
3186.7887899279594,42.00030517578125
3187.12705001235,42.000221252441406
3187.454819306731,41.99933624267578
3187.786028534174,41.99898147583008
3188.120124489069,41.998565673828125
3188.4580727666616,41.998321533203125
3188.785258680582,41.997314453125
3189.124082028866,41.9974365234375
3189.4612960517406,41.99684524536133
3189.7885624319315,41.99707794189453
3190.1274260133505,41.99688720703125
3190.4544107615948,41.996578216552734
3190.792690962553,41.996253967285156
3191.119846701622,41.99652099609375
3191.459172964096,41.99738693237305
3191.785242408514,41.99790954589844
3192.117930203676,41.998409271240234
3192.4518551677465,41.999027252197266
3192.7888479083776,41.99983596801758
3193.1165166199207,42.00104522705078
3193.4555009007454,42.00180435180664
3193.781439587474,42.00273132324219
3194.1202729940414,42.00322341918945
3194.4476198405027,42.0037956237793
3194.7860207408667,42.00447082519531
3195.1143231242895,42.00482177734375
3195.452271401882,42.00486373901367
3195.779537782073,42.004302978515625
3196.117667108774,42.004295349121094
3196.444671973586,42.00379943847656
3196.7833142727613,42.00358200073242
3197.1104700118303,42.003292083740234
3197.4477645009756,42.0030403137207
3197.787181288004,42.00287628173828
3198.1133311986923,42.00259017944336
3198.452566936612,42.00223922729492
3198.779843375087,42.00238800048828
3199.1168562322855,42.00206756591797
3199.4446858763695,42.001914978027344
3199.781970307231,42.0013542175293
3200.111087411642,42.00102615356445
3200.4490356892347,42.000831604003906
3200.7761009037495,42.000999450683594
3201.1137172579765,42.00059127807617
3201.441778242588,42.00030517578125
3201.7796460539103,42.00019836425781
3202.1079383790493,41.999977111816406
3202.445524558425,41.999786376953125
3202.772207558155,41.9994010925293
3203.11148352921,41.99907302856445
3203.4393433481455,41.99879455566406
3203.77584323287,41.99819564819336
3204.103924334049,41.99789047241211
3204.442013427615,41.997684478759766
3204.7705974429846,41.996986389160156
3205.108042806387,41.99654006958008
3205.4357416927814,41.99658203125
3205.7736698538065,41.99646759033203
3206.1009865254164,41.99666976928711
3206.439256668091,41.99691390991211
3206.7761387676,41.997032165527344
3207.1041092276573,41.99831008911133
3207.442369312048,41.998844146728516
3207.7703196555376,41.99988555908203
3208.108277991414,42.0002555847168
3208.4355141967535,42.00128936767578
3208.773211017251,42.00217819213867
3209.102066606283,42.002262115478516
3209.439280629158,42.00315475463867
3209.7662452608347,42.003623962402344
3210.104163363576,42.003665924072266
3210.4320533573627,42.004451751708984
3210.7709269970655,42.00503921508789
3211.0984046012163,42.005165100097656
3211.43701672554,42.005672454833984
3211.763186752796,42.005672454833984
3212.1016681194305,42.00537109375
3212.42911554873,42.00537872314453
3212.7666011452675,42.00505447387695
3213.094340264797,42.00455856323242
3213.4323690086603,42.003639221191406
3213.761043548584,42.00287628173828
3214.0986297279596,42.002525329589844
3214.4374027848244,42.00178146362305
3214.7639952600002,42.00099563598633
3215.1020642369986,42.0002555847168
3215.429712831974,41.9994010925293
3215.768566355109,41.99851608276367
3216.0945251584053,41.997779846191406
3216.4320912212133,41.99738693237305
3216.7608965188265,41.9969367980957
3217.098030075431,41.99661636352539
3217.426312342286,41.99617385864258
3217.7638079971075,41.99596405029297
3218.0911749601364,41.99581527709961
3218.4297367930412,41.9957160949707
3218.7576670199633,41.996002197265625
3219.0958365797997,41.99567413330078
3219.4226302206516,41.995704650878906
3219.75530795753,41.99584197998047
3220.0896251946688,41.99525451660156
3220.426185429096,41.9947395324707
3220.7541156560183,41.99437713623047
3221.092053875327,41.993961334228516
3221.42077870667,41.99348449707031
3221.758173778653,41.99308776855469
3222.085440158844,41.9931755065918
3222.423157095909,41.99347686767578
3222.7512683719397,41.99340057373047
3223.089709505439,41.99380111694336
3223.4266217797995,41.99386978149414
3223.754421249032,41.99506759643555
3224.091846495867,41.99552536010742
3224.420239403844,41.996368408203125
3224.7579362243414,41.99751281738281
3225.0856954604387,41.99851608276367
3225.423502922058,41.999263763427734
3225.75164437294,41.99966812133789
3226.0839499533176,42.00034713745117
3226.4167584478855,42.001548767089844
3226.765117049217,42.002685546875
3227.0821642130613,42.003173828125
3227.4150732904673,42.00373840332031
3227.7482338249683,42.00468063354492
3228.0856791883707,42.00510025024414
3228.413378074765,42.0051383972168
3228.7515074014664,42.00577926635742
3229.0796991437674,42.00601577758789
3229.417637363076,42.00651550292969
3229.7446724027395,42.00636291503906
3230.0828520208597,42.00667190551758
3230.4104905575514,42.00660705566406
3230.748539417982,42.006595611572266
3231.076469644904,42.00602722167969
3231.4143877476454,42.00562286376953
3231.751983985305,42.0054931640625
3232.079813629389,42.005516052246094
3232.411425188184,42.00480270385742
3232.7448070049286,42.0041389465332
3233.082715049386,42.00370407104492
3233.4108162671328,42.00357437133789
3233.7537232786417,42.00301742553711
3234.0767350047827,42.0024528503418
3234.408940002322,42.001869201660156
3234.742331877351,42.00196075439453
3235.08013933897,42.00101089477539
3235.4070235043764,42.000972747802734
3235.7453539967537,42.00063705444336
3236.073636263609,42.00004577636719
3236.411312967539,41.99919128417969
3236.738720163703,41.99802017211914
3237.0767790824175,41.997108459472656
3237.405091524124,41.99574661254883
3237.7426274120808,41.994117736816406
3238.0697831511497,41.99269104003906
3238.4078823029995,41.99189758300781
3238.7353599071503,41.99110794067383
3239.0732780098915,41.99077224731445
3239.4010473042727,41.99071502685547
3239.739327505231,41.99085235595703
3240.0773763656616,41.99160385131836
3240.4038179665804,41.99265670776367
3240.741504728794,41.99336242675781
3241.069957986474,41.99467468261719
3241.4082281291485,41.995361328125
3241.73515252769,41.99591064453125
3242.072869464755,41.99618148803711
3242.400799691677,41.996795654296875
3242.739623039961,41.99761962890625
3243.067402392626,41.99912643432617
3243.4044051915407,42.00086212158203
3243.731902912259,42.0020866394043
3244.0642789006233,42.003746032714844
3244.3987168371677,42.00492858886719
3244.7361320257187,42.00553894042969
3245.0574841350317,42.00606918334961
3245.4007029533386,42.006500244140625
3245.73011174798,42.007049560546875
3246.067275479436,42.00701141357422
3246.3951151818037,42.0067138671875
3246.7330433428288,42.00651550292969
3247.060339897871,42.006248474121094
3247.3989319056273,42.00575637817383
3247.726399451494,42.00519561767578
3248.0578903108835,42.00468063354492
3248.401139304042,42.00461196899414
3248.729582503438,42.00477981567383
3249.06715862453,42.004573822021484
3249.3957325816154,42.004417419433594
3249.7323531657457,42.00439453125
3250.06110817194,42.00468826293945
3250.39928779006,42.00479507446289
3250.726091489196,42.004798889160156
3251.0642811656,42.00492858886719
3251.3917185366154,42.00483322143555
3251.7307732254267,42.004539489746094
3252.051753178239,42.004638671875
3252.3951329290867,42.00436019897461
3252.7227614074945,42.00434112548828
3253.061755746603,42.00381088256836
3253.3888209611177,42.00288772583008
3253.7210661917925,42.002567291259766
3254.053683578968,42.001705169677734
3254.3861500918865,42.001468658447266
3254.719592258334,42.0008544921875
3255.0577517598867,42.00056838989258
3255.3798481822014,42.000213623046875
3255.722875893116,42.000335693359375
3256.0511883348227,41.99984359741211
3256.3899010419846,41.99961471557617
3256.7210398614407,41.99945831298828
3257.0543210953474,41.99932098388672
3257.403353601694,41.998863220214844
3257.7195659279823,41.99849319458008
3258.0522034317255,41.99850845336914
3258.3801738917828,41.9986572265625
3258.7233927100897,41.99821472167969
3259.0505585074425,41.998287200927734
3259.389643371105,41.997982025146484
3259.717734530568,41.99767303466797
3260.048893466592,41.997493743896484
3260.3821747004986,41.99717330932617
3260.7197608798742,41.997920989990234
3261.047600582242,41.99834442138672
3261.386615037918,41.998043060302734
3261.7126140743494,41.99842071533203
3262.0454024523497,41.99897384643555
3262.3788949102163,41.9987907409668
3262.7178590744734,41.99885177612305
3263.0439687520266,41.99900817871094
3263.38250041008,41.99922561645508
3263.710078597069,41.9995002746582
3264.0495859086514,41.99945831298828
3264.3764097243547,41.9992790222168
3264.713714271784,41.99893569946289
3265.051431208849,41.998451232910156
3265.379401668906,41.998435974121094
3265.7184161245823,41.998023986816406
3266.0460848361254,41.99782180786133
3266.382846236229,41.99771499633789
3266.7111083865166,41.9977912902832
3267.0486342161894,41.997535705566406
3267.376172170043,41.99797439575195
3267.7137784659863,41.99820327758789
3268.0414974689484,41.99860763549805
3268.380009010434,41.998294830322266
3268.7070842832327,41.99850082397461
3269.04612891376,41.99873733520508
3269.372992962599,41.99822235107422
3269.7105892002583,41.998130798339844
3270.0388211756945,41.99751281738281
3270.375854149461,41.997074127197266
3270.7032814621925,41.996456146240234
3271.040927991271,41.99652099609375
3271.3704273104668,41.99600601196289
3271.7076916247606,41.995704650878906
3272.0352094620466,41.995460510253906
3272.372866049409,41.9950065612793
3272.7004643529654,41.994834899902344
3273.039549216628,41.99473190307617
3273.3761094510555,41.99481201171875
3273.704281076789,41.99491882324219
3274.043034017086,41.994258880615234
3274.3702199310064,41.99437713623047
3274.7075144201517,41.99434280395508
3275.0352032482624,41.9948616027832
3275.3727190196514,41.99527359008789
3275.7007095962763,41.99540328979492
3276.0388992726803,41.995941162109375
3276.366326585412,41.99686050415039
3276.704355329275,41.9970817565918
3277.0317927002907,41.997737884521484
3277.370123192668,41.9984016418457
3277.6985462754965,41.99882888793945
3278.0352976173162,41.99906539916992
3278.363026678562,42.00002670288086
3278.7003614008427,42.00102615356445
3279.0292773395777,42.002140045166016
3279.367084801197,42.00344467163086
3279.694904386997,42.00489807128906
3280.032017827034,42.00560760498047
3280.3610041737556,42.00617218017578
3280.6978460401297,42.00694274902344
3281.025806441903,42.006935119628906
3281.3635535538197,42.0068244934082
3281.7014515399933,42.006927490234375
3282.0292711257935,42.006534576416016
3282.3669377714396,42.0061149597168
3282.6951898634434,42.00615692138672
3283.032765984535,42.00576400756836
3283.359982073307,42.00581359863281
3283.6989864706993,42.0053596496582
3284.0259309858084,42.005802154541016
3284.36414077878,42.005455017089844
3284.692684561014,42.00563049316406
3285.0299187004566,42.00583267211914
3285.357265546918,42.00581359863281
3285.6960888952017,42.00563049316406
3286.022862419486,42.00508117675781
3286.3607805222273,42.00466537475586
3286.68908290565,42.00450134277344
3287.026347219944,42.00382614135742
3287.353613600135,42.002845764160156
3287.686723843217,42.00238800048828
3288.0200050771236,42.00125503540039
3288.358224928379,42.000526428222656
3288.685219734907,42.000057220458984
3289.0226047486067,41.99894332885742
3289.3508065491915,41.99814224243164
3289.68285061419,41.99688720703125
3290.0265622884035,41.99614715576172
3290.3484474867582,41.995548248291016
3290.692400559783,41.99505615234375
3291.0209242254496,41.99453353881836
3291.3579270243645,41.99446105957031
3291.685977950692,41.99415588378906
3292.0234635472298,41.994319915771484
3292.351182550192,41.99417495727539
3292.689633741975,41.99425506591797
3293.0114686489105,41.99405288696289
3293.354395776987,41.993656158447266
3293.682235479355,41.993587493896484
3294.0202441066504,41.99372863769531
3294.3490494042635,41.9934196472168
3294.6864042431116,41.993507385253906
3295.0142942368984,41.993350982666016
3295.3511863946915,41.99348068237305
3295.6792272627354,41.99344253540039
3296.0176784545183,41.993656158447266
3296.3454075157642,41.99400329589844
3296.6824907809496,41.99399185180664
3297.010501474142,41.99407958984375
3297.34920412302,41.99425506591797
3297.676671668887,41.99435806274414
3298.0144891887903,41.99491882324219
3298.3517836779356,41.99538803100586
3298.679331690073,41.996002197265625
3299.017843231559,41.996395111083984
3299.3447575718164,41.997920989990234
3299.6769826859236,41.99894332885742
3300.0039473176003,41.99997329711914
3300.3493286669254,42.000484466552734
3300.67639388144,42.00149154663086
3301.0129038244486,42.00193405151367
3301.342473551631,42.0026741027832
3301.6791343688965,42.00328826904297
3302.0076379179955,42.00347137451172
3302.3453548550606,42.004573822021484
3302.672751992941,42.00533676147461
3303.011203184724,42.00548553466797
3303.338962420821,42.00648498535156
3303.676860406995,42.00776290893555
3304.0041971951723,42.008663177490234
3304.341823607683,42.00918960571289
3304.6696431934834,42.00974655151367
3305.0073500722647,42.010154724121094
3305.3349182009697,42.0106315612793
3305.672413855791,42.010765075683594
3306.000132858753,42.011573791503906
3306.3390769064426,42.01139450073242
3306.6770754754543,42.01103591918945
3307.004703953862,42.01076126098633
3307.3415357619524,42.010101318359375
3307.664155215025,42.00944900512695
3308.008671551943,42.00902557373047
3308.3357367664576,42.00792694091797
3308.672558516264,42.007041931152344
3309.0002171695232,42.00672149658203
3309.3391209840775,42.005558013916016
3309.6666891127825,42.00362014770508
3310.00459715724,42.00234603881836
3310.331843420863,42.00151824951172
3310.669369250536,41.9997444152832
3310.9920289367437,41.99711990356445
3311.335599794984,41.99525833129883
3311.6641636937857,41.99356460571289
3312.0014682412148,41.992286682128906
3312.329740449786,41.990501403808594
3312.6675982028246,41.98960876464844
3312.9948645830154,41.988433837890625
3313.331927731633,41.987945556640625
3313.6594355106354,41.987117767333984
3313.992465287447,41.986427307128906
3314.326611533761,41.98649597167969
3314.6634332835674,41.98648452758789
3315.0018341839314,41.98625946044922
3315.3292413800955,41.98636245727539
3315.667501464486,41.98675537109375
3315.9948382526636,41.98747634887695
3316.3326758891344,41.98823165893555
3316.659590229392,41.98979568481445
3316.999077424407,41.990482330322266
3317.326856777072,41.991451263427734
3317.663758993149,41.99281692504883
3317.991789802909,41.994415283203125
3318.3302510529757,41.99539566040039
3318.6513014137745,41.996341705322266
3318.995053321123,41.99748992919922
3319.3224404007196,41.99843978881836
3319.660449028015,41.99958419799805
3319.9892945587635,41.99974060058594
3320.326629281044,42.00080871582031
3320.6545896828175,42.00114440917969
3320.991864055395,42.00251770019531
3321.3199853897095,42.00327682495117
3321.6580744832754,42.00408935546875
3321.979698166251,42.00462341308594
3322.3235104233027,42.00621032714844
3322.651309892535,42.00675582885742
3322.9890167713165,42.00684356689453
3323.327437788248,42.007057189941406
3323.654191195965,42.00731658935547
3323.991898074746,42.00758743286133
3324.319989234209,42.00749588012695
3324.657927453518,42.00780487060547
3324.9863907694817,42.00804901123047
3325.323212519288,42.00837707519531
3325.650840997696,42.00870132446289
3325.9899359196424,42.00907516479492
3326.3170916587114,42.0089111328125
3326.655200868845,42.00935363769531
3326.9824370741844,42.009464263916016
3327.3195907473564,42.00933074951172
3327.6474103331566,42.009490966796875
3327.985630184412,42.00876998901367
3328.3123433589935,42.007877349853516
3328.6509051918983,42.00752258300781
3328.9788253605366,42.00658416748047
3329.3175883591175,42.0062141418457
3329.6386186033487,42.005699157714844
3329.9822196364403,42.00522994995117
3330.310481786728,42.00473403930664
3330.648922920227,42.003517150878906
3330.976179242134,42.00285339355469
3331.312508136034,42.001705169677734
3331.645578145981,42.00092315673828
3331.9786079227924,42.00003433227539
3332.317753136158,41.998844146728516
3332.6457738876343,41.99771499633789
3332.9834908246994,41.997467041015625
3333.3101838827133,41.996246337890625
3333.649540320039,41.99527359008789
3333.977048099041,41.9936637878418
3334.314624220133,41.99301528930664
3334.6417900174856,41.99233627319336
3334.979587420821,41.99108123779297
3335.3070951998234,41.98973083496094
3335.6391191482544,41.988746643066406
3335.972410440445,41.98719024658203
3336.310640349984,41.98691177368164
3336.6381883621216,41.98635482788086
3336.97646856308,41.986454010009766
3337.3038556426764,41.98604965209961
3337.641743570566,41.986236572265625
3337.9700660705566,41.98682403564453
3338.308024406433,41.98740768432617
3338.6357836425304,41.98798370361328
3338.9728367328644,41.98936462402344
3339.294470474124,41.99066925048828
3339.6381117403507,41.993106842041016
3339.977468177676,41.99477767944336
3340.304121002555,41.99576187133789
3340.6417574733496,41.99742889404297
3340.9698586910963,41.9991340637207
3341.3079880177975,42.00011444091797
3341.635636612773,42.00067901611328
3341.9732227921486,42.00190734863281
3342.300720512867,42.00313949584961
3342.6386285573244,42.003944396972656
3342.9661363363266,42.00466537475586
3343.2987336069345,42.005592346191406
3343.6311800032854,42.006004333496094
3343.9705565571785,42.006874084472656
3344.2973602563143,42.007083892822266
3344.6359019726515,42.00738525390625
3344.9641339480877,42.007713317871094
3345.3009758144617,42.008419036865234
3345.6294894218445,42.00852584838867
3345.968232303858,42.00813293457031
3346.294231340289,42.007755279541016
3346.6328032314777,42.00809097290039
3346.960049495101,42.00741958618164
3347.297675907612,42.006900787353516
3347.6255156099796,42.006168365478516
3347.9637756943703,42.005313873291016
3348.3020156621933,42.004302978515625
3348.6294128000736,42.00395202636719
3348.9669486880302,42.00285339355469
3349.2949593812227,42.002174377441406
3349.632203578949,42.00132751464844
3349.960093572736,42.000518798828125
3350.2982530742884,41.99991226196289
3350.6265353411436,41.99916458129883
3350.963719189167,41.9986572265625
3351.2910459190607,41.99789810180664
3351.6283605247736,41.99715805053711
3351.9576989114285,41.99673080444336
3352.294731885195,41.99644470214844
3352.622853219509,41.99559783935547
3352.9600873589516,41.99457550048828
3353.2884400337934,41.99411392211914
3353.6266297101974,41.99357604980469
3353.953383117914,41.99250030517578
3354.2912509292364,41.9915657043457
3354.618738591671,41.990943908691406
3354.9575317651033,41.99098587036133
3355.285693332553,41.99091720581055
3355.6227061897516,41.99158477783203
3355.951189622283,41.99158477783203
3356.2895704060793,41.99181365966797
3356.626784428954,41.99215316772461
3356.95430226624,41.99288558959961
3357.291918620467,41.99347686767578
3357.619486749172,41.99424743652344
3357.958883419633,41.99457550048828
3358.2859687507153,41.99607467651367
3358.6231525987387,41.996517181396484
3358.9445147663355,41.996944427490234
3359.2892725020647,41.9975471496582
3359.628025442362,41.99798583984375
3359.9548995494843,41.998565673828125
3360.281864181161,41.999061584472656
3360.619520768523,41.99892807006836
3360.9477426856756,41.99924850463867
3361.2804908305407,41.99979782104492
3361.6135206073523,41.99955368041992
3361.9517404586077,41.99943923950195
3362.278353050351,41.99996566772461
3362.617588788271,42.00003433227539
3362.9454385489225,42.00074005126953
3363.282833620906,42.00118637084961
3363.6038940399885,42.00160598754883
3363.949255272746,42.001712799072266
3364.2767127603292,42.00175476074219
3364.613936841488,42.00215530395508
3364.9516336619854,42.002540588378906
3365.279282256961,42.00341796875
3365.6172405928373,42.00318908691406
3365.945593267679,42.00330352783203
3366.2833001464605,42.00360107421875
3366.6108280420303,42.003746032714844
3366.948575153947,42.0037727355957
3367.2757912427187,42.00407409667969
3367.6149163395166,42.003780364990234
3367.9418306797743,42.0039176940918
3368.2790145277977,42.00383758544922
3368.607246503234,42.00335693359375
3368.945325538516,42.00346755981445
3369.2725718021393,42.00368118286133
3369.6048371493816,42.00324249267578
3369.9387922883034,42.00264358520508
3370.27561403811,42.002098083496094
3370.604871958494,42.00120162963867
3370.941562950611,42.00067138671875
3371.2685376405716,41.99904251098633
3371.607753261924,41.99806213378906
3371.9352308660746,41.99736022949219
3372.273088619113,41.99664306640625
3372.601531818509,41.996337890625
3372.9383133351803,41.99623489379883
3373.2761811465025,41.996334075927734
3373.6040711402893,41.99620056152344
3373.941546678543,41.99605178833008
3374.2689337581396,41.99622344970703
3374.6083706617355,41.99614715576172
3374.935818091035,41.99607849121094
3375.273494794965,41.996360778808594
3375.6000570952892,41.99684524536133
3375.939564406872,41.99740982055664
3376.2669816613197,41.99790954589844
3376.6039442270994,41.99816131591797
3376.9315525889397,41.999534606933594
3377.268837019801,41.99998474121094
3377.597712725401,42.00074768066406
3377.935389429331,42.00151824951172
3378.262997791171,42.00153350830078
3378.601096943021,42.001617431640625
3378.92825268209,42.00139617919922
3379.2673978954554,42.00081253051758
3379.594161361456,42.00054168701172
3379.9325220286846,41.99972152709961
3380.259044095874,41.999778747558594
3380.5976763367653,41.99930953979492
3380.9253349900246,41.99842834472656
3381.262981519103,41.99785232543945
3381.600869446993,41.997886657714844
3381.9291215389967,41.997047424316406
3382.2676733136177,41.99726867675781
3382.595221325755,41.99740219116211
3382.9329382628202,41.9982795715332
3383.260204643011,41.99869155883789
3383.59835408628,41.999271392822266
3383.9268878102303,42.00077819824219
3384.264001250267,42.0013542175293
3384.5857959240675,42.00169372558594
3384.9295578897,42.001976013183594
3385.257488116622,42.002132415771484
3385.5955973267555,42.00276184082031
3385.923095047474,42.00275421142578
3386.259926855564,42.002647399902344
3386.588742211461,42.00244903564453
3386.926720663905,42.00186538696289
3387.254761531949,42.00168228149414
3387.5914826989174,42.00190353393555
3387.919030711055,42.00157928466797
3388.2578138262033,42.00127029418945
3388.57959844172,42.00044631958008
3388.9227367937565,42.00074005126953
3389.2447527498007,42.00025939941406
3389.589349552989,42.00000762939453
3389.9265937507153,41.999488830566406
3390.2541618794203,41.99901580810547
3390.5912652611732,41.99884796142578
3390.9190244972706,41.99881362915039
3391.251501068473,41.99863052368164
3391.579159721732,41.99852752685547
3391.9237162917852,41.998165130615234
3392.251143604517,41.997840881347656
3392.5888907164335,41.997581481933594
3392.917615547776,41.997344970703125
3393.2543870061636,41.99700927734375
3393.5825284570456,41.99686050415039
3393.91945078969,41.996604919433594
3394.2479744553566,41.99678039550781
3394.586194306612,41.99676513671875
3394.9141044169664,41.9970817565918
3395.2453438192606,41.99800109863281
3395.5782126635313,41.998497009277344
3395.91749869287,41.99901580810547
3396.2450567632914,41.999786376953125
3396.576225757599,42.00010681152344
3396.9097785651684,42.00114822387695
3397.2479078918695,42.00167465209961
3397.5753150880337,42.00242614746094
3397.9139372706413,42.00259780883789
3398.251674324274,42.0029182434082
3398.578840121627,42.0030517578125
3398.9180356264114,42.00300598144531
3399.2454025894403,42.00287628173828
3399.583240225911,42.003089904785156
3399.9109391123056,42.0025749206543
3400.248444825411,42.00193405151367
3400.5886863917112,42.0015983581543
3400.9137097746134,42.00074005126953
3401.241770759225,42.00092697143555
3401.5731308609247,42.000511169433594
3401.906683668494,42.00078201293945
3402.245245501399,42.0009765625
3402.5724817067385,42.001197814941406
3402.9109831899405,42.00156021118164
3403.238360211253,42.00144958496094
3403.577082976699,42.00088882446289
3403.9047114551067,42.00083541870117
3404.2417343705893,42.00010299682617
3404.5694936066866,41.99974060058594
3404.9067579209805,41.999114990234375
3405.23555316031,41.99851608276367
3405.573109164834,41.99760437011719
3405.900888517499,41.99733352661133
3406.238032132387,41.99728775024414
3406.576754897833,41.997413635253906
3406.904473900795,41.997344970703125
3407.241738215089,41.99785232543945
3407.5697790831327,41.99822998046875
3407.907757535577,41.99864196777344
3408.2350440323353,41.9996452331543
3408.5677217692137,42.000762939453125
3408.900761604309,42.0014762878418
3409.2381969094276,42.002235412597656
3409.566378593445,42.002559661865234
3409.9051013588905,42.003082275390625
3410.2312713861465,42.00386047363281
3410.5694007128477,42.00414276123047
3410.8977131545544,42.00468063354492
3411.235349625349,42.00493621826172
3411.5629579871893,42.00467300415039
3411.9011476635933,42.00415802001953
3412.2277803719044,42.00330352783203
3412.5674083828926,42.00262451171875
3412.894292548299,42.001304626464844
3413.2324419915676,42.00066375732422
3413.5599598288536,41.999446868896484
3413.891853019595,41.9986572265625
3414.226009324193,41.997802734375
3414.563686028123,41.997257232666016
3414.9012621492147,41.99617385864258
3415.23025855422,41.995338439941406
3415.56772403419,41.99457550048828
3415.8947590738535,41.99385070800781
3416.2324860692024,41.993141174316406
3416.560587286949,41.99293899536133
3416.899048537016,41.99222946166992
3417.226516082883,41.991634368896484
3417.564333602786,41.99120330810547
3417.891901731491,41.99101638793945
3418.2288240641356,41.9898796081543
3418.5576293617487,41.9892463684082
3418.8957687467337,41.98904037475586
3419.222753494978,41.98967361450195
3419.5597864687443,41.9901008605957
3419.887565821409,41.991729736328125
3420.2268417924643,41.99327087402344
3420.553746074438,41.99436950683594
3420.891986042261,41.99538803100586
3421.218578517437,41.99759292602539
3421.5580355376005,41.99897003173828
3421.884909644723,42.00001907348633
3422.222415357828,42.00114059448242
3422.550757974386,42.001739501953125
3422.8879518806934,42.002655029296875
3423.217089101672,42.00301742553711
3423.5547456890345,42.003196716308594
3423.8919898867607,42.00350570678711
3424.2197893559933,42.00377655029297
3424.557466059923,42.00400924682617
3424.885154888034,42.00408935546875
3425.2235256135464,42.00408935546875
3425.550399720669,42.003868103027344
3425.888327881694,42.0039176940918
3426.21095739305,42.00397491455078
3426.5541560947895,42.00428009033203
3426.8761821091175,42.00479507446289
3427.219219878316,42.0050163269043
3427.548588439822,42.005123138427734
3427.8859231621027,42.005149841308594
3428.2129883766174,42.0048713684082
3428.5455655306578,42.00467300415039
3428.872972726822,42.00453186035156
3429.217539355159,42.004417419433594
3429.5451678335667,42.00421142578125
3429.882884770632,42.00410079956055
3430.2095878869295,42.00382614135742
3430.5473651736975,42.00387954711914
3430.875828489661,42.00357437133789
3431.219469755888,42.00294494628906
3431.5403390675783,42.001922607421875
3431.8791322410107,42.00090026855469
3432.2170604020357,41.99982833862305
3432.5450610369444,41.99893569946289
3432.882969081402,41.99750900268555
3433.210627734661,41.99645233154297
3433.5481837391853,41.9957160949707
3433.8763251900673,41.995262145996094
3434.213810786605,41.993648529052734
3434.542193636298,41.99330520629883
3434.8788745701313,41.99323272705078
3435.2073077112436,41.99342727661133
3435.539150610566,41.99398422241211
3435.8734477311373,41.99414825439453
3436.210520938039,41.99454879760742
3436.5381192415953,41.995208740234375
3436.8764497339725,41.99578094482422
3437.204058095813,41.996177673339844
3437.542489171028,41.99619674682617
3437.870117649436,41.99641799926758
3438.207522779703,41.997379302978516
3438.5351814329624,41.99796676635742
3438.872918486595,41.998558044433594
3439.200506731868,41.99919891357422
3439.5384550094604,41.9996452331543
3439.8660331964493,42.000614166259766
3440.205017477274,42.00251007080078
3440.541396662593,42.00334167480469
3440.863835066557,42.00444793701172
3441.2075366824865,42.00482177734375
3441.5352053940296,42.00556564331055
3441.873163729906,42.006126403808594
3442.200882732868,42.00646209716797
3442.5382878631353,42.006591796875
3442.8665298968554,42.007083892822266
3443.204427883029,42.00706481933594
3443.5318652540445,42.00749588012695
3443.870235979557,42.00712203979492
3444.198276847601,42.00775909423828
3444.5353500545025,42.00774002075195
3444.8632299900055,42.0077018737793
3445.200202614069,42.007755279541016
3445.528484880924,42.00780487060547
3445.8670366555452,42.007843017578125
3446.1948059499264,42.008033752441406
3446.5331465005875,42.00776290893555
3446.859447285533,42.007999420166016
3447.1972949802876,42.00809860229492
3447.520276531577,42.00777053833008
3447.864018380642,42.00747299194336
3448.1907919049263,42.00687026977539
3448.5289715230465,42.00631332397461
3448.8668091595173,42.00575256347656
3449.195071309805,42.00534439086914
3449.5320942252874,42.00483703613281
3449.8602256178856,42.00423049926758
3450.1972183585167,42.00273132324219
3450.5205117166042,42.00199508666992
3450.8639115840197,42.00111389160156
3451.185666024685,42.000213623046875
3451.5311881899834,41.99894332885742
3451.857891306281,41.99836349487305
3452.1950248628855,41.99785232543945
3452.5238402187824,41.99729537963867
3452.8603300452232,41.996437072753906
3453.18843126297,41.99599075317383
3453.526630997658,41.99547576904297
3453.853837028146,41.99520492553711
3454.1920870542526,41.9946174621582
3454.5194137841463,41.99351501464844
3454.8520613461733,41.992855072021484
3455.1854129880667,41.99190139770508
3455.5228784680367,41.991355895996094
3455.8499839156866,41.99101638793945
3456.1879824846983,41.990970611572266
3456.516606733203,41.99095916748047
3456.8544644862413,41.99068832397461
3457.192935794592,41.99056625366211
3457.5191661715508,41.99086380004883
3457.857506722212,41.99083709716797
3458.1856179982424,41.99128341674805
3458.52289237082,41.99183654785156
3458.8502794504166,41.99281311035156
3459.1884791851044,41.99382019042969
3459.517002850771,41.994319915771484
3459.8537039011717,41.994903564453125
3460.1821169257164,41.99591064453125
3460.5194818228483,41.996437072753906
3460.848166421056,41.997154235839844
3461.1859638243914,41.99756622314453
3461.5129988640547,41.99787902832031
3461.8507962673903,41.99885177612305
3462.1776301413774,41.99958801269531
3462.516202032566,42.000606536865234
3462.8444239497185,42.00143814086914
3463.181768730283,42.00249099731445
3463.5092966258526,42.003623962402344
3463.847164437175,42.004886627197266
3464.1762010753155,42.0057258605957
3464.5130831748247,42.007083892822266
3464.840842410922,42.007530212402344
3465.1787001639605,42.008182525634766
3465.517593920231,42.00862503051758
3465.844387561083,42.0084114074707
3466.1819234490395,42.00876998901367
3466.509833559394,42.00869369506836
3466.8482445180416,42.00876998901367
3467.1703308820724,42.007999420166016
3467.5132278352976,42.00782775878906
3467.835535481572,42.00764083862305
3468.178965523839,42.007774353027344
3468.5073282569647,42.00765609741211
3468.845387175679,42.006988525390625
3469.172854721546,42.00656509399414
3469.510702416301,42.00621795654297
3469.8379889130592,42.00590896606445
3470.176349580288,42.004981994628906
3470.5044507980347,42.00388717651367
3470.841433480382,42.00369644165039
3471.1697962135077,42.002628326416016
3471.5074125677347,42.0014762878418
3471.8294888734818,42.00034713745117
3472.1843753010035,41.999977111816406
3472.5003764033318,41.99956512451172
3472.83752001822,41.999027252197266
3473.1664661318064,41.99785232543945
3473.503690212965,41.9974365234375
3473.8413769751787,41.996795654296875
3474.1696290671825,41.996253967285156
3474.5073661208153,41.99575424194336
3474.8360607773066,41.9955940246582
3475.1731038093567,41.99513244628906
3475.50056129694,41.99465560913086
3475.8386202156544,41.994869232177734
3476.1661883443594,41.99468994140625
3476.4987654983997,41.994102478027344
3476.8267560750246,41.99400329589844
3477.1700251847506,41.994483947753906
3477.497271448374,41.995025634765625
3477.835772931576,41.99531173706055
3478.163642808795,41.99525833129883
3478.501047939062,41.99580383300781
3478.8280226290226,41.99639892578125
3479.167027026415,41.99702072143555
3479.494474455714,41.99752426147461
3479.832523316145,41.998565673828125
3480.15895485878,41.998783111572266
3480.4975770413876,41.999855041503906
3480.8255776762962,42.00016403198242
3481.1636064201593,42.000789642333984
3481.4910236746073,42.001548767089844
3481.823540478945,42.002159118652344
3482.1678154170513,42.002681732177734
3482.494518533349,42.00321578979492
3482.8329496085644,42.003868103027344
3483.159089460969,42.00483703613281
3483.4986470639706,42.00538635253906
3483.8257122784853,42.005794525146484
3484.1633789241314,42.00644302368164
3484.4912085682154,42.00699996948242
3484.829146787524,42.00722885131836
3485.156885907054,42.007686614990234
3485.495226457715,42.008544921875
3485.8222413808107,42.008766174316406
3486.1602902412415,42.00935363769531
3486.487526446581,42.009613037109375
3486.8256960064173,42.009803771972656
3487.1532943099737,42.00986099243164
3487.4917555600405,42.009361267089844
3487.8190118819475,42.008697509765625
3488.157221674919,42.00875473022461
3488.4846791625023,42.0081901550293
3488.822717964649,42.00767135620117
3489.150396734476,42.006919860839844
3489.487339183688,42.00627136230469
3489.810622483492,42.00562286376953
3490.154515206814,42.004695892333984
3490.492946282029,42.003177642822266
3490.8196695148945,42.00235366821289
3491.1572355777025,42.00130844116211
3491.4858497679234,42.00041961669922
3491.8227318674326,41.99984359741211
3492.1505615115166,41.99970626831055
3492.489203810692,41.999114990234375
3492.816399782896,41.9984245300293
3493.154690042138,41.9976921081543
3493.481805548072,41.99702453613281
3493.8195023685694,41.9964599609375
3494.1472817212343,41.995811462402344
3494.4860346615314,41.995243072509766
3494.812949001789,41.994842529296875
3495.151339843869,41.995304107666016
3495.4789482057095,41.994903564453125
3495.817570388317,41.99496841430664
3496.144877001643,41.995609283447266
3496.4826844632626,41.995994567871094
3496.810322999954,41.996517181396484
3497.1468027681112,41.996665954589844
3497.4757589399815,41.996952056884766
3497.813093662262,41.99728775024414
3498.141536861658,41.99755859375
3498.478952050209,41.997493743896484
3498.8173328340054,41.99827194213867
3499.1389364004135,41.998748779296875
3499.4830705225468,41.99949264526367
3499.8103972524405,42.00002670288086
3500.147108361125,42.00103759765625
3500.475672259927,42.002159118652344
3500.8135803043842,42.003074645996094
3501.141007617116,42.00358963012695
3501.4786139130592,42.00387954711914
3501.8068961799145,42.00369644165039
3502.144844457507,42.003910064697266
3502.4722516536713,42.00369644165039
3502.822118997574,42.00357437133789
3503.138180449605,42.003482818603516
3503.476631641388,42.00325393676758
3503.8035962730646,42.00298309326172
3504.1411623358727,42.002708435058594
3504.463490098715,42.00224685668945
3504.8065982759,42.002281188964844
3505.1356852054596,42.00173568725586
3505.472979694605,42.000953674316406
3505.8005176484585,42.000606536865234
3506.1380233615637,42.0006217956543
3506.465259566903,42.00046920776367
3506.7983094602823,42.00035858154297
3507.14147798717,42.00001525878906
3507.4636347591877,42.000099182128906
3507.8070748597383,41.99998474121094
3508.135799691081,41.999935150146484
3508.472752198577,41.9996337890625
3508.800793066621,41.99933624267578
3509.1389022767544,41.99921417236328
3509.467315301299,41.99959182739258
3509.80494171381,41.99937057495117
3510.1323891431093,41.9994010925293
3510.469190776348,41.999114990234375
3510.7971008867025,41.99933624267578
3511.1361254006624,41.99943923950195
3511.463512480259,41.99945068359375
3511.8012193590403,41.99948501586914
3512.128183990717,41.99919891357422
3512.4672789126635,41.99900817871094
3512.788299098611,41.99833679199219
3513.1322521716356,41.99721145629883
3513.459287211299,41.99691390991211
3513.7973863631487,41.9959716796875
3514.125517755747,41.99503707885742
3514.4636169075966,41.994991302490234
3514.790752530098,41.99467086791992
3515.1226960122585,41.994659423828125
3515.4667496681213,41.99443435668945
3515.795424208045,41.994590759277344
3516.132266074419,41.99434280395508
3516.460709273815,41.994625091552734
3516.7974203824997,41.99449157714844
3517.125964164734,41.99482345581055
3517.4578573554754,41.99516677856445
3517.791138589382,41.99563217163086
3518.12352463603,41.99605941772461
3518.4572886675596,41.996665954589844
3518.7949251383543,41.99687957763672
3519.1234286874533,41.9969596862793
3519.461125507951,41.9969596862793
3519.788321480155,41.99706268310547
3520.125485211611,41.99782180786133
3520.453978702426,41.99846649169922
3520.792419835925,41.998878479003906
3521.1188815534115,41.99935531616211
3521.457151696086,41.99982833862305
3521.784397959709,42.00127029418945
3522.1229799091816,42.00114059448242
3522.449602559209,42.001319885253906
3522.788466140628,42.00156784057617
3523.116024211049,42.00150680541992
3523.4532684087753,42.00168991088867
3523.7921722233295,42.00174331665039
3524.119418486953,42.00156021118164
3524.4510300457478,42.00181198120117
3524.7846733778715,42.00184631347656
3525.1235771924257,42.0020637512207
3525.449877977371,42.00178146362305
3525.788389518857,42.001590728759766
3526.1167019605637,42.00124740600586
3526.4536645263433,42.000770568847656
3526.782761514187,42.00071716308594
3527.114212140441,42.00046920776367
3527.4477548897266,42.00019073486328
3527.78472751379,41.9998779296875
3528.1123761087656,41.99972152709961
3528.444993495941,41.999691009521484
3528.778586536646,41.999549865722656
3529.110972583294,41.99964141845703
3529.444082826376,42.00027847290039
3529.7832783311605,42.000640869140625
3530.1088750362396,42.000789642333984
3530.448392406106,42.0014533996582
3530.7750049978495,42.0016975402832
3531.1130840331316,42.002010345458984
3531.4403504133224,42.00184631347656
3531.7783288657665,42.00204849243164
3532.1170918643475,42.00222396850586
3532.444901391864,42.00211715698242
3532.7828396111727,42.001983642578125
3533.1095930188894,42.002445220947266
3533.4420192986727,42.002593994140625
3533.7763968855143,42.00276565551758
3534.1133393347263,42.00300979614258
3534.4408974051476,42.00338363647461
3534.778906032443,42.00360107421875
3535.1059410721064,42.003379821777344
3535.4456294327974,42.00360870361328
3535.7723124325275,42.00358963012695
3536.1102405935526,42.00371551513672
3536.437838897109,42.00408172607422
3536.7767829447985,42.003822326660156
3537.104522064328,42.00388717651367
3537.441897019744,42.00394058227539
3537.7635709941387,42.00315475463867
3538.1070513278246,42.00221252441406
3538.4349815547466,42.001708984375
3538.773151114583,42.00053787231445
3539.1000855714083,41.99959182739258
3539.437611401081,41.99853515625
3539.766849204898,41.99745178222656
3540.1041839271784,41.996700286865234
3540.4416996985674,41.9962272644043
3540.7698713243008,41.99599838256836
3541.106954589486,41.99648666381836
3541.4357498288155,41.99648666381836
3541.7726017534733,41.99711990356445
3542.1011555939913,41.99740219116211
3542.4385506659746,41.99794006347656
3542.7662797272205,41.99815368652344
3543.0988267064095,41.99838638305664
3543.4324599802494,41.99928665161133
3543.7756687402725,41.99989318847656
3544.0975338220596,42.00046920776367
3544.435492157936,42.00068283081055
3544.7569850832224,42.00074768066406
3545.101350545883,42.000999450683594
3545.422763004899,42.00108337402344
3545.7657504826784,42.00148391723633
3546.09494805336,42.001590728759766
3546.4323833584785,42.001583099365234
3546.7599112540483,42.001976013183594
3547.0971554517746,42.00212478637695
3547.42501527071,42.00224685668945
3547.7637883275747,42.002281188964844
3548.0910144746304,42.00255584716797
3548.4286308288574,42.00274658203125
3548.7670619040728,42.00300979614258
3549.0943785756826,42.00270462036133
3549.433161690831,42.00368118286133
3549.759281426668,42.00318145751953
3550.098507106304,42.003204345703125
3550.425763428211,42.00341796875
3550.7629673928022,42.003353118896484
3551.091078668833,42.00331497192383
3551.429771259427,42.003204345703125
3551.757289096713,42.00359344482422
3552.0947344601154,42.003639221191406
3552.421819791198,42.00372314453125
3552.7612667530775,42.00391387939453
3553.0875876545906,42.00342559814453
3553.425807505846,42.003196716308594
3553.753687441349,42.00290298461914
3554.0919072926044,42.00278091430664
3554.418198019266,42.00276184082031
3554.7572527080774,42.00186538696289
3555.084378272295,42.001319885253906
3555.4218739271164,42.00049591064453
3555.7500556111336,41.999813079833984
3556.0873098671436,41.99923324584961
3556.416306272149,41.99824523925781
3556.7537415772676,41.99784851074219
3557.0929370820522,41.997371673583984
3557.418594136834,41.99700164794922
3557.756421715021,41.99658203125
3558.0850057303905,41.99653244018555
3558.422923833132,41.99613952636719
3558.7507735937834,41.99611282348633
3559.0883295983076,41.99632263183594
3559.415676444769,41.9963493347168
3559.7542081028223,41.996238708496094
3560.0813537836075,41.99665832519531
3560.4201771318913,41.99669647216797
3560.746990889311,41.9969596862793
3561.0853012651205,41.99737548828125
3561.4130806177855,41.997371673583984
3561.7519441992044,41.99788284301758
3562.078607082367,41.99814987182617
3562.416857108474,41.99850082397461
3562.744626402855,41.99915313720703
3563.0816895514727,41.999656677246094
3563.4092677384615,41.99989318847656
3563.7415431439877,42.00056838989258
3564.075940847397,42.00105667114258
3564.4135773181915,42.00129699707031
3564.7406827658415,42.001800537109375
3565.07904343307,42.00175094604492
3565.4163278639317,42.00192642211914
3565.744821354747,42.00164031982422
3566.0825181752443,42.00214767456055
3566.409442573786,42.00311279296875
3566.7469281703234,42.00347900390625
3567.0761961489916,42.00374221801758
3567.4135509878397,42.00447082519531
3567.741410806775,42.00529861450195
3568.078423663974,42.00577926635742
3568.405971676111,42.00593948364258
3568.745197355747,42.00647735595703
3569.072564318776,42.00694274902344
3569.409939274192,42.00663375854492
3569.737698510289,42.00658416748047
3570.076511800289,42.006675720214844
3570.403476431966,42.00588607788086
3570.741706341505,42.00518798828125
3571.0628371685743,42.004302978515625
3571.4062973856926,42.00411605834961
3571.7355351895094,42.003387451171875
3572.072719037533,42.00245666503906
3572.3999451845884,42.001487731933594
3572.737682238221,42.001319885253906
3573.0661053210497,42.00059127807617
3573.404013365507,41.9996223449707
3573.7423438578844,41.999027252197266
3574.069559946656,41.998992919921875
3574.40703548491,41.99818801879883
3574.735287576914,41.99800109863281
3575.0727731734514,41.997379302978516
3575.4010654985905,41.996952056884766
3575.7379677146673,41.99647521972656
3576.065706834197,41.99605941772461
3576.404781639576,41.99559783935547
3576.7323195934296,41.99550247192383
3577.0696442574263,41.995140075683594
3577.397131919861,41.99522399902344
3577.734798565507,41.99494552612305
3578.063664212823,41.99504089355469
3578.400968760252,41.995025634765625
3578.728335723281,41.995140075683594
3579.0600579231977,41.995033264160156
3579.3942242860794,41.995452880859375
3579.7322127968073,41.99563217163086
3580.0591975450516,41.996280670166016
3580.3982824087143,41.99607467651367
3580.7255789637566,41.99644470214844
3581.0642816126347,41.99689483642578
3581.391316652298,41.99729919433594
3581.7295767366886,41.99770736694336
3582.067012041807,41.99827575683594
3582.395565882325,41.99830627441406
3582.726553827524,41.99878692626953
3583.0545846372843,41.99879455566406
3583.3982661366463,41.999141693115234
3583.719326555729,41.99943161010742
3584.0639535337687,41.9995002746582
3584.3912299722433,42.0
3584.74161028862,42.000770568847656
3585.0570380687714,42.00074005126953
3585.3947147727013,42.001461029052734
3585.721820220351,42.00196075439453
3586.054115742445,42.0023193359375
3586.3873668015003,42.003021240234375
3586.725425720215,42.00358200073242
3587.0530039072037,42.00423812866211
3587.392581626773,42.00436782836914
3587.71849013865,42.004661560058594
3588.0559656769037,42.004798889160156
3588.38533423841,42.00444412231445
3588.7225583195686,42.00445556640625
3589.0504483133554,42.00437927246094
3589.3875416368246,42.004112243652344
3589.714938774705,42.00412368774414
3590.0540739297867,42.00382995605469
3590.3911471366882,42.0035514831543
3590.7192282378674,42.0031852722168
3591.0570356994867,42.002342224121094
3591.385569423437,42.00196838378906
3591.7234674096107,42.001705169677734
3592.0508444309235,42.001468658447266
3592.3883501440287,42.00094223022461
3592.715546116233,42.000518798828125
3593.054339289665,42.00019836425781
3593.3824505656958,41.99992752075195
3593.7194030731916,41.999698638916016
3594.041358679533,41.99982452392578
3594.385613501072,41.999755859375
3594.7137247771025,41.999576568603516
3595.051150023937,41.999359130859375
3595.3785974532366,41.99945068359375
3595.7162339240313,41.99922180175781
3596.045693010092,41.999412536621094
3596.3763389736414,41.99924850463867
3596.7099018394947,41.999427795410156
3597.0418754965067,41.99933624267578
3597.375498712063,41.9996223449707
3597.7142818272114,41.99988555908203
3598.041819781065,42.00042724609375
3598.3785811811686,42.00082015991211
3598.716750741005,42.000614166259766
3599.044429510832,42.00096893310547
3599.382196739316,42.001441955566406
3599.710177257657,42.00101089477539
3600.041949748993,42.00111389160156
3600.375623255968,42.001220703125
3600.707506388426,42.001930236816406
3601.0413207113743,42.00222396850586
3601.379047706723,42.001686096191406
3601.7007015645504,42.00163269042969
3602.044875919819,41.99991989135742
3602.372796088457,41.992008209228516
3602.710734307766,41.98204803466797
3603.0378598719835,41.969093322753906
3603.375094011426,41.954193115234375
3603.7029538303614,41.932064056396484
3604.0356013923883,41.91434860229492
3604.3689027428627,41.89616775512695
3604.7008965164423,41.8776969909668
3605.03454990685,41.853179931640625
3605.373413488269,41.83495330810547
3605.7012733072042,41.81653594970703
3606.0377832502127,41.798824310302734
3606.3659749925137,41.775718688964844
3606.7035108804703,41.75801467895508
3607.042495161295,41.74085235595703
3607.3702041059732,41.72409439086914
3607.706854864955,41.70201110839844
3608.0353181809187,41.68529510498047
3608.373336866498,41.66912841796875
3608.7007641792297,41.65315628051758
3609.0391349047422,41.63173294067383
3609.3664817512035,41.61648941040039
3609.7035247832537,41.60096740722656
3610.031998157501,41.5858268737793
3610.369996726513,41.5659294128418
3610.6960259377956,41.550968170166016
3611.0353723168373,41.53631591796875
3611.36409714818,41.52198791503906
3611.701512336731,41.50242233276367
3612.0275616645813,41.4881706237793
3612.36053109169,41.47342300415039
3612.6935608685017,41.459075927734375
3613.0325350910425,41.439735412597656
3613.3602038025856,41.424468994140625
3613.697800040245,41.409915924072266
3614.024845138192,41.39601135253906
3614.3625117838383,41.37776565551758
3614.691387489438,41.3641357421875
3615.029536932707,41.35074234008789
3615.360263362527,41.336997985839844
3615.694550424814,41.320091247558594
3616.0329211503267,41.30685806274414
3616.360479220748,41.293418884277344
3616.698246449232,41.28013229370117
3617.0258045196533,41.26200485229492
3617.3635717481375,41.24882507324219
3617.6914013922215,41.236175537109375
3618.0283337831497,41.21892547607422
3618.350923061371,41.205997467041016
3618.6942022293806,41.19295120239258
3619.022383913398,41.180328369140625
3619.360302016139,41.162559509277344
3619.6877997368574,41.14955139160156
3620.0261503458023,41.13689422607422
3620.353376492858,41.12481689453125
3620.690630748868,41.107879638671875
3621.0189029574394,41.09518051147461
3621.35737426579,41.08275604248047
3621.6850228607655,41.06631851196289
3622.0222871750593,41.05455780029297
3622.3505191504955,41.042640686035156
3622.6881455630064,41.03055953979492
3623.0151403695345,41.01439666748047
3623.3538027852774,41.00252151489258
3623.692837357521,40.99082946777344
3624.020365253091,40.97428512573242
3624.356472864747,40.9612922668457
3624.684553965926,40.949317932128906
3625.0233471393585,40.93730163574219
3625.350221246481,40.92164993286133
3625.6992738693953,40.9098014831543
3626.015204563737,40.8979606628418
3626.354480534792,40.886505126953125
3626.6820084303617,40.870689392089844
3627.0195342600346,40.85917282104492
3627.3465391248465,40.84769058227539
3627.6848897337914,40.83248519897461
3628.0136447399855,40.821144104003906
3628.3505972474813,40.809818267822266
3628.6782659590244,40.798194885253906
3629.016475751996,40.78337478637695
3629.3443959206343,40.77201461791992
3629.682344198227,40.76067352294922
3630.009691044688,40.7459831237793
3630.3476896137,40.735042572021484
3630.674533545971,40.72370529174805
3631.0074225068092,40.71272659301758
3631.3412368297577,40.697940826416016
3631.6787023097277,40.6869010925293
3632.0161879062653,40.676212310791016
3632.3454055935144,40.66179275512695
3632.682881131768,40.650997161865234
3633.0096144229174,40.64023208618164
3633.347200602293,40.625526428222656
3633.675402402878,40.6143798828125
3634.013843536377,40.6038703918457
3634.3408685177565,40.59344482421875
3634.679088369012,40.57896423339844
3635.00608317554,40.56785202026367
3635.345007106662,40.55738067626953
3635.66661067307,40.543251037597656
3636.010030657053,40.532928466796875
3636.331805214286,40.52224349975586
3636.6757180541754,40.5120964050293
3637.0042718946934,40.50148391723633
3637.3409528285265,40.48744201660156
3637.6687422394753,40.477500915527344
3638.006217777729,40.467262268066406
3638.333886489272,40.45722198486328
3638.666735216975,40.44702911376953
3638.994152471423,40.43342971801758
3639.338246360421,40.42341232299805
3639.6664682775736,40.412654876708984
3640.00421538949,40.40204620361328
3640.3319142758846,40.388389587402344
3640.66920876503,40.378929138183594
3641.0074185580015,40.36940002441406
3641.335167735815,40.3592643737793
3641.6736893355846,40.34904098510742
3642.001187056303,40.33548355102539
3642.3387732356787,40.325843811035156
3642.666069790721,40.31606674194336
3643.004611507058,40.306297302246094
3643.3326423168182,40.292510986328125
3643.670268729329,40.28190994262695
3643.9970925450325,40.27181625366211
3644.3353928625584,40.26250076293945
3644.6632526814938,40.25328063964844
3645.000808686018,40.24029541015625
3645.3278940171003,40.23086166381836
3645.6602297723293,40.221046447753906
3645.9934808313847,40.21156311035156
3646.3311474770308,40.19886016845703
3646.6598723083735,40.18952560424805
3646.9965633004904,40.179542541503906
3647.3239805549383,40.16921615600586
3647.6634174585342,40.15940475463867
3647.9911766946316,40.146888732910156
3648.3278173953295,40.13751220703125
3648.655264824629,40.128273010253906
3648.9937763661146,40.11906051635742
3649.3326902389526,40.106895446777344
3649.6599063277245,40.097904205322266
3649.997713789344,40.08867263793945
3650.3260765224695,40.079349517822266
3650.6635922938585,40.06658935546875
3650.9903356432915,40.05677795410156
3651.3293299824,40.04783248901367
3651.655902341008,40.039207458496094
3651.9886303693056,40.03036117553711
3652.3221127688885,40.018653869628906
3652.6607751846313,40.00983810424805
3652.9871061444283,40.001441955566406
3653.3254768699408,39.99238204956055
3653.654070943594,39.98080825805664
3653.9908424019814,39.97248840332031
3654.319889098406,39.963809967041016
3654.655896127224,39.95479965209961
3654.984610900283,39.942352294921875
3655.3218349814415,39.933536529541016
3655.6501273065805,39.92479705810547
3655.988709256053,39.916263580322266
3656.3257321715355,39.904232025146484
3656.6535618156195,39.895362854003906
3656.9814015179873,39.88667678833008
3657.3200941085815,39.87823486328125
3657.6564330607653,39.86600875854492
3657.983447983861,39.856990814208984
3658.3224523812532,39.84853744506836
3658.65076482296,39.839881896972656
3658.9878883212805,39.82781219482422
3659.3100149184465,39.81943893432617
3659.6537366509438,39.810752868652344
3659.9819988012314,39.80168533325195
3660.31985655427,39.79256057739258
3660.646801069379,39.78104782104492
3660.9851717948914,39.77244186401367
3661.3132528960705,39.76386260986328
3661.6509195417166,39.75565719604492
3661.9776729494333,39.74396514892578
3662.3156413435936,39.73557662963867
3662.6436319202185,39.727108001708984
3662.981700897217,39.71888732910156
3663.309671357274,39.707489013671875
3663.647408410907,39.699005126953125
3663.9740008860826,39.690555572509766
3664.3136892467737,39.682308197021484
3664.640372246504,39.67112731933594
3664.978853613138,39.66312026977539
3665.305405855179,39.654300689697266
3665.6444504857063,39.646095275878906
3665.98234847188,39.635162353515625
3666.3097456097603,39.62723922729492
3666.6467282921076,39.619083404541016
3666.974598169327,39.608097076416016
3667.313501983881,39.60028839111328
3667.6408890634775,39.592281341552734
3667.9798632860184,39.5842170715332
3668.3056712150574,39.574256896972656
3668.6448968946934,39.56672668457031
3668.972183391452,39.55870819091797
3669.3102423101664,39.55104446411133
3669.6369253098965,39.54339599609375
3669.975819066167,39.53311538696289
3670.3032564371824,39.525760650634766
3670.640792325139,39.51823806762695
3670.9702514111996,39.51065444946289
3671.3067211210728,39.50040817260742
3671.6340076178312,39.49249267578125
3671.9722375273705,39.48517990112305
3672.3004896193743,39.47759246826172
3672.6380556821823,39.467681884765625
3672.960091754794,39.460548400878906
3673.303722962737,39.453041076660156
3673.6309591680765,39.44585418701172
3673.969742283225,39.43810272216797
3674.3063628673553,39.42790603637695
3674.634685367346,39.4205436706543
3674.972181022167,39.4132080078125
3675.3001917153597,39.40599822998047
3675.6390653550625,39.39630889892578
3675.9657081216574,39.38862228393555
3676.30407884717,39.38096618652344
3676.631274819374,39.373512268066406
3676.969937235117,39.36351776123047
3677.2962983697653,39.3562126159668
3677.6348803192377,39.3487663269043
3677.9629312455654,39.341583251953125
3678.3001754432917,39.33225631713867
3678.6276429891586,39.32532501220703
3678.96606400609,39.318206787109375
3679.2882811278105,39.31106948852539
3679.6321235597134,39.30073928833008
3679.959188774228,39.2932014465332
3680.2968453615904,39.286128997802734
3680.6253992021084,39.278709411621094
3680.963347479701,39.26882553100586
3681.291287764907,39.26128387451172
3681.6287733614445,39.253807067871094
3681.9564320147038,39.24669647216797
3682.2941791266203,39.236854553222656
3682.632177695632,39.22992706298828
3682.9593434929848,39.222713470458984
3683.297251537442,39.21576690673828
3683.6246889084578,39.206302642822266
3683.9638642966747,39.19926452636719
3684.290748462081,39.1923828125
3684.630014374852,39.18547821044922
3684.956033527851,39.176429748535156
3685.294957458973,39.169429779052734
3685.621640458703,39.162845611572266
3685.961077362299,39.155906677246094
3686.2872071564198,39.145938873291016
3686.6259198635817,39.139408111572266
3686.9534075260162,39.13271713256836
3687.2908025979996,39.12615203857422
3687.618762999773,39.11663818359375
3687.9564497619867,39.110069274902344
3688.2841888815165,39.103336334228516
3688.6228311806917,39.09663009643555
3688.9502685517073,39.08748245239258
3689.2876636236906,39.08070373535156
3689.615312218666,39.07345962524414
3689.953602477908,39.066829681396484
3690.2910981327295,39.05769729614258
3690.6196016818285,39.05064010620117
3690.956785529852,39.043216705322266
3691.2840016186237,39.036338806152344
3691.6225634515285,39.02730941772461
3691.9506445527077,39.020545959472656
3692.2883111983538,39.01420593261719
3692.6156882196665,39.00799560546875
3692.953857779503,38.99921798706055
3693.281566724181,38.992679595947266
3693.6194345355034,38.98637390136719
3693.9468014985323,38.97990036010742
3694.2849811166525,38.971378326416016
3694.6130119264126,38.96482467651367
3694.9516341090202,38.958011627197266
3695.278809964657,38.94941711425781
3695.6159334629774,38.943321228027344
3695.9440749138594,38.93672180175781
3696.2819930166006,38.9301872253418
3696.6103859245777,38.9207649230957
3696.9475898891687,38.91373825073242
3697.2749669104815,38.90764236450195
3697.6134784519672,38.90102005004883
3697.940694540739,38.892059326171875
3698.2790250331163,38.88593673706055
3698.6059091985226,38.87887191772461
3698.9435255527496,38.87232208251953
3699.282982572913,38.86410140991211
3699.6100578457117,38.85755157470703
3699.948016181588,38.85093307495117
3700.2757150679827,38.84441375732422
3700.6144378334284,38.835750579833984
3700.9413722902536,38.828399658203125
3701.2790489941835,38.82149124145508
3701.6063656657934,38.81336975097656
3701.9437607377768,38.80681610107422
3702.2721737623215,38.80009841918945
3702.611107751727,38.79372024536133
3702.9368855059147,38.785552978515625
3703.2752964645624,38.77928161621094
3703.603810071945,38.772682189941406
3703.942261263728,38.76630401611328
3704.2698595672846,38.758026123046875
3704.606158286333,38.752017974853516
3704.934772476554,38.74566650390625
3705.272700637579,38.73991394042969
3705.5994641035795,38.731937408447266
3705.9318501502275,38.72557830810547
3706.2645379453897,38.71944046020508
3706.6030394285917,38.713741302490234
3706.930587440729,38.70560836791992
3707.2701551020145,38.69977569580078
3707.6061319559813,38.69424057006836
3707.9345248639584,38.68593978881836
3708.2725938409567,38.68010711669922
3708.6005341261625,38.67408752441406
3708.939106017351,38.66874694824219
3709.265436977148,38.660682678222656
3709.6035562455654,38.654701232910156
3709.9309131503105,38.64845657348633
3710.2697264403105,38.63925552368164
3710.596087574959,38.6336784362793
3710.935252904892,38.62797546386719
3711.2622879445553,38.62200927734375
3711.60084977746,38.61418151855469
3711.928930878639,38.608551025390625
3712.266828864813,38.60322570800781
3712.593461573124,38.59723663330078
3712.931500375271,38.58955383300781
3713.260567188263,38.58367156982422
3713.59818354249,38.578060150146484
3713.924554735422,38.570308685302734
3714.2629958689213,38.56450653076172
3714.5902521908283,38.558597564697266
3714.929075539112,38.55250549316406
3715.255969762802,38.54414749145508
3715.593857690692,38.538326263427734
3715.933143720031,38.53242492675781
3716.2604704499245,38.52457809448242
3716.5984086692333,38.51889419555664
3716.925433650613,38.51347732543945
3717.262587323785,38.50822067260742
3717.590769007802,38.50090026855469
3717.9232455790043,38.494712829589844
3718.2558931410313,38.48928451538086
3718.5940224677324,38.483211517333984
3718.9217917621136,38.47549819946289
3719.260112196207,38.46980667114258
3719.5886861532927,38.46416473388672
3719.925296679139,38.45685577392578
3720.2535588294268,38.45043182373047
3720.5906119197607,38.44476318359375
3720.9182403981686,38.439334869384766
3721.2559774518013,38.43180847167969
3721.5842496603727,38.42607879638672
3721.922207996249,38.42051315307617
3722.2505908459425,38.41302490234375
3722.5888710469007,38.40738296508789
3722.914980724454,38.401546478271484
3723.2534017413855,38.39623260498047
3723.5817342996597,38.389068603515625
3723.9187974482775,38.383506774902344
3724.256856366992,38.3782958984375
3724.579043313861,38.37075424194336
3724.9223224818707,38.365211486816406
3725.2506349235773,38.35960006713867
3725.5890257656574,38.35414123535156
3725.915799289942,38.34712600708008
3726.25336535275,38.34146499633789
3726.582070067525,38.3359260559082
3726.919696480036,38.32864761352539
3727.247254550457,38.32271957397461
3727.5797311216593,38.317543029785156
3727.912499383092,38.31243896484375
3728.249813988805,38.305633544921875
3728.577482700348,38.30025863647461
3728.9155818521976,38.29468536376953
3729.2435321956873,38.28727722167969
3729.5823454856873,38.282135009765625
3729.9094408750534,38.276817321777344
3730.2467454224825,38.271873474121094
3730.5742532014847,38.26490020751953
3730.9127546846867,38.259681701660156
3731.241087242961,38.25461196899414
3731.5781604498625,38.24761962890625
3731.9061510264874,38.242393493652344
3732.2437170892954,38.23758316040039
3732.5822789222,38.23047637939453
3732.909495010972,38.22504806518555
3733.247684687376,38.220001220703125
3733.57509188354,38.21417236328125
3733.9132010936737,38.20906066894531
3734.240497648716,38.2020378112793
3734.5782045274973,38.19683837890625
3734.9066477268934,38.19132995605469
3735.238591209054,38.18623352050781
3735.57284809649,38.17881393432617
3735.9101828187704,38.173362731933594
3736.2369563430548,38.16853713989258
3736.574512347579,38.1634521484375
3736.904092133045,38.15814971923828
3737.2418493032455,38.15011978149414
3737.569437548518,38.144676208496094
3737.906550988555,38.13935089111328
3738.2343102246523,38.13431930541992
3738.5721176862717,38.129547119140625
3738.900299370289,38.122596740722656
3739.2371714115143,38.117645263671875
3739.565423503518,38.112430572509766
3739.9028085172176,38.10747528076172
3740.2250558137894,38.10240173339844
3740.5689284205437,38.096435546875
3740.9067559987307,38.091583251953125
3741.2341229617596,38.08615493774414
3741.567112505436,38.08089065551758
3741.8941777199507,38.07400131225586
3742.237748578191,38.069278717041016
3742.565517872572,38.0640754699707
3742.9036170244217,38.05939483642578
3743.231838941574,38.05490493774414
3743.569666519761,38.04827880859375
3743.8971742987633,38.04323959350586
3744.2285042256117,38.0389289855957
3744.5626705884933,38.03456115722656
3744.901715219021,38.03011703491211
3745.228810608387,38.02353286743164
3745.565189793706,38.01856994628906
3745.8937235176563,38.01388931274414
3746.231420338154,38.00857925415039
3746.5597428381443,38.00299072265625
3746.8980129808187,37.998348236083984
3747.224695980549,37.993595123291016
3747.563489153981,37.98885726928711
3747.8910472244024,37.983802795410156
3748.228070139885,37.97736740112305
3748.5552962869406,37.973079681396484
3748.893566429615,37.968074798583984
3749.2316856980324,37.96318054199219
3749.5595052838326,37.956050872802734
3749.89677965641,37.95106506347656
3750.225303322077,37.94648361206055
3750.5635634064674,37.941585540771484
3750.89157409966,37.93494415283203
3751.229130104184,37.93040466308594
3751.55593380332,37.925392150878906
3751.8942039459944,37.920650482177734
3752.2226974368095,37.916099548339844
3752.559458836913,37.9092903137207
3752.887026965618,37.904544830322266
3753.225367516279,37.89955139160156
3753.5522919148207,37.894527435302734
3753.8917791098356,37.889427185058594
3754.21834141016,37.88302993774414
3754.5561991631985,37.878292083740234
3754.883938282728,37.8736457824707
3755.2222184836864,37.86934280395508
3755.5501889437437,37.862972259521484
3755.8873627334833,37.858482360839844
3756.2159165740013,37.854103088378906
3756.552989780903,37.84965515136719
3756.8754985928535,37.843162536621094
3757.2192907333374,37.83831787109375
3757.5565952807665,37.83323669433594
3757.8838616609573,37.82882308959961
3758.2172133028507,37.82411575317383
3758.561870455742,37.81809997558594
3758.888191357255,37.81304168701172
3759.215960651636,37.80880355834961
3759.5533154904842,37.80443572998047
3759.881617873907,37.79892349243164
3760.218731313944,37.79464340209961
3760.5469431728125,37.79020690917969
3760.884438827634,37.785518646240234
3761.212680861354,37.77925491333008
3761.550971120596,37.77476501464844
3761.8777848780155,37.77019119262695
3762.2159745544195,37.765838623046875
3762.5434823334217,37.76154327392578
3762.8820843994617,37.75554275512695
3763.2095217704773,37.751285552978516
3763.546635210514,37.74674987792969
3763.874726369977,37.74244689941406
3764.212081208825,37.737186431884766
3764.540956914425,37.73261260986328
3764.878522977233,37.72795867919922
3765.199714154005,37.72400665283203
3765.54324477911,37.71964645385742
3765.8818770200014,37.713111877441406
3766.209626197815,37.70866394042969
3766.5471620857716,37.7042350769043
3766.8753135949373,37.6986198425293
3767.212889716029,37.69431686401367
3767.535348236561,37.689697265625
3767.879069969058,37.68558120727539
3768.200572952628,37.68102264404297
3768.5436006635427,37.674869537353516
3768.8720639795065,37.67068099975586
3769.210394471884,37.666770935058594
3769.537178054452,37.661590576171875
3769.875156506896,37.65566635131836
3770.2023524791,37.65155029296875
3770.5417189747095,37.646705627441406
3770.8688344806433,37.64199447631836
3771.2062999606133,37.63601303100586
3771.528074517846,37.63186264038086
3771.866525709629,37.627166748046875
3772.194264829159,37.62287521362305
3772.538097202778,37.618385314941406
3772.865806147456,37.612548828125
3773.2032414525747,37.608299255371094
3773.5320266336203,37.60361099243164
3773.869079723954,37.59897232055664
3774.2072090506554,37.592979431152344
3774.528571218252,37.58852005004883
3774.872252717614,37.584014892578125
3775.201168656349,37.57978439331055
3775.5384631454945,37.57426452636719
3775.8654579520226,37.570404052734375
3776.203376054764,37.56546401977539
3776.531929895282,37.561065673828125
3776.869847998023,37.555145263671875
3777.1969333291054,37.550846099853516
3777.529279142618,37.54672622680664
3777.8624899685383,37.54145050048828
3778.2011825591326,37.535640716552734
3778.528569638729,37.53115463256836
3778.86577360332,37.52709197998047
3779.1874274611473,37.52290725708008
3779.530968144536,37.51712417602539
3779.8587273806334,37.5128288269043
3780.191173776984,37.50855255126953
3780.5236101150513,37.50400161743164
3780.856830999255,37.49802780151367
3781.190584972501,37.494014739990234
3781.5286740660667,37.48965072631836
3781.8560108542442,37.485450744628906
3782.187984511256,37.48104476928711
3782.531324028969,37.474830627441406
3782.858841866255,37.47093963623047
3783.198017254472,37.46657943725586
3783.524237573147,37.46067810058594
3783.863392844796,37.456668853759766
3784.1902669519186,37.45252990722656
3784.523518010974,37.448692321777344
3784.855692833662,37.442726135253906
3785.194767639041,37.438987731933594
3785.522376000881,37.435020446777344
3785.860203579068,37.43080139160156
3786.1882343888283,37.42470169067383
3786.525347828865,37.420433044433594
3786.8535697460175,37.41606521606445
3787.1921215206385,37.41169738769531
3787.5187039375305,37.40609359741211
3787.850536778569,37.40196990966797
3788.182993233204,37.39751052856445
3788.522671535611,37.3930778503418
3788.8492841273546,37.38759994506836
3789.1990911215544,37.3835334777832
3789.5146999508142,37.37950897216797
3789.847780019045,37.37538528442383
3790.1816345751286,37.36964797973633
3790.5183758586645,37.365421295166016
3790.8575613051653,37.361358642578125
3791.1847673356533,37.35737991333008
3791.5227457880974,37.35200119018555
3791.850022226572,37.3477668762207
3792.1889159828424,37.34376525878906
3792.516504228115,37.339996337890625
3792.8537484258413,37.334251403808594
3793.1815177202225,37.330101013183594
3793.5186814516783,37.3261604309082
3793.8475269824266,37.32240295410156
3794.185445085168,37.31663131713867
3794.5122487843037,37.31270980834961
3794.849855080247,37.30845642089844
3795.178348571062,37.30479049682617
3795.5150194466114,37.299400329589844
3795.843543112278,37.29540252685547
3796.181773021817,37.291419982910156
3796.5094417333603,37.287940979003906
3796.8476615846157,37.282188415527344
3797.174807265401,37.2786750793457
3797.5127052515745,37.27439880371094
3797.8405348956585,37.26995849609375
3798.1787849217653,37.26641082763672
3798.5063429921865,37.2610969543457
3798.843929171562,37.25714874267578
3799.18170645833,37.25307846069336
3799.509857967496,37.24876403808594
3799.8465087264776,37.24344253540039
3800.1749720424414,37.23966979980469
3800.512497872114,37.23540115356445
3800.8412025868893,37.23148727416992
3801.1781752109528,37.22623062133789
3801.505944505334,37.22242736816406
3801.8440134823322,37.218467712402344
3802.172325924039,37.21432113647461
3802.510304376483,37.2100944519043
3802.837520465255,37.20515823364258
3803.175086528063,37.20119857788086
3803.5030771046877,37.197322845458984
3803.8413170725107,37.193382263183594
3804.169327765703,37.188148498535156
3804.506491497159,37.18425369262695
3804.827692732215,37.18061828613281
3805.1723901182413,37.17679977416992
3805.5000085383654,37.17155075073242
3805.8377254754305,37.16744613647461
3806.1655450612307,37.16368103027344
3806.503624096513,37.160064697265625
3806.831081584096,37.156280517578125
3807.1634273976088,37.151092529296875
3807.506364583969,37.14701461791992
3807.835139706731,37.14304733276367
3808.172182738781,37.139366149902344
3808.5002940148115,37.134681701660156
3808.837930485606,37.13078689575195
3809.1665145009756,37.126243591308594
3809.5038291066885,37.1224250793457
3809.830813854933,37.11762619018555
3810.1694863289595,37.11365509033203
3810.497024282813,37.10972213745117
3810.8283944427967,37.105690002441406
3811.1627016216516,37.100467681884766
3811.500307917595,37.09682083129883
3811.8287310004234,37.09305191040039
3812.166639044881,37.089012145996094
3812.493322044611,37.08542251586914
3812.830837816,37.08053207397461
3813.1592709571123,37.07721710205078
3813.497430458665,37.07347106933594
3813.824535906315,37.07006072998047
3814.1625244170427,37.0647087097168
3814.4907765090466,37.06114959716797
3814.8278698325157,37.057193756103516
3815.1562929153442,37.05376434326172
3815.493869036436,37.04876708984375
3815.826305374503,37.0449333190918
3816.159848123789,37.04110336303711
3816.497625410557,37.037235260009766
3816.826068609953,37.03225326538086
3817.1631820499897,37.02825927734375
3817.4910720437765,37.02432632446289
3817.8288895636797,37.02075958251953
3818.1573629379272,37.016014099121094
3818.4936113655567,37.011924743652344
3818.8219640403986,37.00830078125
3819.1596306860447,37.00436019897461
3819.486927241087,37.000770568847656
3819.8246341198683,36.995792388916016
3820.151689276099,36.992679595947266
3820.4903416335583,36.988975524902344
3820.818432793021,36.98563003540039
3821.1567733436823,36.981056213378906
3821.483013778925,36.97736740112305
3821.821988001466,36.97333526611328
3822.149546071887,36.969810485839844
3822.48757481575,36.9653434753418
3822.8144992142916,36.9619255065918
3823.1478106230497,36.95795822143555
3823.4813131392,36.954322814941406
3823.819211125374,36.94993209838867
3824.1576120257378,36.94619369506836
3824.48448613286,36.94233322143555
3824.8220924288034,36.939117431640625
3825.1498617231846,36.93431854248047
3825.489127635956,36.9307746887207
3825.8149456232786,36.92729949951172
3826.153849437833,36.923805236816406
3826.48110575974,36.91890335083008
3826.819597184658,36.91506576538086
3827.146903797984,36.91139602661133
3827.4846006184816,36.90805435180664
3827.811585366726,36.90486526489258
3828.150247782469,36.899906158447266
3828.4780774265528,36.896358489990234
3828.816780075431,36.89260482788086
3829.143261909485,36.888938903808594
3829.4822964817286,36.88409423828125
3829.8089291900396,36.88087463378906
3830.1583640277386,36.87761306762695
3830.4742243140936,36.87358093261719
3830.8118507266045,36.869232177734375
3831.1349730938673,36.865867614746094
3831.4777694642544,36.862586975097656
3831.806383654475,36.859249114990234
3832.1438290178776,36.85422897338867
3832.4812341481447,36.850914001464844
3832.8101702034473,36.84727096557617
3833.1471629440784,36.843997955322266
3833.475284278393,36.839473724365234
3833.812991157174,36.83625030517578
3834.141182899475,36.8329963684082
3834.478970244527,36.829368591308594
3834.8057940602303,36.82553482055664
3835.144255310297,36.8218879699707
3835.4713406413794,36.81882858276367
3835.8044911175966,36.815467834472656
3836.1375711858273,36.81098937988281
3836.475197598338,36.80746078491211
3836.8025846779346,36.804134368896484
3837.141528725624,36.80128860473633
3837.4690365046263,36.797035217285156
3837.8071155399084,36.793418884277344
3838.1341002881527,36.790077209472656
3838.4719278663397,36.78695297241211
3838.7998782098293,36.78230667114258
3839.1380980610847,36.778709411621094
3839.4655756652355,36.77565002441406
3839.8031417280436,36.77276611328125
3840.130941197276,36.76875686645508
3840.4697746038437,36.765621185302734
3840.80680757761,36.762054443359375
3841.1345668137074,36.7589225769043
3841.4720121771097,36.75481033325195
3841.7993288487196,36.751712799072266
3842.1385042369366,36.74861145019531
3842.465991899371,36.74576187133789
3842.804091051221,36.74186325073242
3843.131075799465,36.73828125
3843.468752503395,36.73564529418945
3843.7972359359264,36.73234939575195
3844.133846461773,36.728397369384766
3844.4621086120605,36.7250862121582
3844.7999462485313,36.721824645996094
3845.128298923373,36.718482971191406
3845.460644736886,36.71464538574219
3845.7935135811567,36.71129608154297
3846.131441742182,36.708065032958984
3846.4590199291706,36.70481872558594
3846.7970989644527,36.70074462890625
3847.124697268009,36.69768142700195
3847.4633295089006,36.694515228271484
3847.7899823337793,36.691410064697266
3848.1278602033854,36.6864013671875
3848.4553579241037,36.68342590332031
3848.793587833643,36.68077087402344
3849.121367186308,36.67806625366211
3849.459747970104,36.674015045166016
3849.797786772251,36.671207427978516
3850.1244094222784,36.6683235168457
3850.4567451775074,36.66549301147461
3850.7905293256044,36.661460876464844
3851.1280551552773,36.6583366394043
3851.455945149064,36.65521240234375
3851.7929077148438,36.651885986328125
3852.121250331402,36.647953033447266
3852.459379658103,36.64501190185547
3852.786957845092,36.6418571472168
3853.1251676380634,36.63832473754883
3853.452283143997,36.63397979736328
3853.7907041609287,36.63111114501953
3854.118624329567,36.627994537353516
3854.4564217329025,36.6250114440918
3854.783748462796,36.621273040771484
3855.121485516429,36.618045806884766
3855.450451746583,36.61457824707031
3855.787182971835,36.611366271972656
3856.1149019747972,36.60774612426758
3856.452739611268,36.60447311401367
3856.7755702883005,36.60103988647461
3857.119322195649,36.59775924682617
3857.4470311403275,36.59362030029297
3857.7837020158768,36.5905647277832
3858.116912841797,36.58662796020508
3858.450073376298,36.581993103027344
3858.787679672241,36.578731536865234
3859.1155495494604,36.575374603271484
3859.4528540968895,36.57221984863281
3859.781065955758,36.567134857177734
3860.118732601404,36.56404113769531
3860.446783527732,36.56113815307617
3860.7951521873474,36.5576171875
3861.1122094094753,36.553131103515625
3861.4507108926773,36.54964828491211
3861.7778968065977,36.54665756225586
3862.1160563081503,36.54383850097656
3862.443171814084,36.53964614868164
3862.781099975109,36.536094665527344
3863.109754398465,36.53299331665039
3863.4477831423283,36.529720306396484
3863.77521045506,36.525840759277344
3864.1128066927195,36.52275466918945
3864.4411895424128,36.51945114135742
3864.778232574463,36.51679611206055
3865.105599537492,36.512664794921875
3865.4442217200994,36.509037017822266
3865.770884603262,36.50667190551758
3866.109526902437,36.50372314453125
3866.44797809422,36.499576568603516
3866.7749527841806,36.49652099609375
3867.112136632204,36.49374008178711
3867.44142472744,36.48929977416992
3867.7790611982346,36.486473083496094
3868.1068304926157,36.48363494873047
3868.438059836626,36.48118591308594
3868.772105500102,36.47719192504883
3869.109832495451,36.47454071044922
3869.4380443543196,36.47148132324219
3869.775228202343,36.46875762939453
3870.096791535616,36.4658317565918
3870.440050587058,36.46261978149414
3870.7686949521303,36.45979690551758
3871.1063113063574,36.45730209350586
3871.4337185025215,36.452728271484375
3871.7714354395866,36.45057678222656
3872.102614492178,36.447654724121094
3872.438360005617,36.444847106933594
3872.759249433875,36.44190979003906
3873.103242740035,36.43900680541992
3873.4250977635384,36.43626022338867
3873.769885674119,36.43373489379883
3874.09715205431,36.43010330200195
3874.4342152029276,36.42705535888672
3874.7721936553717,36.424869537353516
3875.1011800020933,36.42176055908203
3875.4386253654957,36.41925048828125
3875.765670463443,36.4168815612793
3876.1033672839403,36.414039611816406
3876.4315087348223,36.410343170166016
3876.769245788455,36.407615661621094
3877.0959086716175,36.405025482177734
3877.434390038252,36.402442932128906
3877.761636301875,36.3989372253418
3878.1005300581455,36.39607620239258
3878.4282993525267,36.39323043823242
3878.765392675996,36.3911247253418
3879.092900454998,36.38759231567383
3879.432085901499,36.38517379760742
3879.7590907663107,36.382808685302734
3880.0972402095795,36.37908935546875
3880.4245468229055,36.37596893310547
3880.7621732354164,36.37331771850586
3881.090908125043,36.37097930908203
3881.428011506796,36.367454528808594
3881.755619868636,36.364871978759766
3882.0930249989033,36.36220932006836
3882.4213977903128,36.359397888183594
3882.7597685158253,36.356101989746094
3883.097354695201,36.35329055786133
3883.425274863839,36.350563049316406
3883.762599527836,36.347537994384766
3884.0907007455826,36.344032287597656
3884.428809955716,36.340938568115234
3884.7557947039604,36.33797073364258
3885.093380883336,36.33388137817383
3885.4212507605553,36.331085205078125
3885.75421012938,36.32802963256836
3886.087581887841,36.325225830078125
3886.4254496991634,36.32139205932617
3886.7528669536114,36.31824493408203
3887.0903223752975,36.31522750854492
3887.4124489724636,36.31230926513672
3887.755999714136,36.30821990966797
3888.077784329653,36.30546951293945
3888.422240316868,36.30250549316406
3888.749808445573,36.299137115478516
3889.0883401036263,36.29592514038086
3889.4156266003847,36.2928352355957
3889.7535245865583,36.2906379699707
3890.0810323655605,36.28715515136719
3890.418980643153,36.28422927856445
3890.7467298209667,36.28182601928711
3891.08412489295,36.279048919677734
3891.4340425282717,36.2757682800293
3891.7494401335716,36.27313232421875
3892.0823089778423,36.270172119140625
3892.416002601385,36.26642608642578
3892.7535988390446,36.263919830322266
3893.080724403262,36.261268615722656
3893.419587984681,36.25860595703125
3893.7473874539137,36.255287170410156
3894.0853759646416,36.25199508666992
3894.412773102522,36.24871063232422
3894.7498865425587,36.246028900146484
3895.0774546712637,36.24263000488281
3895.4162277281284,36.2402229309082
3895.7428101450205,36.237396240234375
3896.0754577070475,36.23469161987305
3896.40907086432,36.23131561279297
3896.747924387455,36.2286262512207
3897.075593098998,36.225181579589844
3897.41232432425,36.221858978271484
3897.740847989917,36.21943664550781
3898.0778105556965,36.21654510498047
3898.405620083213,36.2136344909668
3898.74302521348,36.20975875854492
3899.0706738084555,36.20696258544922
3899.4096882641315,36.204288482666016
3899.748109281063,36.201416015625
3900.075586885214,36.197532653808594
3900.4122477024794,36.19439697265625
3900.740459561348,36.1919059753418
3901.077914983034,36.18867874145508
3901.405804976821,36.186275482177734
3901.7438236624002,36.18362808227539
3902.070627361536,36.18107986450195
3902.409128844738,36.17812728881836
3902.737622335553,36.17513656616211
3903.075520321727,36.17215347290039
3903.4029375761747,36.16921615600586
3903.7398397922516,36.166908264160156
3904.062419012189,36.16401290893555
3904.406452551484,36.16133117675781
3904.734342545271,36.157745361328125
3905.071546509862,36.15537643432617
3905.400563031435,36.15262222290039
3905.737515538931,36.14991760253906
3906.065073609352,36.146385192871094
3906.4026698470116,36.14390182495117
3906.730831414461,36.14071273803711
3907.068819925189,36.138221740722656
3907.3966797441244,36.13517379760742
3907.733752951026,36.13238525390625
3908.071791753173,36.12933349609375
3908.400084078312,36.12627029418945
3908.737599849701,36.12400817871094
3909.0654093772173,36.12150955200195
3909.403055906296,36.11883544921875
3909.7307849675417,36.1158447265625
3910.0639153271914,36.11335372924805
3910.3970255702734,36.11079788208008
3910.7347022742033,36.10737228393555
3911.0616870224476,36.1049690246582
3911.400631070137,36.10311508178711
3911.728611588478,36.10081100463867
3912.0658960193396,36.09718704223633
3912.3930014669895,36.095008850097656
3912.7316035330296,36.09292221069336
3913.059352710843,36.089378356933594
3913.3965265005827,36.08717727661133
3913.724124804139,36.08512496948242
3914.062485471368,36.08327102661133
3914.3897719681263,36.08036804199219
3914.7282231599092,36.078163146972656
3915.055962279439,36.07605743408203
3915.393789857626,36.07391357421875
3915.720794722438,36.07067108154297
3916.053733974695,36.06852340698242
3916.397626698017,36.06663513183594
3916.72529540956,36.063716888427734
3917.062107101083,36.06145477294922
3917.389604821801,36.058963775634766
3917.7287701517344,36.05713653564453
3918.0558655411005,36.05448913574219
3918.393572419882,36.052406311035156
3918.7217742204666,36.05039978027344
3919.0537579357624,36.04713821411133
3919.3875320255756,36.04452133178711
3919.7255205363035,36.04243087768555
3920.052173361182,36.03974151611328
3920.390423387289,36.036827087402344
3920.7125198096037,36.034584045410156
3921.0558895021677,36.0325813293457
3921.384010836482,36.029022216796875
3921.7212550342083,36.026817321777344
3922.060963511467,36.0244026184082
3922.3873548209667,36.02223205566406
3922.7156471461058,36.01908874511719
3923.0527706444263,36.01638412475586
3923.3803387731314,36.0137939453125
3923.7126242369413,36.01170349121094
3924.047102406621,36.00829315185547
3924.3846885859966,36.00585174560547
3924.7223149985075,36.003761291503906
3925.0499434769154,36.00114059448242
3925.388163328171,35.998573303222656
3925.7151380181313,35.996253967285156
3926.0534182190895,35.99394226074219
3926.3809863477945,35.99087142944336
3926.7191156744957,35.988670349121094
3927.0474281162024,35.98604965209961
3927.3845214396715,35.98289489746094
3927.7115665376186,35.9808464050293
3928.0497159808874,35.9786491394043
3928.378078714013,35.97593307495117
3928.7162885069847,35.97312545776367
3929.0431927889585,35.971229553222656
3929.381573572755,35.96910095214844
3929.708920419216,35.96569061279297
3930.047281086445,35.96364212036133
3930.369297042489,35.961429595947266
3930.7121235877275,35.959041595458984
3931.0344111174345,35.956321716308594
3931.3785150647163,35.9539909362793
3931.706465408206,35.951332092285156
3932.0427741855383,35.94835662841797
3932.3655545711517,35.94612503051758
3932.7088236808777,35.94358444213867
3933.047626912594,35.94155502319336
3933.3749435842037,35.9389533996582
3933.7126806378365,35.937103271484375
3934.0401582419872,35.93549346923828
3934.37831774354,35.93291091918945
3934.7066301852465,35.93040466308594
3935.04381403327,35.928611755371094
3935.3715632110834,35.92692947387695
3935.710034519434,35.92390823364258
3936.0366974025965,35.92173385620117
3936.376003548503,35.91975021362305
3936.70191206038,35.91719436645508
3937.0411578565836,35.914955139160156
3937.3683135956526,35.91327667236328
3937.706271931529,35.91094207763672
3938.034926354885,35.907958984375
3938.371556997299,35.9058723449707
3938.6996883898973,35.90352249145508
3939.03742544353,35.90081024169922
3939.365476369858,35.89835739135742
3939.703082665801,35.89619445800781
3940.0297354906797,35.89411163330078
3940.3692930936813,35.8914680480957
3940.696458891034,35.88966369628906
3941.0343568772078,35.88738250732422
3941.371188685298,35.88417053222656
3941.6998129338026,35.882301330566406
3942.0374896377325,35.88022232055664
3942.365087941289,35.877071380615234
3942.7031971514225,35.87488555908203
3943.0302020162344,35.87288284301758
3943.368673324585,35.870750427246094
3943.6965230852365,35.867523193359375
3944.0354872494936,35.86517333984375
3944.3621400743723,35.86341857910156
3944.7002694010735,35.861263275146484
3945.028008520603,35.85830307006836
3945.36604732275,35.85578536987305
3945.692951604724,35.85381317138672
3946.031956002116,35.85065460205078
3946.3536500930786,35.848533630371094
3946.6965470463037,35.84688949584961
3947.0247991383076,35.8435173034668
3947.3622746765614,35.8414192199707
3947.690164670348,35.840110778808594
3948.0283241719007,35.837894439697266
3948.3560733497143,35.83525466918945
3948.6940015107393,35.832313537597656
3949.0207951515913,35.830230712890625
3949.3603326380253,35.82851028442383
3949.697717651725,35.82646942138672
3950.0249337404966,35.82418441772461
3950.362741202116,35.82136154174805
3950.690510496497,35.81885528564453
3951.0228764265776,35.817047119140625
3951.3565097004175,35.81551742553711
3951.694216579199,35.81283187866211
3952.021322026849,35.81017303466797
3952.3593105375767,35.808448791503906
3952.687592804432,35.80654525756836
3953.025460615754,35.80449295043945
3953.3523347228765,35.80192184448242
3953.69044393301,35.799373626708984
3954.0183540433645,35.79725646972656
3954.356322437525,35.795196533203125
3954.6838603913784,35.79356002807617
3955.021195113659,35.791046142578125
3955.3497690707445,35.78904342651367
3955.681551620364,35.78683853149414
3956.0094617307186,35.784576416015625
3956.3529420644045,35.78292465209961
3956.674937903881,35.78049087524414
3957.0197761058807,35.778587341308594
3957.347324118018,35.776611328125
3957.6839949935675,35.775028228759766
3958.0220237374306,35.772430419921875
3958.3498433232307,35.770381927490234
3958.68878737092,35.76863479614258
3959.0094454586506,35.766563415527344
3959.3530163168907,35.7647590637207
3959.680996835232,35.762413024902344
3960.018251091242,35.760826110839844
3960.346704348922,35.75880432128906
3960.685306414962,35.7562255859375
3961.010993644595,35.75340270996094
3961.349917575717,35.75185012817383
3961.6775058209896,35.749759674072266
3962.0165303349495,35.74761962890625
3962.3433239758015,35.745216369628906
3962.6813426613808,35.74245834350586
3963.0208499729633,35.74045944213867
3963.3462253957987,35.73817825317383
3963.673773407936,35.73587417602539
3964.0121039003134,35.73344039916992
3964.3388371914625,35.730262756347656
3964.6785255521536,35.727909088134766
3965.0061037391424,35.725135803222656
3965.343227237463,35.72305679321289
3965.6708355993032,35.72003936767578
3966.0091761499643,35.71800994873047
3966.3468427956104,35.71586990356445
3966.67458191514,35.71418380737305
3967.0128017663956,35.71208190917969
3967.339474707842,35.70878601074219
3967.678489163518,35.70663070678711
3968.006519973278,35.704681396484375
3968.3440659195185,35.703155517578125
3968.6708997935057,35.70023727416992
3969.008345156908,35.69765853881836
3969.337995350361,35.69472122192383
3969.6744851768017,35.693050384521484
3970.002878084779,35.69132995605469
3970.33987082541,35.68877029418945
3970.6691287457943,35.68654251098633
3971.0060007870197,35.684452056884766
3971.333599090576,35.682167053222656
3971.6717284172773,35.6794548034668
3971.9994373619556,35.6776123046875
3972.3383612930775,35.6750373840332
3972.6649839431047,35.67259979248047
3973.003425076604,35.669918060302734
3973.3307115733624,35.667545318603516
3973.6692532896996,35.6647834777832
3973.9970728754997,35.662837982177734
3974.334427714348,35.66034698486328
3974.6714506298304,35.657535552978516
3974.999411031604,35.65526580810547
3975.3377716988325,35.653202056884766
3975.665460526943,35.651206970214844
3976.002825424075,35.64915466308594
3976.3252437114716,35.64607620239258
3976.6690257936716,35.64363479614258
3976.997147127986,35.641571044921875
3977.3341801017523,35.639217376708984
3977.6627842336893,35.63644790649414
3977.9994551092386,35.633914947509766
3978.3276468515396,35.63153839111328
3978.665927052498,35.629127502441406
3978.987178578973,35.62659454345703
3979.3315943330526,35.622962951660156
3979.6584583818913,35.62078094482422
3979.9977846443653,35.61848068237305
3980.3248699754477,35.615718841552734
3980.6612491607666,35.61193084716797
3980.990497022867,35.6096305847168
3981.328274309635,35.607269287109375
3981.6558323800564,35.604942321777344
3981.9934990257025,35.602760314941406
3982.3204535990953,35.59995651245117
3982.6599307358265,35.59724426269531
3982.996792718768,35.594947814941406
3983.3259500563145,35.59267807006836
3983.661625161767,35.5896110534668
3983.9893843978643,35.587276458740234
3984.327946230769,35.58501434326172
3984.6551924943924,35.582801818847656
3984.994488582015,35.58142852783203
3985.3214230388403,35.578426361083984
3985.6591902673244,35.576908111572266
3985.9866980463266,35.57500076293945
3986.326014250517,35.57313919067383
3986.6519428789616,35.57032775878906
3986.990836635232,35.568763732910156
3987.3179621994495,35.56670379638672
3987.655558437109,35.565040588378906
3987.9835691303015,35.56288528442383
3988.3210949599743,35.560707092285156
3988.6488039046526,35.55912399291992
3988.987697660923,35.55728530883789
3989.3149439245462,35.556148529052734
3989.652409404516,35.55300521850586
3989.9807520210743,35.55086135864258
3990.3186298906803,35.54926300048828
3990.6460773199797,35.5479850769043
3990.9839250147343,35.54539108276367
3991.3217525929213,35.543643951416016
3991.6488982737064,35.541683197021484
3991.987419873476,35.540157318115234
3992.3153903335333,35.53752517700195
3992.6533184945583,35.53556823730469
3992.980967089534,35.5340690612793
3993.3185633271933,35.5324592590332
3993.657959997654,35.53068161010742
3993.9839892089367,35.52845001220703
3994.3119898438454,35.526485443115234
3994.6494553238153,35.52488708496094
3994.9777375906706,35.52299499511719
3995.3159373253584,35.52112579345703
3995.643475279212,35.51908493041992
3995.9810212254524,35.517616271972656
3996.3078752160072,35.515472412109375
3996.6474026441574,35.51314163208008
3996.974105760455,35.510189056396484
3997.3124966025352,35.50865173339844
3997.639813274145,35.50687789916992
3997.9790691286325,35.5048828125
3998.2997573912144,35.50175094604492
3998.6439619213343,35.49982833862305
3998.971379175782,35.4981689453125
3999.3093073368073,35.495792388916016
3999.647517129779,35.492942810058594
3999.9752663075924,35.490806579589844
4000.3130234777927,35.487918853759766
4000.6404910236597,35.48628616333008
4000.9780772030354,35.48386764526367
4001.3065304607153,35.481163024902344
4001.644368097186,35.479068756103516
4001.971010863781,35.47694778442383
4002.3033265024424,35.47477722167969
4002.63676866889,35.47205352783203
4002.975421026349,35.469688415527344
4003.3025465905666,35.467403411865234
4003.640716150403,35.465267181396484
4003.96755002439,35.462562561035156
4004.307087510824,35.46061325073242
4004.633991792798,35.4586296081543
4004.9723625183105,35.45671844482422
4005.299226567149,35.45459747314453
4005.636752396822,35.45176315307617
4005.9648737311363,35.449951171875
4006.297279894352,35.44796371459961
4006.6313356161118,35.44578170776367
4006.9683484733105,35.44322204589844
4007.295624911785,35.441932678222656
4007.6351422816515,35.44023513793945
4007.972477003932,35.438270568847656
4008.3003770560026,35.43573760986328
4008.636997640133,35.43406677246094
4008.9655112475157,35.432491302490234
4009.2975452542305,35.431026458740234
4009.630725905299,35.42880630493164
4009.9693179130554,35.426475524902344
4010.296845808625,35.42531204223633
4010.6353271752596,35.423526763916016
4010.96137650311,35.421627044677734
4011.3000992685556,35.41905975341797
4011.6278383880854,35.417213439941406
4011.9649417698383,35.41477966308594
4012.2937973588705,35.413307189941406
4012.6310013234615,35.41083908081055
4012.9581470042467,35.40841293334961
4013.297251984477,35.4063720703125
4013.6245284229517,35.40475845336914
4013.961571455002,35.40224838256836
4014.2898738384247,35.39921569824219
4014.6277014166117,35.39738082885742
4014.955088496208,35.39511489868164
4015.2927350252867,35.39340591430664
4015.620333328843,35.390419006347656
4015.9590259194374,35.388404846191406
4016.2966422736645,35.38667678833008
4016.6247937828302,35.38502883911133
4016.9618267565966,35.382118225097656
4017.289636284113,35.3804817199707
4017.628952488303,35.378421783447266
4017.9563898593187,35.37671661376953
4018.294056504965,35.37447738647461
4018.6214737594128,35.37259292602539
4018.9582251012325,35.37026596069336
4019.2877646535635,35.368587493896484
4019.624475762248,35.366390228271484
4019.9527077376842,35.36398696899414
4020.2899519354105,35.36227035522461
4020.6190288066864,35.36079025268555
4020.956303179264,35.35871887207031
4021.2835494428873,35.35599136352539
4021.6215681284666,35.354530334472656
4021.9495687633753,35.352603912353516
4022.287456691265,35.351070404052734
4022.6153064519167,35.34849166870117
4022.95312397182,35.34652328491211
4023.280682042241,35.34479904174805
4023.6179564148188,35.34306335449219
4023.946238681674,35.34087371826172
4024.284106492996,35.339473724365234
4024.622205644846,35.339473724365234
4024.9492306262255,35.33572006225586
4025.2817776054144,35.33408737182617
4025.6095368415117,35.33256912231445
4025.953318923712,35.33078384399414
4026.281289383769,35.32904052734375
4026.61777921021,35.327606201171875
4026.9469164311886,35.3251953125
4027.2838689386845,35.32337188720703
4027.6118595153093,35.321956634521484
4027.9504515230656,35.320499420166016
4028.277848660946,35.31879425048828
4028.615354374051,35.317047119140625
4028.9434153586626,35.31541442871094
4029.2811524122953,35.31407165527344
4029.6090122312307,35.31192398071289
4029.9472521990538,35.31022644042969
4030.2749812602997,35.30865478515625
4030.606059730053,35.30865478515625
4030.9401154518127,35.30520248413086
4031.278335303068,35.303314208984375
4031.605541333556,35.301605224609375
4031.943057104945,35.300777435302734
4032.271319255233,35.29881286621094
4032.608161121607,35.29697036743164
4032.940808683634,35.295528411865234
4033.2687992602587,35.2940673828125
4033.6120180785656,35.29197692871094
4033.933873102069,35.29059982299805
4034.277433902025,35.28913879394531
4034.617504477501,35.28748321533203
4034.9440567195415,35.28585433959961
4035.2709107100964,35.28410339355469
4035.6085170060396,35.28312683105469
4035.937613993883,35.28117370605469
4036.2747073173523,35.28028106689453
4036.603170633316,35.278114318847656
4036.9398314505816,35.27635192871094
4037.2682344168425,35.274566650390625
4037.600338831544,35.273109436035156
4037.9335295408964,35.271305084228516
4038.2716689258814,35.26917266845703
4038.598693907261,35.267662048339844
4038.9376178383827,35.266109466552734
4039.2657190561295,35.264225006103516
4039.6033354103565,35.263153076171875
4039.924808219075,35.261322021484375
4040.26833884418,35.259796142578125
4040.5965607613325,35.25835418701172
4040.934368222952,35.25657272338867
4041.271612420678,35.2552604675293
4041.6007697582245,35.2537727355957
4041.932290792465,35.25191879272461
4042.2593157738447,35.25043869018555
4042.602786049247,35.24932098388672
4042.931007966399,35.24817657470703
4043.268473446369,35.24585723876953
4043.596735596657,35.24492263793945
4043.9346738159657,35.243404388427734
4044.262171536684,35.241851806640625
4044.599637016654,35.24106216430664
4044.927456602454,35.23940658569336
4045.2653847634792,35.238338470458984
4045.5927819013596,35.23678207397461
4045.930951461196,35.235633850097656
4046.2578658014536,35.23371505737305
4046.5973932296038,35.23250198364258
4046.924629434943,35.23165512084961
4047.262678295374,35.23011016845703
4047.5900754332542,35.228614807128906
4047.9280840605497,35.2270622253418
4048.255793005228,35.225948333740234
4048.593409359455,35.22472381591797
4048.9216715097427,35.222984313964844
4049.2585334926844,35.22133255004883
4049.5975982397795,35.219669342041016
4049.9194633215666,35.21820831298828
4050.2630542963743,35.21650314331055
4050.590320676565,35.21528244018555
4050.9281381964684,35.21348190307617
4051.256661862135,35.21155548095703
4051.5936344861984,35.20954513549805
4051.9212428480387,35.20794677734375
4052.2528041154146,35.20671463012695
4052.587302401662,35.20563507080078
4052.925683185458,35.20396423339844
4053.2533317804337,35.202579498291016
4053.5901937633753,35.20126724243164
4053.9183352142572,35.200225830078125
4054.256062209606,35.198326110839844
4054.578047990799,35.19706344604492
4054.915402829647,35.195945739746094
4055.243393406272,35.1946907043457
4055.5818747729063,35.19255447387695
4055.9153370559216,35.19086456298828
4056.252822652459,35.18954849243164
4056.5802801400423,35.18820571899414
4056.918027251959,35.18719482421875
4057.246208935976,35.185157775878906
4057.578434050083,35.18434143066406
4057.921451702714,35.183349609375
4058.250518515706,35.181270599365234
4058.587108924985,35.18056869506836
4058.915863931179,35.178611755371094
4059.2537820339203,35.17755889892578
4059.5806058496237,35.175636291503906
4059.9127404391766,35.174869537353516
4060.245830565691,35.173221588134766
4060.584342107177,35.17197036743164
4060.912151634693,35.17021942138672
4061.2494360655546,35.16888427734375
4061.577406525612,35.167442321777344
4061.9158677756786,35.166229248046875
4062.243828177452,35.164424896240234
4062.5813238322735,35.162776947021484
4062.9075542092323,35.161312103271484
4063.2469911128283,35.160091400146484
4063.5742072016,35.158409118652344
4063.912960141897,35.156654357910156
4064.2388485372066,35.155269622802734
4064.5780943334103,35.15428161621094
4064.905109256506,35.15327835083008
4065.2435705065727,35.1517448425293
4065.570927411318,35.15076446533203
4065.9076888114214,35.14923095703125
4066.2368260324,35.14784622192383
4066.574553027749,35.14595031738281
4066.9124610722065,35.1448860168457
4067.2390937805176,35.143672943115234
4067.5780177116394,35.14243698120117
4067.905605956912,35.140098571777344
4068.243695050478,35.13911437988281
4068.570599332452,35.13803482055664
4068.909130990505,35.13676071166992
4069.2370411008596,35.1352653503418
4069.5747781544924,35.13368225097656
4069.9025876820087,35.132469177246094
4070.239982753992,35.13092041015625
4070.5677922815084,35.12956619262695
4070.9056198596954,35.12860107421875
4071.2332483381033,35.127838134765625
4071.5712770819664,35.12685012817383
4071.9003941863775,35.12546157836914
4072.237789258361,35.12472152709961
4072.56544791162,35.12333679199219
4072.902148962021,35.12239456176758
4073.2305016368628,35.120872497558594
4073.567856475711,35.119781494140625
4073.890697211027,35.11941146850586
4074.2337249219418,35.11790466308594
4074.5558816939592,35.11631393432617
4074.8990200459957,35.1151008605957
4075.237913802266,35.11423110961914
4075.564928725362,35.11319351196289
4075.902545079589,35.11149597167969
4076.230626180768,35.1104621887207
4076.5676390379667,35.10947036743164
4076.8965750932693,35.108360290527344
4077.234674245119,35.106353759765625
4077.561568468809,35.10516357421875
4077.8991647064686,35.10388946533203
4078.227024525404,35.102203369140625
4078.566139563918,35.10048294067383
4078.892772272229,35.09943771362305
4079.230871424079,35.09741973876953
4079.558751359582,35.096160888671875
4079.89134863019,35.094242095947266
4080.224881321192,35.092796325683594
4080.562014877796,35.09178161621094
4080.8832965791225,35.090553283691406
4081.2278531491756,35.0886344909668
4081.5555218607187,35.086830139160156
4081.893138214946,35.08537673950195
4082.221410423517,35.0839729309082
4082.558423280716,35.08242416381836
4082.886775955558,35.08082580566406
4083.2185484468937,35.07909393310547
4083.5625115782022,35.077762603759766
4083.889576792717,35.07613754272461
4084.2273641377687,35.07490539550781
4084.556370601058,35.07341384887695
4084.8942685872316,35.07185363769531
4085.2211829274893,35.07032775878906
4085.5595737695694,35.06927490234375
4085.8860053122044,35.067440032958984
4086.2251304090023,35.066349029541016
4086.552819237113,35.06435775756836
4086.8899930268526,35.06270217895508
4087.217953428626,35.06156921386719
4087.5566359609365,35.06039810180664
4087.883721292019,35.05881881713867
4088.2214080542326,35.05783462524414
4088.5498210787773,35.05675506591797
4088.88713568449,35.055294036865234
4089.2151162028313,35.05398941040039
4089.553537219763,35.05264663696289
4089.8809041827917,35.05094909667969
4090.217776224017,35.04947280883789
4090.547114610672,35.0474967956543
4090.8839967101812,35.04607009887695
4091.211313381791,35.04490661621094
4091.5495935827494,35.04305648803711
4091.886707022786,35.04138946533203
4092.2155424952507,35.039817810058594
4092.5535913556814,35.03866195678711
4092.8745713084936,35.0374641418457
4093.217860534787,35.03538513183594
4093.546474725008,35.033782958984375
4093.884402886033,35.03253936767578
4094.2121621221304,35.03141403198242
4094.549285620451,35.0297966003418
4094.8773365467787,35.028499603271484
4095.21546587348,35.027565002441406
4095.543023943901,35.02582550048828
4095.8811834454536,35.02440643310547
4096.208942681551,35.023460388183594
4096.546699851751,35.022212982177734
4096.874096989632,35.0202522277832
4097.212216258049,35.01961898803711
4097.540287300944,35.01814651489258
4097.8774309158325,35.017173767089844
4098.204757645726,35.01506423950195
4098.5372342169285,35.01403045654297
4098.870585858822,35.01284408569336
4099.208835884929,35.01136016845703
4099.5366755872965,35.00971984863281
4099.87541846931,35.008514404296875
4100.212803483009,35.00724411010742
4100.54049231112,35.0058479309082
4100.877384468913,35.00450897216797
4101.205938309431,35.00370407104492
4101.537519693375,35.00218200683594
4101.871816813946,35.00075149536133
4102.203186973929,34.99866485595703
4102.5370717048645,34.996788024902344
4102.875050157309,34.9954948425293
4103.202557936311,34.994632720947266
4103.540938720107,34.992279052734375
4103.86739037931,34.99107360839844
4104.206766933203,34.98967361450195
4104.534405469894,34.987911224365234
4104.871287569404,34.98540496826172
4105.1989160478115,34.98366928100586
4105.537186190486,34.98184585571289
4105.864231288433,34.98020553588867
4106.202823296189,34.978092193603516
4106.530753523111,34.97643280029297
4106.868530809879,34.97524642944336
4107.195978239179,34.972862243652344
4107.534308731556,34.97103500366211
4107.855761423707,34.96927261352539
4108.193347603083,34.967681884765625
4108.5364658385515,34.966697692871094
4108.86539183557,34.96443557739258
4109.2028472572565,34.96321487426758
4109.530284628272,34.961944580078125
4109.868685528636,34.96041488647461
4110.195901617408,34.95846176147461
4110.534362867475,34.95668411254883
4110.862313210964,34.95546340942383
4111.19387447834,34.95438766479492
4111.526703089476,34.952213287353516
4111.859722808003,34.950313568115234
4112.187512218952,34.9483642578125
4112.5308919698,34.946231842041016
4112.852455303073,34.94365310668945
4113.196297734976,34.94196319580078
4113.524479418993,34.939876556396484
4113.862407580018,34.937721252441406
4114.189472794533,34.93598175048828
4114.5272098481655,34.933780670166016
4114.855321124196,34.932098388671875
4115.193551033735,34.9298095703125
4115.519841760397,34.9274787902832
4115.85921831429,34.92584228515625
4116.1868669092655,34.9239616394043
4116.524815186858,34.92163848876953
4116.862431541085,34.92012023925781
4117.189607396722,34.91830062866211
4117.5279680639505,34.9167366027832
4117.856481671333,34.91449737548828
4118.188073113561,34.91229248046875
4118.521696329117,34.91077423095703
4118.852684274316,34.90891647338867
4119.186790287495,34.90653991699219
4119.525744393468,34.905052185058594
4119.85261850059,34.90285873413086
4120.190345495939,34.901058197021484
4120.517440885305,34.89884948730469
4120.855560153723,34.89659881591797
4121.184214577079,34.894309997558594
4121.522082388401,34.892539978027344
4121.848845854402,34.89021301269531
4122.186442092061,34.88862228393555
4122.514070570469,34.886512756347656
4122.852682694793,34.88408279418945
4123.174366727471,34.88264846801758
4123.51782694459,34.880802154541016
4123.845716938376,34.87955856323242
4124.184178188443,34.87702941894531
4124.5115250349045,34.875614166259766
4124.850207567215,34.8736457824707
4125.186848267913,34.87232971191406
4125.51595531404,34.87020492553711
4125.853511318564,34.868247985839844
4126.180405542254,34.86708068847656
4126.512499898672,34.865699768066406
4126.845509558916,34.864227294921875
4127.185036987066,34.86176681518555
4127.511569112539,34.8602294921875
4127.849346399307,34.85951232910156
4128.177608549595,34.8575553894043
4128.515939041972,34.855464935302734
4128.8433361798525,34.85422897338867
4129.181727021933,34.85276412963867
4129.507997632027,34.85127258300781
4129.84652929008,34.8498420715332
4130.174218118191,34.84866714477539
4130.512910708785,34.84718322753906
4130.839714407921,34.846126556396484
4131.171929463744,34.84492492675781
4131.505452096462,34.84341049194336
4131.843500956893,34.84209060668945
4132.170777395368,34.84089279174805
4132.509288936853,34.83958053588867
4132.835861295462,34.837554931640625
4133.17456394434,34.83595275878906
4133.511647209525,34.83373260498047
4133.840190991759,34.83210754394531
4134.177495539188,34.83041000366211
4134.505677223206,34.8281135559082
4134.842840954661,34.82572555541992
4135.1711332798,34.82361602783203
4135.5087496340275,34.8215446472168
4135.836780443788,34.81955337524414
4136.174477264285,34.81718444824219
4136.501914635301,34.81538772583008
4136.839792504907,34.81315231323242
4137.167712673545,34.81044387817383
4137.505469843745,34.8080940246582
4137.833530828357,34.80603790283203
4138.171378523111,34.80366516113281
4138.498504087329,34.80192184448242
4138.836251199245,34.79948043823242
4139.159373566508,34.79707336425781
4139.503065124154,34.79483413696289
4139.824467524886,34.79334259033203
4140.168138965964,34.79043197631836
4140.496843680739,34.788692474365234
4140.82849547267,34.78658676147461
4141.162249445915,34.784358978271484
4141.499141603708,34.782474517822266
4141.837260872126,34.77983474731445
4142.165784537792,34.77764892578125
4142.502606287599,34.776153564453125
4142.830114066601,34.77420425415039
4143.168293684721,34.771461486816406
4143.495690822601,34.769405364990234
4143.833880499005,34.76722717285156
4144.161931425333,34.7651252746582
4144.49997022748,34.763336181640625
4144.82707567513,34.761531829833984
4145.165446400642,34.75928497314453
4145.492913946509,34.75766372680664
4145.830821990967,34.75639343261719
4146.15798778832,34.753604888916016
4146.496549621224,34.751773834228516
4146.825163811445,34.74995040893555
4147.162237018347,34.74781799316406
4147.489362582564,34.7450065612793
4147.82745167613,34.743141174316406
4148.15455712378,34.74114990234375
4148.487375676632,34.73929977416992
4148.821330815554,34.737300872802734
4149.158816412091,34.73562240600586
4149.485720694065,34.73357391357422
4149.8187102377415,34.73198699951172
4150.162240862846,34.7301139831543
4150.490603595972,34.72801208496094
4150.827757269144,34.72608947753906
4151.155536621809,34.724510192871094
4151.494209095836,34.722442626953125
4151.821757107973,34.720001220703125
4152.15950421989,34.718204498291016
4152.480705454946,34.71592330932617
4152.825976163149,34.71398162841797
4153.153795748949,34.712013244628906
4153.48922945559,34.709503173828125
4153.811647742987,34.70751953125
4154.155801981688,34.70613098144531
4154.4832192361355,34.70408248901367
4154.822374507785,34.70201110839844
4155.148373544216,34.70061492919922
4155.486864969134,34.69899368286133
4155.815197527409,34.69734573364258
4156.153638660908,34.6954460144043
4156.479537114501,34.694332122802734
4156.817867606878,34.693180084228516
4157.146602496505,34.69209289550781
4157.483444362879,34.689453125
4157.811042666435,34.687889099121094
4158.149131760001,34.68578338623047
4158.486979454756,34.68439483642578
4158.81531201303,34.68161392211914
4159.153813496232,34.68002700805664
4159.481472149491,34.67795944213867
4159.8189275711775,34.676300048828125
4160.147773101926,34.67363739013672
4160.484202578664,34.672359466552734
4160.8115795999765,34.670372009277344
4161.150091141462,34.66867446899414
4161.47629134357,34.66657638549805
4161.815245449543,34.66604232788086
4162.1423207223415,34.66422653198242
4162.481305003166,34.66212463378906
4162.807766720653,34.66063690185547
4163.146449252963,34.658931732177734
4163.474530354142,34.657554626464844
4163.811261579394,34.655799865722656
4164.139684662223,34.654266357421875
4164.476647228003,34.65262222290039
4164.805714040995,34.651390075683594
4165.142676606774,34.650272369384766
4165.47032520175,34.64907455444336
4165.808162838221,34.647247314453125
4166.135831549764,34.64607620239258
4166.474192216992,34.64481735229492
4166.8119091540575,34.6434326171875
4167.139668390155,34.642147064208984
4167.489475384355,34.64116668701172
4167.805385962129,34.63970184326172
4168.143545463681,34.6382942199707
4168.471173942089,34.63701248168945
4168.808458372951,34.63494110107422
4169.136157259345,34.63353729248047
4169.474849849939,34.63273239135742
4169.802478328347,34.63127517700195
4170.1411709189415,34.62961959838867
4170.467733219266,34.628604888916016
4170.806224644184,34.62712478637695
4171.132887527347,34.62563705444336
4171.471268311143,34.623802185058594
4171.798554807901,34.62312698364258
4172.137086465955,34.62177658081055
4172.464976459742,34.620182037353516
4172.802572697401,34.6192512512207
4173.130764439702,34.6180419921875
4173.468018695712,34.61676025390625
4173.796441778541,34.6160888671875
4174.133776500821,34.6151123046875
4174.461596086621,34.613277435302734
4174.798800051212,34.61179733276367
4175.1369293779135,34.61085891723633
4175.464487448335,34.60981750488281
4175.802425667644,34.60819625854492
4176.131593063474,34.60670471191406
4176.467620208859,34.6058349609375
4176.79657638073,34.60472869873047
4177.13433355093,34.60255813598633
4177.461499348283,34.60114669799805
4177.79840156436,34.599632263183594
4178.121503815055,34.59773635864258
4178.4656178206205,34.59640121459961
4178.792602568865,34.594749450683594
4179.130440205336,34.593257904052734
4179.458088800311,34.59187698364258
4179.795131832361,34.590030670166016
4180.124198645353,34.58838653564453
4180.461684241891,34.58637619018555
4180.7837303727865,34.584903717041016
4181.126888841391,34.582923889160156
4181.456217169762,34.58146667480469
4181.793602183461,34.57988739013672
4182.120918855071,34.57878112792969
4182.458404451609,34.57720184326172
4182.785992696881,34.575157165527344
4183.124594762921,34.5737419128418
4183.461849018931,34.57240676879883
4183.789588138461,34.571041107177734
4184.127566590905,34.56907272338867
4184.45619083941,34.5677604675293
4184.79706607759,34.56623840332031
4185.12155637145,34.56464767456055
4185.458971560001,34.562068939208984
4185.786227881908,34.561100006103516
4186.1249808222055,34.559417724609375
4186.452740058303,34.557952880859375
4186.790306121111,34.55607604980469
4187.111980095506,34.55513381958008
4187.455530837178,34.55340576171875
4187.783762812614,34.55146026611328
4188.121882081032,34.55039978027344
4188.448756188154,34.549198150634766
4188.786955922842,34.5480842590332
4189.114725217223,34.54631042480469
4189.453095942736,34.5452995300293
4189.780744537711,34.543922424316406
4190.111591666937,34.54225540161133
4190.445164591074,34.54081726074219
4190.78409858048,34.53960037231445
4191.112018749118,34.53787612915039
4191.448971256614,34.537166595458984
4191.787020117044,34.5360107421875
4192.114819586277,34.53450012207031
4192.4531903117895,34.53215789794922
4192.780627682805,34.5303840637207
4193.111897259951,34.529052734375
4193.446224555373,34.52740478515625
4193.784152716398,34.5245361328125
4194.111559912562,34.52233123779297
4194.4492265582085,34.52062225341797
4194.7774685919285,34.518577575683594
4195.115245878696,34.51617431640625
4195.442109927535,34.514488220214844
4195.774968713522,34.51311111450195
4196.1074855178595,34.511653900146484
4196.439730748534,34.509891510009766
4196.774319559336,34.5076789855957
4197.112368419766,34.50634765625
4197.438820078969,34.5048713684082
4197.777170687914,34.503238677978516
4198.104779049754,34.501285552978516
4198.443823680282,34.50007247924805
4198.770999535918,34.49870300292969
4199.107821285725,34.4971809387207
4199.436686933041,34.49555587768555
4199.773810431361,34.49445724487305
4200.112955644727,34.49283981323242
4200.440161675215,34.49140548706055
4200.77817030251,34.490169525146484
4201.099763810635,34.48930358886719
4201.443747058511,34.488006591796875
4201.7721600830555,34.48685836791992
4202.109152823687,34.48518371582031
4202.436228096485,34.48363494873047
4202.77394503355,34.48249435424805
4203.101382404566,34.4813117980957
4203.440356627107,34.4797477722168
4203.76802533865,34.477821350097656
4204.106215015054,34.476959228515625
4204.43360209465,34.47529220581055
4204.772264510393,34.47309494018555
4205.098907276988,34.47209548950195
4205.4369159042835,34.47035217285156
4205.765178054571,34.46915817260742
4206.1018992215395,34.46712875366211
4206.429638341069,34.465885162353516
4206.767164170742,34.46387481689453
4207.09571801126,34.46267318725586
4207.4336260557175,34.461055755615234
4207.761294767261,34.45899200439453
4208.099343627691,34.457786560058594
4208.436980098486,34.4560661315918
4208.76531265676,34.45391845703125
4209.10227522254,34.4525032043457
4209.429692476988,34.45071029663086
4209.768163785338,34.449344635009766
4210.095359757543,34.44696807861328
4210.433881357312,34.44560623168945
4210.761469602585,34.44366455078125
4211.099860444665,34.442359924316406
4211.426865309477,34.44036102294922
4211.76518574357,34.43856430053711
4212.092552706599,34.43684387207031
4212.430943548679,34.43523025512695
4212.758008763194,34.43340301513672
4213.097083568573,34.430606842041016
4213.424138724804,34.428016662597656
4213.761463388801,34.42598342895508
4214.089695364237,34.424137115478516
4214.426537230611,34.42143630981445
4214.75482955575,34.41990661621094
4215.093552321196,34.41788864135742
4215.421130508184,34.416542053222656
4215.758465230465,34.413177490234375
4216.085761785507,34.41057586669922
4216.424906998873,34.408111572265625
4216.761829331517,34.40555953979492
4217.089256644249,34.40201187133789
4217.427526786923,34.39899444580078
4217.754944041371,34.39604949951172
4218.093988671899,34.393516540527344
4218.420933187008,34.390037536621094
4218.758358433843,34.38743209838867
4219.086278602481,34.3850212097168
4219.418835639954,34.3831672668457
4219.74601149559,34.380210876464844
4220.089894160628,34.377994537353516
4220.412030816078,34.37514114379883
4220.755340158939,34.372493743896484
4221.084366738796,34.369789123535156
4221.421580761671,34.367610931396484
4221.748364344239,34.36568069458008
4222.080448642373,34.36262512207031
4222.414987161756,34.36033248901367
4222.752512991428,34.358642578125
4223.074840754271,34.35662078857422
4223.418099805713,34.35525894165039
4223.746019974351,34.35263442993164
4224.083917960525,34.35105895996094
4224.412170052528,34.349334716796875
4224.749394133687,34.34764862060547
4225.087151303887,34.34598159790039
4225.414850190282,34.34451675415039
4225.7531102746725,34.3430061340332
4226.080406829715,34.3414421081543
4226.418737322092,34.33979797363281
4226.739646866918,34.33817672729492
4227.084364369512,34.33689880371094
4227.412173897028,34.33567428588867
4227.749599143863,34.33369827270508
4228.07706668973,34.332340240478516
4228.4152664244175,34.33091354370117
4228.7438202649355,34.32939910888672
4229.080833122134,34.32775115966797
4229.407154023647,34.32619094848633
4229.746621102095,34.32472610473633
4230.073857307434,34.32367706298828
4230.411151796579,34.321964263916016
4230.7399068027735,34.320133209228516
4231.077774614096,34.318321228027344
4231.405030936003,34.31703567504883
4231.742345541716,34.31511688232422
4232.0711106061935,34.31391906738281
4232.409420982003,34.312992095947266
4232.735409960151,34.31150817871094
4233.073750510812,34.30910110473633
4233.412976190448,34.3071174621582
4233.739890530705,34.305538177490234
4234.07837189734,34.30390930175781
4234.4059601426125,34.3018684387207
4234.743113815784,34.300174713134766
4235.070943459868,34.29805374145508
4235.408328473568,34.2961311340332
4235.737123712897,34.29366683959961
4236.074377968907,34.29210662841797
4236.402519419789,34.29060745239258
4236.74006536603,34.289127349853516
4237.067633494735,34.28755187988281
4237.405269965529,34.28679275512695
4237.733190134168,34.28512954711914
4238.071228936315,34.284000396728516
4238.398022577167,34.282691955566406
4238.7367352843285,34.28179931640625
4239.076152071357,34.28037643432617
4239.40289542079,34.27924728393555
4239.730352908373,34.278316497802734
4240.066752210259,34.27682113647461
4240.395416691899,34.27577590942383
4240.732942521572,34.273921966552734
4241.0611141473055,34.27310562133789
4241.399947553873,34.27197265625
4241.736829653382,34.27094268798828
4242.058815434575,34.269813537597656
4242.403070256114,34.267799377441406
4242.731171473861,34.2667350769043
4243.068616837263,34.265586853027344
4243.395611643791,34.264652252197266
4243.734223768115,34.26334762573242
4244.061761721969,34.2615852355957
4244.400253146887,34.26076889038086
4244.726463407278,34.26003646850586
4245.065668970346,34.258705139160156
4245.39249278605,34.25722122192383
4245.7315273582935,34.25596237182617
4246.057787910104,34.255043029785156
4246.390224248171,34.25337600708008
4246.723897755146,34.25204849243164
4247.061101719737,34.25068664550781
4247.389313578606,34.248687744140625
4247.726899757981,34.24684143066406
4248.055423423648,34.24553680419922
4248.392939195037,34.243492126464844
4248.720386624336,34.241634368896484
4249.058455601335,34.23851776123047
4249.386637285352,34.236724853515625
4249.723881483078,34.234867095947266
4250.061970576644,34.23332977294922
4250.389337539673,34.231483459472656
4250.72758756578,34.229610443115234
4251.054783537984,34.22813034057617
4251.393244788051,34.227108001708984
4251.720752567053,34.22536087036133
4252.059626206756,34.22468185424805
4252.385383844376,34.22299575805664
4252.724327892065,34.22182083129883
4253.052207827568,34.220584869384766
4253.389260917902,34.21985626220703
4253.717422485352,34.2188835144043
4254.056356474757,34.21747970581055
4254.383180290461,34.215457916259766
4254.7212693840265,34.21432113647461
4255.048465356231,34.21253967285156
4255.386594682932,34.21116638183594
4255.715319514275,34.208805084228516
4256.052563712001,34.206790924072266
4256.3795283436775,34.20506286621094
4256.7177180200815,34.20364761352539
4257.045145332813,34.20140838623047
4257.384290546179,34.19963455200195
4257.711677625775,34.198184967041016
4258.048750832677,34.19719314575195
4258.387212082744,34.19590759277344
4258.713905140758,34.19462966918945
4259.053311869502,34.193572998046875
4259.38080959022,34.19145202636719
4259.717641398311,34.190425872802734
4260.045732557774,34.1890983581543
4260.383580252528,34.18778610229492
4260.711731761694,34.186283111572266
4261.049046367407,34.18486022949219
4261.3767351955175,34.18362808227539
4261.715115979314,34.182071685791016
4262.043589353561,34.18112564086914
4262.380823493004,34.180389404296875
4262.7087738364935,34.17931365966797
4263.045484945178,34.1781120300293
4263.374068960547,34.17626953125
4263.71201723814,34.17477798461914
4264.039746299386,34.173744201660156
4264.371247217059,34.1724967956543
4264.704458042979,34.17060852050781
4265.043251216412,34.16959762573242
4265.370990335941,34.16849899291992
4265.708475932479,34.167396545410156
4266.036466509104,34.165550231933594
4266.373449191451,34.164093017578125
4266.712775453925,34.163421630859375
4267.0401725918055,34.16173553466797
4267.377778887749,34.16032791137695
4267.705638706684,34.15935516357422
4268.043234944344,34.157928466796875
4268.371265754104,34.15673065185547
4268.709556013346,34.15419387817383
4269.036228954792,34.152339935302734
4269.374307990074,34.150596618652344
4269.70203705132,34.149085998535156
4270.040156319737,34.14738082885742
4270.3674126416445,34.145938873291016
4270.704425498843,34.14449691772461
4271.032939106226,34.14316940307617
4271.371440589428,34.14105987548828
4271.698636561632,34.13949203491211
4272.036876529455,34.138465881347656
4272.363469004631,34.136199951171875
4272.702604159713,34.13473892211914
4273.030162230134,34.13328170776367
4273.368030041456,34.13114929199219
4273.695397004485,34.12884521484375
4274.033546447754,34.12754821777344
4274.3617583066225,34.12604522705078
4274.699495360255,34.124568939208984
4275.02626888454,34.12137222290039
4275.363935530186,34.11980056762695
4275.7028594613075,34.118324279785156
4276.029995083809,34.11635971069336
4276.368355751038,34.114501953125
4276.695491373539,34.11305618286133
4277.034405246377,34.11085510253906
4277.3614805191755,34.10911178588867
4277.699549496174,34.10679244995117
4278.027389198542,34.1053352355957
4278.364482522011,34.10428237915039
4278.692825138569,34.10280990600586
4279.030562192202,34.101173400878906
4279.357939213514,34.09992980957031
4279.695716500282,34.09880065917969
4280.034751072526,34.09742736816406
4280.36215826869,34.095760345458984
4280.689354240894,34.094757080078125
4281.027413159609,34.093807220458984
4281.354267150164,34.092220306396484
4281.693593412638,34.09031677246094
4282.0152170956135,34.089027404785156
4282.358616963029,34.08794021606445
4282.680180296302,34.085819244384766
4283.024364709854,34.08451461791992
4283.352576568723,34.083396911621094
4283.689519017935,34.082237243652344
4284.022005647421,34.080322265625
4284.3495436012745,34.0784797668457
4284.693546965718,34.077659606933594
4285.020863637328,34.077091217041016
4285.358892381191,34.07512283325195
4285.6864504516125,34.0742073059082
4286.024479195476,34.07305145263672
4286.351745575666,34.071895599365234
4286.690609157085,34.07030487060547
4287.016467377543,34.06914520263672
4287.349507212639,34.06816864013672
4287.682889029384,34.06696701049805
4288.02211470902,34.06458282470703
4288.349612429738,34.06306457519531
4288.686524704099,34.06114196777344
4289.01450522244,34.05950164794922
4289.352161809802,34.057464599609375
4289.680474251509,34.056087493896484
4290.017698332667,34.053924560546875
4290.339754521847,34.05250549316406
4290.683798119426,34.05032730102539
4291.010541468859,34.04912567138672
4291.349334642291,34.04793930053711
4291.675967350602,34.045997619628906
4292.015193030238,34.045570373535156
4292.352879792452,34.04425811767578
4292.679643258452,34.043025970458984
4293.018245324492,34.04139709472656
4293.345612287521,34.04003143310547
4293.683480098844,34.03868103027344
4294.011168926954,34.03763198852539
4294.35039460659,34.03606033325195
4294.676906615496,34.03416442871094
4295.014734193683,34.03287887573242
4295.342775061727,34.03178405761719
4295.680049434304,34.029754638671875
4296.008221060038,34.028717041015625
4296.346098929644,34.026851654052734
4296.672882512212,34.02614212036133
4297.011253237724,34.02447509765625
4297.343196719885,34.022674560546875
4297.677131742239,34.021820068359375
4298.004136607051,34.01958465576172
4298.342457041144,34.01837921142578
4298.670357093215,34.017601013183594
4299.009371548891,34.016605377197266
4299.33539070189,34.014976501464844
4299.673942476511,34.01401901245117
4300.001912936568,34.012874603271484
4300.340042263269,34.011531829833984
4300.677155703306,34.01041793823242
4301.004120334983,34.00946044921875
4301.342812925577,34.00771713256836
4301.670451462269,34.00638198852539
4302.008429914713,34.00471115112305
4302.336490899324,34.00349807739258
4302.673292532563,34.002140045166016
4303.002419695258,34.000999450683594
4303.339472785592,33.99942398071289
4303.667684644461,33.99846649169922
4304.005009308457,33.99778366088867
4304.3337341398,33.99564743041992
4304.671501368284,33.99457550048828
4304.998868331313,33.993621826171875
4305.33606223762,33.992130279541016
4305.664475262165,33.989994049072266
4306.0023833066225,33.988487243652344
4306.330333650112,33.9876594543457
4306.667970120907,33.98590087890625
4306.995749473572,33.98412322998047
4307.334311306477,33.982669830322266
4307.662080600858,33.981441497802734
4307.999375090003,33.98023986816406
4308.326983451843,33.97883605957031
4308.66388566792,33.97751998901367
4309.003111347556,33.97635269165039
4309.330689534545,33.974918365478516
4309.667973965406,33.97344207763672
4309.995411336422,33.972408294677734
4310.334425792098,33.97179412841797
4310.655787959695,33.97026443481445
4310.999570041895,33.969356536865234
4311.320499703288,33.96842575073242
4311.665710061789,33.96742248535156
4311.993237957358,33.965938568115234
4312.330713495612,33.96438980102539
4312.658824771643,33.96338653564453
4312.996159493923,33.96247863769531
4313.323908671737,33.961029052734375
4313.661776483059,33.959659576416016
4313.9833599328995,33.95884704589844
4314.327624812722,33.95784378051758
4314.65483084321,33.956214904785156
4314.993251860142,33.954864501953125
4315.321011096239,33.9537467956543
4315.652783587575,33.951927185058594
4315.985682606697,33.950199127197266
4316.324093565345,33.94917678833008
4316.651430353522,33.94755172729492
4316.989680379629,33.946380615234375
4317.327326908708,33.944576263427734
4317.655941098928,33.94282913208008
4317.992823198438,33.94132995605469
4318.320582434535,33.93904495239258
4318.659717589617,33.93720626831055
4318.9861189574,33.93562698364258
4319.324338808656,33.93387222290039
4319.6521785110235,33.931007385253906
4319.98929195106,33.93000030517578
4320.316759496927,33.928184509277344
4320.655371621251,33.92633819580078
4320.983050391078,33.923614501953125
4321.320445463061,33.92216110229492
4321.648707613349,33.92047882080078
4321.985821053386,33.91888427734375
4322.31373116374,33.91730499267578
4322.652594745159,33.9156608581543
4322.980032116175,33.91416549682617
4323.3189057558775,33.91204071044922
4323.645588755608,33.9100341796875
4323.978055268526,33.908260345458984
4324.310954287648,33.90653610229492
4324.648711457849,33.904624938964844
4324.9765411019325,33.90331268310547
4325.314197689295,33.901611328125
4325.6525080651045,33.89984893798828
4325.980508700013,33.897438049316406
4326.318225637078,33.896053314208984
4326.645321026444,33.89444351196289
4326.9826255738735,33.892723083496094
4327.311632037163,33.89085006713867
4327.649781480432,33.888851165771484
4327.976816520095,33.88787078857422
4328.315378353,33.886077880859375
4328.642815724015,33.88364791870117
4328.980593010783,33.88180160522461
4329.308422654867,33.88072204589844
4329.645666852593,33.878753662109375
4329.973717778921,33.87737274169922
4330.311555415392,33.87602233886719
4330.639284476638,33.874637603759766
4330.977122113109,33.87277603149414
4331.304328143597,33.87118911743164
4331.6433526575565,33.869590759277344
4331.97089061141,33.86812973022461
4332.3080241680145,33.867469787597656
4332.635773345828,33.866085052490234
4332.973973080516,33.86407470703125
4333.300907537341,33.8624153137207
4333.634128421545,33.86117935180664
4333.977970853448,33.85932159423828
4334.29945372045,33.85824966430664
4334.64400023222,33.856163024902344
4334.97160859406,33.85475540161133
4335.309255123138,33.85347366333008
4335.63647121191,33.85218811035156
4335.97414791584,33.850528717041016
4336.302400007844,33.849124908447266
4336.640076711774,33.84806823730469
4336.96822822094,33.84608459472656
4337.304999679327,33.84489059448242
4337.632789090276,33.84432601928711
4337.971501797438,33.843116760253906
4338.29269297421,33.84120178222656
4338.636434823275,33.83995056152344
4338.957807049155,33.838199615478516
4339.303087815642,33.8369026184082
4339.630203321576,33.835018157958984
4339.967517927289,33.83359909057617
4340.295679494739,33.831817626953125
4340.633637830615,33.83000946044922
4340.960521996021,33.82756042480469
4341.293320432305,33.826114654541016
4341.6210193187,33.82455062866211
4341.9587060809135,33.822906494140625
4342.302538454533,33.82087326049805
4342.630599439144,33.819374084472656
4342.968547716737,33.817420959472656
4343.296256661415,33.814945220947266
4343.632937595248,33.81299591064453
4343.962477147579,33.81156921386719
4344.293615967035,33.810298919677734
4344.626323878765,33.807716369628906
4344.965448975563,33.80635070800781
4345.292554423213,33.8049201965332
4345.630734041333,33.80293273925781
4345.958986133337,33.80112838745117
4346.296522021294,33.80024719238281
4346.623717993498,33.79913330078125
4346.961173415184,33.79746627807617
4347.289516031742,33.79584884643555
4347.627957165241,33.79474639892578
4347.954569756985,33.79387283325195
4348.292598500848,33.79252624511719
4348.620377853513,33.79140853881836
4348.959110677242,33.789676666259766
4349.284948781133,33.78828430175781
4349.623550847173,33.78654098510742
4349.952074512839,33.785255432128906
4350.290575996041,33.784061431884766
4350.621875748038,33.78268814086914
4350.954050570726,33.7810173034668
4351.287502795458,33.77980041503906
4351.620874553919,33.777835845947266
4351.958812773228,33.77665328979492
4352.2856164723635,33.77520751953125
4352.624651044607,33.77391052246094
4352.952138707042,33.77192687988281
4353.2901875674725,33.77064514160156
4353.617544472218,33.76933670043945
4353.955261409283,33.768211364746094
4354.283171519637,33.766395568847656
4354.620888456702,33.76472473144531
4354.948174953461,33.763553619384766
4355.286344513297,33.76274871826172
4355.613238736987,33.76041793823242
4355.952464416623,33.75942611694336
4356.279308348894,33.75853729248047
4356.618282571435,33.75669479370117
4356.945096328855,33.755680084228516
4357.2831854224205,33.75434875488281
4357.611155882478,33.75312805175781
4357.948721945286,33.751068115234375
4358.276621997356,33.74991989135742
4358.608756586909,33.748836517333984
4358.952920883894,33.747318267822266
4359.2799961566925,33.74610137939453
4359.618487581611,33.74526596069336
4359.945774078369,33.74391174316406
4360.283390432596,33.742225646972656
4360.611391067505,33.74103927612305
4360.949932783842,33.74003219604492
4361.2778428941965,33.739418029785156
4361.61510720849,33.73777770996094
4361.942333355546,33.73713684082031
4362.280412390828,33.73600769042969
4362.608755007386,33.73494338989258
4362.945194542408,33.733516693115234
4363.273919373751,33.73251724243164
4363.611294329166,33.730960845947266
4363.938641175628,33.73012924194336
4364.277263358235,33.7293815612793
4364.604630321264,33.728336334228516
4364.942870289087,33.727169036865234
4365.271041914821,33.726158142089844
4365.607652440667,33.72554397583008
4365.935904532671,33.724143981933594
4366.272746399045,33.72323226928711
4366.602396592498,33.72239303588867
4366.939278692007,33.721256256103516
4367.278564721346,33.72045135498047
4367.604966089129,33.719337463378906
4367.941767722368,33.71793746948242
4368.271065875888,33.716453552246094
4368.608380481601,33.715885162353516
4368.936501815915,33.714473724365234
4369.2740477621555,33.713138580322266
4369.601786881685,33.712188720703125
4369.939594343305,33.71107482910156
4370.2679470181465,33.70979690551758
4370.605442672968,33.70871353149414
4370.933734998107,33.70780944824219
4371.271099895239,33.706764221191406
4371.599221229553,33.70564270019531
4371.936847642064,33.70455551147461
4372.26449623704,33.7041015625
4372.602504864335,33.70283889770508
4372.924158722162,33.70176696777344
4373.267226666212,33.70063781738281
4373.5950864851475,33.69956970214844
4373.933125287294,33.69882583618164
4374.261960759759,33.69794845581055
4374.5994463562965,33.69757843017578
4374.926129356027,33.696510314941406
4375.263846293092,33.69586944580078
4375.603041797876,33.69457244873047
4375.930026546121,33.693267822265625
4376.268105581403,33.692543029785156
4376.589588448405,33.69146728515625
4376.9337225705385,33.69049072265625
4377.262095361948,33.688899993896484
4377.59916856885,33.687496185302734
4377.926927804947,33.68633270263672
4378.2643631100655,33.684844970703125
4378.5922933369875,33.68248748779297
4378.9308954030275,33.68103790283203
4379.252498969436,33.67979431152344
4379.596331343055,33.678279876708984
4379.924160987139,33.675601959228516
4380.261958390474,33.67444610595703
4380.583602190018,33.6734733581543
4380.926760658622,33.671661376953125
4381.254489719868,33.67051696777344
4381.592448055744,33.66949462890625
4381.920358166099,33.66834259033203
4382.258899882436,33.6666145324707
4382.586508244276,33.665443420410156
4382.923159003258,33.664031982421875
4383.25130045414,33.66185760498047
4383.590335026383,33.66019058227539
4383.928011730313,33.65906524658203
4384.255107119679,33.657325744628906
4384.593065455556,33.65544891357422
4384.920040145516,33.653987884521484
4385.258772969246,33.65263748168945
4385.585476085544,33.6510009765625
4385.924259200692,33.64921569824219
4386.251797154546,33.648406982421875
4386.590640619397,33.64714813232422
4386.917937174439,33.64521789550781
4387.2559156268835,33.64391326904297
4387.582789734006,33.642913818359375
4387.9209995269775,33.641754150390625
4388.24943266809,33.63990020751953
4388.587250187993,33.639251708984375
4388.908069208264,33.63815689086914
4389.252032339573,33.63636016845703
4389.5791579037905,33.634071350097656
4389.918041601777,33.63330841064453
4390.245136991143,33.63145065307617
4390.583407133818,33.62943649291992
4390.91041199863,33.62736511230469
4391.24938622117,33.6259880065918
4391.577064990997,33.624698638916016
4391.914540529251,33.62220764160156
4392.251573503017,33.620361328125
4392.580831423402,33.618804931640625
4392.9177939891815,33.61693572998047
4393.245834857225,33.61524200439453
4393.582938238978,33.613800048828125
4393.910275027156,33.61283493041992
4394.243003055453,33.6099853515625
4394.577430933714,33.608028411865234
4394.91425268352,33.606971740722656
4395.242263376713,33.60508346557617
4395.58059386909,33.603912353515625
4395.908172056079,33.60232925415039
4396.246230974793,33.600914001464844
4396.573668345809,33.599334716796875
4396.911475807428,33.59822463989258
4397.239395976067,33.59703826904297
4397.5774850696325,33.59589767456055
4397.904499992728,33.59490966796875
4398.2424683868885,33.594139099121094
4398.571122810245,33.59339141845703
4398.90862852335,33.59200668334961
4399.236327409744,33.591312408447266
4399.567737802863,33.59056854248047
4399.901501834393,33.59006881713867
4400.24025477469,33.588829040527344
4400.577257573605,33.588348388671875
4400.899364054203,33.58755874633789
4401.242472231388,33.58647155761719
4401.570362225175,33.585304260253906
4401.909457147121,33.58432388305664
4402.230024710298,33.58296585083008
4402.573796734214,33.582061767578125
4402.902119234204,33.580814361572266
4403.239946812391,33.579551696777344
4403.567424416542,33.578285217285156
4403.905714675784,33.57698440551758
4404.232417792082,33.57528305053711
4404.570446535945,33.573944091796875
4404.899372532964,33.57262420654297
4405.237019062042,33.57111358642578
4405.563671886921,33.57011795043945
4405.896520614624,33.56877517700195
4406.230214238167,33.5670280456543
4406.568232923746,33.565799713134766
4406.89627379179,33.56475067138672
4407.233165949583,33.563262939453125
4407.560472562909,33.56190872192383
4407.89894387126,33.56073760986328
4408.227155730128,33.55998992919922
4408.564721792936,33.55841827392578
4408.8962730020285,33.5568733215332
4409.230117499828,33.55567169189453
4409.567854553461,33.55431365966797
4409.894527494907,33.55272674560547
4410.233843699098,33.55188751220703
4410.560878738761,33.550621032714844
4410.899561271071,33.549381256103516
4411.227612197399,33.547855377197266
4411.5636091679335,33.54689025878906
4411.892323940992,33.54622268676758
4412.230614200234,33.544921875
4412.557719647884,33.54373550415039
4412.906812503934,33.54291534423828
4413.224151358008,33.542335510253906
4413.561244681478,33.540931701660156
4413.889094442129,33.53926086425781
4414.227173477411,33.538002014160156
4414.554148167372,33.53643798828125
4414.892307668924,33.535552978515625
4415.220821276307,33.53387451171875
4415.558749437332,33.53244400024414
4415.884989872575,33.531097412109375
4416.218291223049,33.529571533203125
4416.5512807667255,33.528194427490234
4416.888967528939,33.52706527709961
4417.22794175148,33.525840759277344
4417.554896324873,33.524314880371094
4417.89343804121,33.52304458618164
4418.220925703645,33.52183151245117
4418.559366837144,33.5212516784668
4418.887055665255,33.52003479003906
4419.223977997899,33.51866912841797
4419.551485776901,33.51743698120117
4419.889705628157,33.516841888427734
4420.221317186952,33.51572036743164
4420.555463433266,33.51495361328125
4420.88223695755,33.51419448852539
4421.220899373293,33.513694763183594
4421.54794447124,33.51276397705078
4421.887532249093,33.51166534423828
4422.214989736676,33.51112747192383
4422.551640495658,33.51026153564453
4422.879691421986,33.50886535644531
4423.2169557362795,33.507755279541016
4423.545398935676,33.5065803527832
4423.8823011517525,33.5053596496582
4424.204910546541,33.503761291503906
4424.5490446686745,33.50265121459961
4424.876743555069,33.5012321472168
4425.214420258999,33.50006866455078
4425.553032383323,33.498634338378906
4425.880037248135,33.49706268310547
4426.21762342751,33.49580383300781
4426.544849574566,33.49433135986328
4426.882596686482,33.49284362792969
4427.205507829785,33.49181365966797
4427.549219503999,33.490379333496094
4427.87720002234,33.4896125793457
4428.213689848781,33.48832702636719
4428.542102873325,33.48690414428711
4428.88024225831,33.48508071899414
4429.208454117179,33.48420715332031
4429.544984176755,33.48292541503906
4429.87297475338,33.48158264160156
4430.211496353149,33.480228424072266
4430.538943782449,33.47917556762695
4430.876721069217,33.47836685180664
4431.204128265381,33.476768493652344
4431.542509049177,33.47504425048828
4431.865078210831,33.47376251220703
4432.208226621151,33.47224426269531
4432.5360260903835,33.47134017944336
4432.87356197834,33.46923828125
4433.201713487506,33.46776580810547
4433.539068326354,33.46622848510742
4433.876845613122,33.46455383300781
4434.205248579383,33.46278381347656
4434.54223126173,33.461463928222656
4434.870533645153,33.459442138671875
4435.208471864462,33.458072662353516
4435.5359595268965,33.456871032714844
4435.873917862773,33.45524215698242
4436.201053485274,33.45355224609375
4436.534012854099,33.452301025390625
4436.867314204574,33.45155715942383
4437.204829975963,33.45024108886719
4437.53258921206,33.448875427246094
4437.8713220357895,33.448036193847656
4438.193217292428,33.4465217590332
4438.536234945059,33.445560455322266
4438.863863423467,33.44404983520508
4439.202032983303,33.44260787963867
4439.530285075307,33.44074249267578
4439.867720380425,33.43946838378906
4440.195892006159,33.43784713745117
4440.532703697681,33.4359016418457
4440.860332176089,33.434722900390625
4441.199276223779,33.43315124511719
4441.526995226741,33.43154525756836
4441.8642695993185,33.43035125732422
4442.20218770206,33.428924560546875
4442.53029897809,33.428123474121094
4442.867633700371,33.426998138427734
4443.198048323393,33.42607116699219
4443.5455318540335,33.425010681152344
4443.861321732402,33.42424392700195
4444.199541583657,33.42321014404297
4444.52742151916,33.422142028808594
4444.8649775236845,33.42071533203125
4445.192797109485,33.41981887817383
4445.531248301268,33.41866683959961
4445.858806371689,33.417388916015625
4446.196181327105,33.4163703918457
4446.523699164391,33.41451644897461
4446.861566975713,33.41371154785156
4447.189135104418,33.412574768066406
4447.527576237917,33.410953521728516
4447.854068130255,33.409698486328125
4448.192760720849,33.408809661865234
4448.520711064339,33.40812683105469
4448.858407884836,33.40708541870117
4449.184940010309,33.40570831298828
4449.523159861565,33.40452575683594
4449.851170554757,33.40394592285156
4450.188947841525,33.4036979675293
4450.527700781822,33.4024658203125
4450.854152441025,33.401607513427734
4451.192533224821,33.40109634399414
4451.520282402635,33.400272369384766
4451.857838407159,33.399600982666016
4452.185909450054,33.398990631103516
4452.523807436228,33.39761734008789
4452.850580960512,33.39704895019531
4453.190138563514,33.39641189575195
4453.516992554069,33.395328521728516
4453.855061531067,33.39448165893555
4454.183202981949,33.39255142211914
4454.5211009681225,33.39101791381836
4454.848095774651,33.3897819519043
4455.186215043068,33.38863754272461
4455.514115095139,33.38667678833008
4455.851248651743,33.38566207885742
4456.173646822572,33.383846282958984
4456.518002226949,33.38230514526367
4456.8455301225185,33.381187438964844
4457.182794436812,33.379669189453125
4457.511921599507,33.378238677978516
4457.849276438355,33.377132415771484
4458.1762209534645,33.37593078613281
4458.5140988230705,33.37437438964844
4458.8512524962425,33.37378692626953
4459.180108085275,33.372920989990234
4459.517764672637,33.3717155456543
4459.845262393355,33.37024688720703
4460.183260962367,33.36919403076172
4460.511211305857,33.36789321899414
4460.848918184638,33.36671447753906
4461.17705963552,33.3653564453125
4461.51423342526,33.36309051513672
4461.842616274953,33.361473083496094
4462.1812384575605,33.359893798828125
4462.501695379615,33.358211517333984
4462.8462720662355,33.35645294189453
4463.173930719495,33.35383224487305
4463.510641828179,33.352264404296875
4463.839638233185,33.35124206542969
4464.177506044507,33.34886932373047
4464.505033940077,33.34602355957031
4464.841825515032,33.34395217895508
4465.170339122415,33.34223175048828
4465.508357807994,33.34046936035156
4465.835543721914,33.33842468261719
4466.173954680562,33.33711624145508
4466.501482576132,33.33511734008789
4466.8397929519415,33.333946228027344
4467.176795750856,33.33231735229492
4467.504283413291,33.330169677734375
4467.842714488506,33.32870101928711
4468.170855939388,33.32722473144531
4468.508452177048,33.325477600097656
4468.83638240397,33.32391357421875
4469.1737070679665,33.3223762512207
4469.501124322414,33.321022033691406
4469.840168952942,33.319217681884766
4470.1677571982145,33.31740951538086
4470.504578948021,33.31589889526367
4470.832479000092,33.31448745727539
4471.174792572856,33.312889099121094
4471.499222517014,33.31178283691406
4471.836517006159,33.30989456176758
4472.157617658377,33.308528900146484
4472.501319274306,33.307289123535156
4472.829772531986,33.30561065673828
4473.167398944497,33.304161071777344
4473.494786024094,33.302093505859375
4473.833116516471,33.3006477355957
4474.171115085483,33.29903793334961
4474.492869526148,33.297794342041016
4474.826281517744,33.29584884643555
4475.163696706295,33.29401397705078
4475.502198189497,33.29264831542969
4475.830178707838,33.2916259765625
4476.168408617377,33.29049301147461
4476.495876163244,33.28938674926758
4476.827457547188,33.28805923461914
4477.161141112447,33.286991119384766
4477.499612420797,33.286376953125
4477.82728113234,33.284820556640625
4478.16487737,33.28406524658203
4478.492606431246,33.283203125
4478.830977156758,33.28239059448242
4479.1584849357605,33.281166076660156
4479.495628550649,33.2807731628418
4479.817745089531,33.27958297729492
4480.160571634769,33.278926849365234
4480.488562211394,33.278507232666016
4480.821219831705,33.27756118774414
4481.153827160597,33.276702880859375
4481.4923990517855,33.27606201171875
4481.820118054748,33.275447845458984
4482.1578450500965,33.273929595947266
4482.486750930548,33.27332305908203
4482.824105769396,33.272613525390625
4483.151854947209,33.27129364013672
4483.488928154111,33.270450592041016
4483.828184008598,33.26873779296875
4484.154072403908,33.2675895690918
4484.492815285921,33.26693344116211
4484.820695221424,33.26559066772461
4485.158351808786,33.26362609863281
4485.486302152276,33.262577056884766
4485.822620987892,33.26176834106445
4486.151758208871,33.26075744628906
4486.489052698016,33.25865173339844
4486.8174858391285,33.25778579711914
4487.1559873223305,33.25596618652344
4487.482257932425,33.2547492980957
4487.814472988248,33.25341796875
4488.14850859344,33.25213623046875
4488.487221300602,33.25139236450195
4488.813341036439,33.24967956542969
4489.152134209871,33.24814987182617
4489.479410648346,33.24592590332031
4489.817630499601,33.24423599243164
4490.145942941308,33.24338150024414
4490.482734516263,33.24232482910156
4490.811388939619,33.24119186401367
4491.148965060711,33.23941421508789
4491.476080566645,33.23836135864258
4491.813264414668,33.236961364746094
4492.140933126211,33.236141204833984
4492.480279505253,33.2348518371582
4492.817382887006,33.23381805419922
4493.145111948252,33.23255920410156
4493.482869118452,33.231754302978516
4493.811473250389,33.230308532714844
4494.148868322372,33.22920608520508
4494.47591342032,33.22796630859375
4494.813831523061,33.226158142089844
4495.136179402471,33.22421646118164
4495.479478687048,33.222984313964844
4495.807871595025,33.2220573425293
4496.146564185619,33.22050094604492
4496.472744271159,33.21906661987305
4496.811074763536,33.21745681762695
4497.139236330986,33.21648406982422
4497.47607819736,33.215538024902344
4497.804642096162,33.21450424194336
4498.142258450389,33.2130241394043
4498.470631241798,33.211997985839844
4498.808257654309,33.21082305908203
4499.1355240345,33.20954132080078
4499.473512545228,33.20823669433594
4499.800949916244,33.20711898803711
4500.138686969876,33.205753326416016
4500.466405972838,33.20445251464844
4500.805390253663,33.202938079833984
4501.141688972712,33.200992584228516
4501.470544561744,33.200321197509766
4501.80871412158,33.19906234741211
4502.135366946459,33.197593688964844
4502.47307382524,33.195823669433594
4502.800551429391,33.19491958618164
4503.139777109027,33.19346618652344
4503.467486053705,33.19234085083008
4503.804428502917,33.19140625
4504.132378846407,33.190120697021484
4504.471232369542,33.18867111206055
4504.8100758343935,33.187923431396484
4505.135813355446,33.187339782714844
4505.463793873787,33.18581008911133
4505.801571160555,33.18498611450195
4506.129199638963,33.18438720703125
4506.4666852355,33.18307876586914
4506.795168668032,33.18191909790039
4507.132754847407,33.180580139160156
4507.46013186872,33.17967987060547
4507.798703759909,33.178462982177734
4508.126070722938,33.177711486816406
4508.4644213318825,33.17606735229492
4508.80127325654,33.17565155029297
4509.130531176925,33.174705505371094
4509.468258172274,33.17378234863281
4509.795735776424,33.17262268066406
4510.133492946625,33.17170715332031
4510.460809618235,33.171165466308594
4510.798767954111,33.1701774597168
4511.12697981298,33.16868209838867
4511.464465409517,33.168182373046875
4511.79205365479,33.167476654052734
4512.130032107234,33.166786193847656
4512.457650527358,33.16546630859375
4512.795709446073,33.16488265991211
4513.1231267005205,33.16404342651367
4513.460391014814,33.16316604614258
4513.789759576321,33.16206741333008
4514.126601442695,33.16080856323242
4514.455135166645,33.16008758544922
4514.7923693060875,33.15928649902344
4515.119947493076,33.15837860107422
4515.457915887237,33.157474517822266
4515.7801028341055,33.15657424926758
4516.117176041007,33.15582275390625
4516.44476428628,33.155216217041016
4516.7893409729,33.15427780151367
4517.116808518767,33.15357971191406
4517.454857379198,33.152835845947266
4517.792363092303,33.15198516845703
4518.120152503252,33.15138626098633
4518.458493053913,33.150299072265625
4518.780438601971,33.14934539794922
4519.123446196318,33.148475646972656
4519.451205432415,33.14765167236328
4519.790109246969,33.14667892456055
4520.111411064863,33.146202087402344
4520.455394312739,33.14541244506836
4520.782258361578,33.14509582519531
4521.120307222009,33.1436882019043
4521.4485090225935,33.14278793334961
4521.7866986989975,33.141700744628906
4522.114115953445,33.14057922363281
4522.4519636482,33.1392707824707
4522.778767347336,33.13829803466797
4523.118083551526,33.1369743347168
4523.439013212919,33.13560104370117
4523.783519491553,33.134403228759766
4524.1044994443655,33.13246154785156
4524.448734149337,33.13132095336914
4524.777157232165,33.129661560058594
4525.113858282566,33.12852478027344
4525.442291423678,33.12662124633789
4525.779968127608,33.12495422363281
4526.117775589228,33.123260498046875
4526.439590379596,33.12171173095703
4526.78346298635,33.11985778808594
4527.110719308257,33.11878967285156
4527.449130266905,33.11741256713867
4527.777342125773,33.1163215637207
4528.114686906338,33.114986419677734
4528.442768007517,33.1129264831543
4528.779308125377,33.11151885986328
4529.107469692826,33.11054611206055
4529.445920884609,33.10934066772461
4529.773056507111,33.1082649230957
4530.1107835024595,33.107444763183594
4530.439085885882,33.10592269897461
4530.776843056083,33.104827880859375
4531.104823574424,33.10350036621094
4531.441937014461,33.102691650390625
4531.770299747586,33.1020622253418
4532.107443362474,33.10154724121094
4532.4364598840475,33.100467681884766
4532.772959768772,33.10028076171875
4533.101704716682,33.099605560302734
4533.43889862299,33.09916305541992
4533.766869083047,33.09843826293945
4534.1047167778015,33.0977897644043
4534.443278610706,33.09713363647461
4534.770635515451,33.09641647338867
4535.107769072056,33.09524154663086
4535.435286909342,33.094329833984375
4535.773365944624,33.09347915649414
4536.102141067386,33.092742919921875
4536.439003050327,33.09239959716797
4536.767406016588,33.09104919433594
4537.104941904545,33.09001159667969
4537.432610616088,33.08882522583008
4537.764544039965,33.088172912597656
4538.098810985684,33.0864143371582
4538.4364273399115,33.085330963134766
4538.764055818319,33.084110260009766
4539.100686460733,33.08222579956055
4539.430075138807,33.08088302612305
4539.767771959305,33.079551696777344
4540.094847232103,33.078712463378906
4540.432262420654,33.07788848876953
4540.760102123022,33.077388763427734
4541.09851308167,33.07583999633789
4541.426483541727,33.074676513671875
4541.764904558659,33.073326110839844
4542.093136534095,33.07206726074219
4542.429676651955,33.0703010559082
4542.767695337534,33.0692024230957
4543.095524981618,33.06800842285156
4543.432537838817,33.066585540771484
4543.759743869305,33.06494903564453
4544.098748266697,33.063507080078125
4544.426678493619,33.06214141845703
4544.76531073451,33.060794830322266
4545.092174783349,33.058258056640625
4545.430485159159,33.05659103393555
4545.770213752985,33.055362701416016
4546.095538884401,33.0536994934082
4546.423237770796,33.05241012573242
4546.760341152549,33.0503044128418
4547.088925167918,33.04907989501953
4547.426974028349,33.04750061035156
4547.755336761475,33.04594421386719
4548.091685771942,33.04440689086914
4548.4194450080395,33.043155670166016
4548.757554218173,33.04192352294922
4549.085162580013,33.040775299072266
4549.423462897539,33.038543701171875
4549.75102096796,33.03743362426758
4550.08890889585,33.03647994995117
4550.417241454124,33.035247802734375
4550.753992795944,33.03418731689453
4551.092232763767,33.03216552734375
4551.419760659337,33.0306510925293
4551.758875697851,33.02933883666992
4552.086353302002,33.02846145629883
4552.423597499728,33.02751922607422
4552.750924229622,33.02607727050781
4553.089244663715,33.025211334228516
4553.417758271098,33.02455139160156
4553.754720836878,33.02358627319336
4554.082057625055,33.02234649658203
4554.420277476311,33.021183013916016
4554.748318344355,33.020484924316406
4555.0866689532995,33.019508361816406
4555.414156615734,33.01877212524414
4555.7509783655405,33.01810836791992
4556.080356985331,33.01699447631836
4556.416967511177,33.016319274902344
4556.744807213545,33.015201568603516
4557.08231292665,33.01529312133789
4557.410715892911,33.014549255371094
4557.748754695058,33.0130500793457
4558.0769665539265,33.01239013671875
4558.413949236274,33.01201629638672
4558.742161095142,33.011505126953125
4559.078912436962,33.010433197021484
4559.417474269867,33.00977325439453
4559.745837002993,33.00935363769531
4560.083171725273,33.00841522216797
4560.409955307841,33.00727462768555
4560.743236541748,33.0065803527832
4561.076507717371,33.00615310668945
4561.414013430476,33.00560760498047
4561.741682142019,33.004920959472656
4562.079479545355,33.003868103027344
4562.4023504555225,33.00321578979492
4562.746011838317,33.00185012817383
4563.0735497921705,33.00162887573242
4563.411035388708,33.00067138671875
4563.7395691126585,32.99986267089844
4564.0709191560745,32.999244689941406
4564.404773712158,32.9989013671875
4564.736586436629,32.998069763183594
4565.069757029414,32.99758529663086
4565.407996997237,32.9969482421875
4565.736450254917,32.99568176269531
4566.073925793171,32.994380950927734
4566.3945738226175,32.99385070800781
4566.738084331155,32.993316650390625
4567.071586847305,32.99281692504883
4567.405330762267,32.992088317871094
4567.736137658358,32.991180419921875
4568.070012331009,32.990577697753906
4568.40856410563,32.98968505859375
4568.736393749714,32.9892463684082
4569.073597714305,32.988685607910156
4569.4014474749565,32.98781967163086
4569.739063829184,32.98690414428711
4570.068050175905,32.98577880859375
4570.40547542274,32.98494338989258
4570.73287256062,32.98417282104492
4571.070730313659,32.98321533203125
4571.397886052728,32.98194122314453
4571.736186370254,32.98078536987305
4572.0581620931625,32.979583740234375
4572.402346506715,32.97848129272461
4572.72885851562,32.977054595947266
4573.068043962121,32.97522735595703
4573.395511507988,32.974090576171875
4573.732735589147,32.97274398803711
4574.060172960162,32.971580505371094
4574.397910013795,32.970008850097656
4574.726383388042,32.968772888183594
4575.058246403933,32.96721267700195
4575.391507521272,32.96628952026367
4575.72376281023,32.96535110473633
4576.067685708404,32.96444320678711
4576.401137933135,32.963600158691406
4576.733212172985,32.9627571105957
4577.061092108488,32.961700439453125
4577.397762984037,32.96103286743164
4577.727232128382,32.96009063720703
4578.064637258649,32.9591178894043
4578.39190363884,32.95808029174805
4578.723706305027,32.957672119140625
4579.0569473057985,32.95680618286133
4579.396514967084,32.95608139038086
4579.723177850246,32.95476531982422
4580.061568692327,32.95418167114258
4580.389277637005,32.953609466552734
4580.726330727339,32.952728271484375
4581.055457890034,32.9523811340332
4581.392078474164,32.9509391784668
4581.720360741019,32.95087814331055
4582.05735348165,32.950443267822266
4582.385273650289,32.949684143066406
4582.723734900355,32.94920349121094
4583.050920814276,32.948787689208984
4583.382894471288,32.948341369628906
4583.721235021949,32.94769287109375
4584.0558137744665,32.94733428955078
4584.391549229622,32.94717788696289
4584.7194492816925,32.946319580078125
4585.057799890637,32.94636154174805
4585.385197028518,32.945892333984375
4585.724573582411,32.945335388183594
4586.051407456398,32.94439697265625
4586.389838531613,32.94358444213867
4586.717195436358,32.94293212890625
4587.0548117905855,32.94253158569336
4587.382550910115,32.941593170166016
4587.720951810479,32.941062927246094
4588.04864063859,32.940025329589844
4588.386256992817,32.939422607421875
4588.715434446931,32.938472747802734
4589.052135497332,32.93842697143555
4589.378265291452,32.937557220458984
4589.717631787062,32.93715286254883
4590.04441536963,32.936973571777344
4590.382293239236,32.93674850463867
4590.709941834211,32.93589782714844
4591.04291126132,32.935386657714844
4591.3762126117945,32.93488693237305
4591.714442521334,32.934349060058594
4592.041155695915,32.93355941772461
4592.378832399845,32.932796478271484
4592.717706039548,32.932861328125
4593.0459178984165,32.93174362182617
4593.383192270994,32.93098831176758
4593.710358068347,32.93048095703125
4594.049483165145,32.929378509521484
4594.376216456294,32.92826843261719
4594.71430554986,32.927730560302734
4595.036090165377,32.92661666870117
4595.379017293453,32.926109313964844
4595.707993581891,32.925682067871094
4596.046052500606,32.924774169921875
4596.373862028122,32.92363739013672
4596.711186692119,32.92314529418945
4597.038000449538,32.92236328125
4597.37124145031,32.92194366455078
4597.704914957285,32.92143630981445
4598.036415874958,32.92108154296875
4598.369958624244,32.92049026489258
4598.7081080675125,32.92013931274414
4599.036410450935,32.918880462646484
4599.373694881797,32.918601989746094
4599.701604992151,32.91754913330078
4600.039281696081,32.9169807434082
4600.367513671517,32.916744232177734
4600.698984414339,32.9160041809082
4601.042484864593,32.91526794433594
4601.37045532465,32.91474533081055
4601.708705350757,32.91426086425781
4602.0360220223665,32.91376495361328
4602.37392000854,32.9128303527832
4602.702021226287,32.912506103515625
4603.038641810417,32.91165542602539
4603.366883844137,32.911582946777344
4603.704731538892,32.91110610961914
4604.033255204558,32.91063690185547
4604.370690509677,32.91015625
4604.698158055544,32.90937423706055
4605.036760121584,32.90928268432617
4605.358202755451,32.9085807800293
4605.702115595341,32.90835189819336
4606.02935180068,32.90876007080078
4606.367923691869,32.90839767456055
4606.689557433128,32.90786361694336
4607.044001296163,32.90779495239258
4607.3599722236395,32.9071159362793
4607.698000967503,32.906742095947266
4608.0257803201675,32.907386779785156
4608.358246833086,32.90694808959961
4608.691729232669,32.906517028808594
4609.023531898856,32.9061164855957
4609.367655962706,32.906028747558594
4609.696048870683,32.9056510925293
4610.0329007953405,32.90544891357422
4610.36085113883,32.90550994873047
4610.698135569692,32.90524673461914
4611.026498302817,32.90525436401367
4611.364255473018,32.90475082397461
4611.6914715617895,32.9044189453125
4612.023525685072,32.904296875
4612.357309833169,32.90400695800781
4612.696535512805,32.9036979675293
4613.023570552468,32.90351104736328
4613.360965624452,32.9034423828125
4613.688372820616,32.90348815917969
4614.0267837792635,32.90335464477539
4614.35438208282,32.903038024902344
4614.691877737641,32.90282440185547
4615.014316141605,32.90287399291992
4615.358078107238,32.902557373046875
4615.685012564063,32.902225494384766
4616.023443639278,32.901668548583984
4616.351142525673,32.901248931884766
4616.689543426037,32.90049743652344
4617.017051205039,32.9005241394043
4617.354526743293,32.89983367919922
4617.691408842802,32.89885711669922
4618.0207170546055,32.8984375
4618.35806183517,32.89817810058594
4618.685298040509,32.89768981933594
4619.024211913347,32.897796630859375
4619.3504221737385,32.897193908691406
4619.689637795091,32.8969612121582
4620.016753301024,32.89630126953125
4620.35597898066,32.896331787109375
4620.681706443429,32.8960075378418
4621.020378917456,32.895687103271484
4621.347826346755,32.89533996582031
4621.686026081443,32.8950309753418
4622.013232111931,32.894432067871094
4622.3517537117,32.89419937133789
4622.678678110242,32.894142150878906
4623.01716953516,32.89371109008789
4623.344627022743,32.893707275390625
4623.682122677565,32.89332580566406
4624.010374769568,32.89313888549805
4624.348483979702,32.89320755004883
4624.676756188273,32.89278793334961
4625.013859570026,32.89273452758789
4625.341437757015,32.892974853515625
4625.678792595863,32.89308166503906
4626.018018275499,32.892677307128906
4626.345355063677,32.89260482788086
4626.683584973216,32.89237976074219
4627.010036632419,32.891845703125
4627.349332720041,32.891971588134766
4627.676800265908,32.891693115234375
4628.013390675187,32.89159393310547
4628.341351076961,32.89120101928711
4628.678886964917,32.891204833984375
4629.001345485449,32.89116668701172
4629.345379024744,32.89080810546875
4629.673450067639,32.89059829711914
4630.01065403223,32.8902587890625
4630.338493734598,32.89027786254883
4630.677095800638,32.88985061645508
4631.004513055086,32.89006423950195
4631.341938301921,32.889862060546875
4631.669013574719,32.88945007324219
4632.008380070329,32.88861846923828
4632.335827499628,32.888553619384766
4632.672729715705,32.88828659057617
4633.0006297677755,32.887916564941406
4633.338567987084,32.8878288269043
4633.666457980871,32.88749313354492
4634.005210921168,32.887237548828125
4634.342324361205,32.88692855834961
4634.669932723045,32.886234283447266
4635.008343681693,32.8861083984375
4635.3359419852495,32.885189056396484
4635.673578456044,32.8846549987793
4636.0006134957075,32.88425827026367
4636.339175328612,32.884246826171875
4636.666743457317,32.884029388427734
4637.004973366857,32.88325500488281
4637.332481145859,32.88307189941406
4637.681061029434,32.88232421875
4637.991992756724,32.882362365722656
4638.335623964667,32.88173294067383
4638.663041219115,32.88130569458008
4639.001552760601,32.881351470947266
4639.328970015049,32.880680084228516
4639.667954295874,32.87990188598633
4639.994486421347,32.87936019897461
4640.332293882966,32.878353118896484
4640.660586208105,32.877967834472656
4640.997699648142,32.876983642578125
4641.325851157308,32.87642288208008
4641.664272174239,32.875282287597656
4641.991689428687,32.87419891357422
4642.329728230834,32.873756408691406
4642.661742120981,32.87299728393555
4642.995174229145,32.872276306152344
4643.332579359412,32.87155532836914
4643.660449236631,32.87032699584961
4643.997783958912,32.869407653808594
4644.326136633754,32.86909103393555
4644.664115086198,32.868186950683594
4644.992397353053,32.867671966552734
4645.328917354345,32.86696243286133
4645.657793059945,32.866546630859375
4645.995670929551,32.86601638793945
4646.322766318917,32.86528015136719
4646.655051782727,32.86497497558594
4646.988966688514,32.86417007446289
4647.327206656337,32.863224029541016
4647.6549960672855,32.862648010253906
4647.992260381579,32.861881256103516
4648.320100083947,32.861244201660156
4648.657585680485,32.86075973510742
4648.984570428729,32.86042022705078
4649.323454126716,32.85952377319336
4649.650217592716,32.858551025390625
4649.988880008459,32.8580436706543
4650.316277146339,32.85775375366211
4650.655714049935,32.85673904418945
4650.992726907134,32.85605239868164
4651.320697367191,32.855770111083984
4651.657750457525,32.85503005981445
4651.985630393028,32.85477066040039
4652.323689311743,32.85430145263672
4652.65010073781,32.85357666015625
4652.988934144378,32.853271484375
4653.316562622786,32.852420806884766
4653.655245155096,32.851715087890625
4653.983416780829,32.8517951965332
4654.31990660727,32.850772857666016
4654.647836834192,32.85036849975586
4654.985855519772,32.85044479370117
4655.313765630126,32.84975814819336
4655.651331692934,32.84963607788086
4655.979191511869,32.848995208740234
4656.317149847746,32.84861373901367
4656.64455704391,32.84839630126953
4656.981921941042,32.84782791137695
4657.310365140438,32.84741973876953
4657.6475489884615,32.84690856933594
4657.976012304425,32.846614837646484
4658.313870057464,32.84687805175781
4658.635202050209,32.84649658203125
4658.980110660195,32.8465461730957
4659.317053109407,32.84660720825195
4659.645556658506,32.846290588378906
4659.983152896166,32.84660720825195
4660.310449451208,32.84636688232422
4660.647442191839,32.846160888671875
4660.9760865569115,32.84646224975586
4661.31394430995,32.84663772583008
4661.64176389575,32.84617233276367
4661.979108676314,32.84657287597656
4662.308517470956,32.846885681152344
4662.645097821951,32.846927642822266
4662.972957640886,32.846588134765625
4663.310946151614,32.84585189819336
4663.63783031702,32.845619201660156
4663.977136462927,32.84513473510742
4664.304141327739,32.844749450683594
4664.6421901881695,32.844295501708984
4664.969235286117,32.84385681152344
4665.3072740882635,32.843772888183594
4665.629440918565,32.84347915649414
4665.973756089807,32.843482971191406
4666.301203519106,32.843719482421875
4666.638226434588,32.8436393737793
4666.967011615634,32.84331512451172
4667.304366454482,32.84296417236328
4667.642033100128,32.84327697753906
4667.969802394509,32.84270477294922
4668.319488689303,32.84260559082031
4668.635922297835,32.842872619628906
4668.973106145859,32.84307861328125
4669.295222684741,32.84333801269531
4669.638743251562,32.843238830566406
4669.967266917229,32.843345642089844
4670.304370298982,32.843448638916016
4670.632139593363,32.843509674072266
4670.969856530428,32.84342575073242
4671.297454833984,32.84307861328125
4671.636539697647,32.84309005737305
4671.963946893811,32.84273910522461
4672.301744297147,32.842559814453125
4672.628849744797,32.84271240234375
4672.967441752553,32.84278106689453
4673.295150697231,32.84358215332031
4673.632938042283,32.843772888183594
4673.960033431649,32.84352493286133
4674.298011884093,32.842979431152344
4674.627098813653,32.84283447265625
4674.958056584001,32.84321212768555
4675.291629508138,32.84335708618164
4675.629668310285,32.84323501586914
4675.968421250582,32.84355926513672
4676.295878738165,32.843753814697266
4676.633434742689,32.844058990478516
4676.960942521691,32.84395217895508
4677.2981364279985,32.844451904296875
4677.6272635906935,32.844364166259766
4677.958050370216,32.84486770629883
4678.291583061218,32.84468078613281
4678.629008308053,32.84471130371094
4678.957542032003,32.84518814086914
4679.295319318771,32.84523391723633
4679.617365449667,32.84540557861328
4679.960715025663,32.845279693603516
4680.288192629814,32.84592819213867
4680.626583471894,32.845699310302734
4680.954051017761,32.84539031982422
4681.292924657464,32.84546661376953
4681.614437699318,32.84514236450195
4681.951349973679,32.84534454345703
4682.2852447628975,32.845115661621094
4682.623645663261,32.84515380859375
4682.950137555599,32.84539031982422
4683.289202302694,32.844974517822266
4683.616076409817,32.844749450683594
4683.955171331763,32.84508514404297
4684.292254596949,32.84508514404297
4684.61981266737,32.84434509277344
4684.957217797637,32.84407043457031
4685.2850172668695,32.84362030029297
4685.624011605978,32.843326568603516
4685.950553789735,32.843048095703125
4686.28279902041,32.843292236328125
4686.61693520844,32.84303665161133
4686.955366283655,32.843345642089844
4687.282753363252,32.842899322509766
4687.620078027248,32.8428955078125
4687.947917729616,32.843048095703125
4688.28581571579,32.84288024902344
4688.613162562251,32.84316635131836
4688.951120898128,32.843406677246094
4689.278678968549,32.84297561645508
4689.617160335183,32.84313201904297
4689.944487065077,32.84278106689453
4690.283531695604,32.84299850463867
4690.609983354807,32.842811584472656
4690.9489173442125,32.8426628112793
4691.275922209024,32.84260940551758
4691.613880544901,32.8427734375
4691.940784826875,32.842933654785156
4692.278360947967,32.84309387207031
4692.617807909846,32.843074798583984
4692.945406213403,32.84311294555664
4693.282911926508,32.842952728271484
4693.610268831253,32.84323501586914
4693.948237225413,32.84309387207031
4694.270293414593,32.84336471557617
4694.614467769861,32.84346008300781
4694.942206889391,32.843509674072266
4695.279360562563,32.84340286254883
4695.607401430607,32.84333801269531
4695.945208892226,32.843589782714844
4696.272877603769,32.84335708618164
4696.604358404875,32.843482971191406
4696.937941387296,32.8437385559082
4697.277247533202,32.84321594238281
4697.604111582041,32.84297561645508
4697.941989451647,32.84272003173828
4698.269969969988,32.84318542480469
4698.607646673918,32.84362030029297
4698.936049640179,32.84347152709961
4699.273394420743,32.84320831298828
4699.5942033827305,32.843101501464844
4699.939484149218,32.84329605102539
4700.267364084721,32.842960357666016
4700.604557991028,32.84303665161133
4700.941701605916,32.84352493286133
4701.269440725446,32.84335708618164
4701.606855913997,32.843448638916016
4701.936335116625,32.843238830566406
4702.273619547486,32.84307098388672
4702.600604295731,32.84296798706055
4702.938814088702,32.84248733520508
4703.267418220639,32.842567443847656
4703.605265915394,32.84215545654297
4703.93193885684,32.84191131591797
4704.269927367568,32.8419303894043
4704.597827419639,32.841487884521484
4704.935856163502,32.84125518798828
4705.263947322965,32.841270446777344
4705.601020529866,32.841552734375
4705.929111689329,32.84151077270508
4706.266476586461,32.84134292602539
4706.595080718398,32.84178161621094
4706.933028995991,32.84193801879883
4707.253958657384,32.8423957824707
4707.597428932786,32.84215545654297
4707.926143705845,32.842498779296875
4708.258067071438,32.84281539916992
4708.591690286994,32.84286117553711
4708.9295681566,32.84306335449219
4709.268642961979,32.84307098388672
4709.595446661115,32.843387603759766
4709.933193773031,32.84365463256836
4710.260470211506,32.84360122680664
4710.59815697372,32.843544006347656
4710.926177725196,32.844139099121094
4711.264407634735,32.844173431396484
4711.592347919941,32.84395217895508
4711.9236174970865,32.84414291381836
4712.257341295481,32.844078063964844
4712.595631554723,32.843902587890625
4712.923300266266,32.844215393066406
4713.254740834236,32.8443717956543
4713.588746264577,32.84468078613281
4713.926925882697,32.84455871582031
4714.2544738948345,32.84489059448242
4714.592552930117,32.845054626464844
4714.914146438241,32.84537124633789
4715.251722559333,32.84543991088867
4715.585365891457,32.84572982788086
4715.917953103781,32.84599685668945
4716.250852122903,32.84660720825195
4716.588669642806,32.846439361572266
4716.915936022997,32.846710205078125
4717.25438721478,32.846561431884766
4717.58220680058,32.847084045410156
4717.918676510453,32.84727096557617
4718.251555413008,32.84775161743164
4718.585701659322,32.847633361816406
4718.923358246684,32.84804916381836
4719.251841679215,32.84819793701172
4719.5888344198465,32.84820556640625
4719.917126744986,32.848270416259766
4720.255587995052,32.848426818847656
4720.58292478323,32.84892654418945
4720.92017903924,32.8491096496582
4721.247646585107,32.849327087402344
4721.585454046726,32.849822998046875
4721.913746371865,32.84972381591797
4722.251775115728,32.850223541259766
4722.578528523445,32.85025405883789
4722.911266610026,32.850189208984375
4723.244809359312,32.85114288330078
4723.583170026541,32.85134506225586
4723.910084366798,32.851295471191406
4724.242329597473,32.85088348388672
4724.576294794679,32.851165771484375
4724.914021790028,32.851253509521484
4725.241569802165,32.85087203979492
4725.5795784294605,32.85100173950195
4725.906774401665,32.850372314453125
4726.244300231338,32.85082244873047
4726.583204045892,32.85060501098633
4726.910208910704,32.85062789916992
4727.2425647825,32.85023498535156
4727.576348930597,32.85063171386719
4727.914256975055,32.85111999511719
4728.241030499339,32.85085678100586
4728.578848019242,32.850547790527344
4728.906758129597,32.85109329223633
4729.245028272271,32.85151290893555
4729.572224244475,32.8519172668457
4729.910846427083,32.85155487060547
4730.239832773805,32.85171127319336
4730.57662434876,32.85184860229492
4730.904112011194,32.85236358642578
4731.242070347071,32.852455139160156
4731.569397076964,32.85198211669922
4731.907214596868,32.8524284362793
4732.229954749346,32.852455139160156
4732.5728718191385,32.853145599365234
4732.900922745466,32.853092193603516
4733.23868997395,32.8535041809082
4733.566811308265,32.85405731201172
4733.905061334372,32.85420608520508
4734.232518821955,32.85436248779297
4734.5641907304525,32.85431671142578
4734.906966984272,32.854793548583984
4735.23573204875,32.854881286621094
4735.573861375451,32.855201721191406
4735.900745540857,32.85538864135742
4736.239226907492,32.855342864990234
4736.566473171115,32.85578918457031
4736.905185878277,32.85560989379883
4737.232663482428,32.85592269897461
4737.569917738438,32.85590362548828
4737.891652062535,32.85575485229492
4738.235866650939,32.85586166381836
4738.563816994429,32.85612487792969
4738.9014936983585,32.85634994506836
4739.229092001915,32.8558235168457
4739.566396549344,32.85600280761719
4739.893843978643,32.85641860961914
4740.23230522871,32.85646057128906
4740.5607886612415,32.856727600097656
4740.89814350009,32.85674285888672
4741.2257216870785,32.85672378540039
4741.563861072063,32.85709762573242
4741.891368851066,32.85750198364258
4742.229156196117,32.85755157470703
4742.556965723634,32.85702133178711
4742.89606064558,32.85743713378906
4743.234179913998,32.85757827758789
4743.560189008713,32.85725021362305
4743.892504647374,32.85708236694336
4744.226932525635,32.857261657714844
4744.564448297024,32.85755920410156
4744.891895726323,32.85773849487305
4745.229984819889,32.85793685913086
4745.557482540607,32.85798645019531
4745.89614495635,32.85871505737305
4746.223582327366,32.85854721069336
4746.560997515917,32.858924865722656
4746.888857334852,32.85911560058594
4747.226674854755,32.859161376953125
4747.55331762135,32.85944747924805
4747.892030328512,32.85967254638672
4748.219618573785,32.8598747253418
4748.558049649,32.860164642333984
4748.885245621204,32.859867095947266
4749.223224073648,32.860103607177734
4749.551043659449,32.86030197143555
4749.887523427606,32.86038589477539
4750.216891989112,32.860633850097656
4750.554277002811,32.86069107055664
4750.8819960057735,32.86062240600586
4751.2187875807285,32.86057662963867
4751.557721570134,32.860748291015625
4751.885812729597,32.86076354980469
4752.224002406001,32.861297607421875
4752.551178261638,32.86104965209961
4752.88862362504,32.86028289794922
4753.215839713812,32.86058044433594
4753.554894402623,32.86049270629883
4753.881768509746,32.86000061035156
4754.2194452136755,32.859439849853516
4754.548079520464,32.85883712768555
4754.88616861403,32.85902404785156
4755.213253945112,32.85871887207031
4755.551041290164,32.8585090637207
4755.878257378936,32.85808181762695
4756.216648221016,32.85794448852539
4756.538402661681,32.85807418823242
4756.882566958666,32.8580322265625
4757.209612056613,32.85819625854492
4757.54794254899,32.858192443847656
4757.875943183899,32.85841369628906
4758.213821053505,32.85775375366211
4758.5420329123735,32.85774230957031
4758.872739225626,32.85788345336914
4759.206623956561,32.85747146606445
4759.545306488872,32.85702896118164
4759.8830334842205,32.85690689086914
4760.210752487183,32.8568115234375
4760.547634586692,32.85683822631836
4760.875876620412,32.85746765136719
4761.213875189424,32.857269287109375
4761.542127281427,32.85747146606445
4761.879311129451,32.85749816894531
4762.207372114062,32.85785675048828
4762.545410916209,32.85819625854492
4762.866833433509,32.85822296142578
4763.21098767221,32.857688903808594
4763.532551005483,32.8582763671875
4763.875478133559,32.858673095703125
4764.204927161336,32.85860061645508
4764.542322233319,32.85929870605469
4764.86916616559,32.85921096801758
4765.206732228398,32.85929870605469
4765.534400939941,32.85947036743164
4765.873536095023,32.85942840576172
4766.19489826262,32.859779357910156
4766.538750752807,32.85984802246094
4766.860485076904,32.860191345214844
4767.204749956727,32.860382080078125
4767.5319861620665,32.86056137084961
4767.870437353849,32.86049270629883
4768.207842484117,32.860599517822266
4768.535269796848,32.86113739013672
4768.8679073005915,32.861595153808594
4769.200695678592,32.86170959472656
4769.539016112685,32.86150360107422
4769.8660813272,32.86234664916992
4770.205166190863,32.8627815246582
4770.543979480863,32.86286926269531
4770.870089158416,32.86304473876953
4771.197063848376,32.863311767578125
4771.536068245769,32.86311340332031
4771.8638978898525,32.863494873046875
4772.201715409756,32.863285064697266
4772.523238509893,32.863929748535156
4772.861015796661,32.863582611083984
4773.194930702448,32.863983154296875
4773.533291369677,32.864261627197266
4773.854532837868,32.86454772949219
4774.19821433723,32.86463928222656
4774.525883048773,32.86412811279297
4774.863187596202,32.863853454589844
4775.19161067903,32.86411666870117
4775.529699772596,32.864280700683594
4775.856593996286,32.86453628540039
4776.194763556123,32.86422348022461
4776.527240127325,32.86438751220703
4776.8548384308815,32.8641242980957
4777.197916433215,32.864898681640625
4777.525283396244,32.86491775512695
4777.8641771525145,32.864532470703125
4778.192308545113,32.865352630615234
4778.529743850231,32.86508560180664
4778.857482969761,32.86497116088867
4779.19529043138,32.865169525146484
4779.522788152099,32.86524963378906
4779.85502332449,32.86515808105469
4780.18709756434,32.86528396606445
4780.526464059949,32.86569595336914
4780.8533281087875,32.86565399169922
4781.192151457071,32.86590576171875
4781.518733873963,32.865203857421875
4781.8516831845045,32.86489486694336
4782.184924185276,32.86563491821289
4782.523375377059,32.865055084228516
4782.850752398372,32.8647346496582
4783.188167586923,32.86479949951172
4783.515534549952,32.86514663696289
4783.854126557708,32.86472702026367
4784.181584045291,32.864532470703125
4784.519240632653,32.86436462402344
4784.857440367341,32.86460494995117
4785.1851392537355,32.864749908447266
4785.523429512978,32.86461639404297
4785.850645601749,32.86442184448242
4786.188090965152,32.864498138427734
4786.5161921828985,32.86430358886719
4786.855085939169,32.86415481567383
4787.181678414345,32.86452865600586
4787.520582228899,32.864051818847656
4787.847737967968,32.86446762084961
4788.185414671898,32.86444091796875
4788.513354957104,32.86496353149414
4788.850548863411,32.86473083496094
4789.178539440036,32.864200592041016
4789.515854045749,32.86471939086914
4789.844961091876,32.86470413208008
4790.182235464454,32.8646240234375
4790.5094012618065,32.86442947387695
4790.847792103887,32.86520004272461
4791.174967959523,32.865230560302734
4791.513338685036,32.86521911621094
4791.841067746282,32.86505126953125
4792.179086431861,32.86432647705078
4792.506483569741,32.86412811279297
4792.844773828983,32.86444854736328
4793.182621523738,32.86464309692383
4793.509988486767,32.86457824707031
4793.847433850169,32.86456298828125
4794.17596757412,32.86524200439453
4794.51422765851,32.86492156982422
4794.841373339295,32.86455154418945
4795.178708061576,32.864830017089844
4795.507090911269,32.865196228027344
4795.83953730762,32.86478042602539
4796.167316660285,32.864654541015625
4796.511028334498,32.864784240722656
4796.838475763798,32.86467361450195
4797.176102176309,32.86442947387695
4797.504102811217,32.86468505859375
4797.841487824917,32.86456298828125
4798.16376529634,32.86454772949219
4798.506923764944,32.86478805541992
4798.834894225001,32.86473083496094
4799.1734359413385,32.864601135253906
4799.501124769449,32.86486053466797
4799.832776561379,32.86540603637695
4800.166037678719,32.8652458190918
4800.504619628191,32.86479187011719
4800.832569971681,32.865074157714844
4801.181552186608,32.86569595336914
4801.506827026606,32.86610794067383
4801.835048943758,32.86637496948242
4802.167414873838,32.86620330810547
4802.500786632299,32.8659553527832
4802.839237824082,32.86552810668945
4803.1663633883,32.86576461791992
4803.505428135395,32.866477966308594
4803.833006322384,32.866275787353516
4804.169999063015,32.8663330078125
4804.497587308288,32.866458892822266
4804.836239665747,32.86676788330078
4805.164371058345,32.86637878417969
4805.501514673233,32.866188049316406
4805.828418955207,32.866546630859375
4806.1667393893,32.866737365722656
4806.494729965925,32.86608123779297
4806.833201274276,32.86608123779297
4807.1608196944,32.866214752197266
4807.497721910477,32.86631774902344
4807.8255616128445,32.86684036254883
4808.164566010237,32.86695861816406
4808.491299301386,32.866851806640625
4808.828593790531,32.8675537109375
4809.157288447022,32.86769104003906
4809.494220837951,32.86789321899414
4809.83358733356,32.868289947509766
4810.1605620235205,32.86844253540039
4810.498480126262,32.868656158447266
4810.8263198286295,32.868927001953125
4811.164167523384,32.869144439697266
4811.492137983441,32.869075775146484
4811.828376352787,32.86962127685547
4812.156276404858,32.870018005371094
4812.495160102844,32.869712829589844
4812.82280869782,32.869529724121094
4813.160103186965,32.87022018432617
4813.487309217453,32.87022399902344
4813.825690001249,32.86977767944336
4814.154475182295,32.870059967041016
4814.491870254278,32.87030029296875
4814.819196984172,32.870689392089844
4815.156742930412,32.87106704711914
4815.485749393702,32.87097930908203
4815.823466330767,32.871246337890625
4816.150189563632,32.87106704711914
4816.487976908684,32.8714485168457
4816.815967485309,32.87163543701172
4817.153915762901,32.87211227416992
4817.4821477383375,32.87179946899414
4817.818949371576,32.87236785888672
4818.157008290291,32.87290573120117
4818.484355136752,32.87322235107422
4818.823429942131,32.873355865478516
4819.150927662849,32.87328338623047
4819.488483667374,32.87348937988281
4819.81103271246,32.873863220214844
4820.15468403697,32.8741569519043
4820.481749251485,32.87407684326172
4820.819918811321,32.874088287353516
4821.147597581148,32.87440872192383
4821.484429389238,32.87452697753906
4821.813093870878,32.87471389770508
4822.150911390781,32.8750114440918
4822.478841617703,32.87492752075195
4822.81658872962,32.87494659423828
4823.138142004609,32.87449264526367
4823.482406884432,32.874881744384766
4823.8094218075275,32.87504959106445
4824.147702008486,32.87522888183594
4824.475330486894,32.87511444091797
4824.814204126596,32.87546920776367
4825.141017884016,32.875404357910156
4825.4789762198925,32.875789642333984
4825.8062325418,32.876243591308594
4826.145367696881,32.876502990722656
4826.483004167676,32.8760986328125
4826.809848099947,32.8762321472168
4827.147404104471,32.87632751464844
4827.475978061557,32.875911712646484
4827.814328670502,32.876644134521484
4828.141243010759,32.87672805786133
4828.478628024459,32.87649154663086
4828.8067895919085,32.87572479248047
4829.139457270503,32.87595748901367
4829.473301768303,32.876888275146484
4829.809922352433,32.876861572265625
4830.13234063983,32.87650680541992
4830.475378409028,32.875892639160156
4830.804917961359,32.876243591308594
4831.14148825407,32.8763542175293
4831.469981744885,32.87644958496094
4831.818310171366,32.87651443481445
4832.134210690856,32.87611770629883
4832.472712174058,32.87643814086914
4832.800612226129,32.877197265625
4833.138781785965,32.876983642578125
4833.46605822444,32.87701416015625
4833.8051330298185,32.876766204833984
4834.131916612387,32.87693405151367
4834.469563141465,32.877079010009766
4834.807772934437,32.87749099731445
4835.135250538588,32.87787628173828
4835.4733396321535,32.87771987915039
4835.801702365279,32.87776565551758
4836.1389968544245,32.878055572509766
4836.460057273507,32.878334045410156
4836.805257573724,32.878475189208984
4837.133137509227,32.878135681152344
4837.470230832696,32.87839889526367
4837.797326222062,32.878543853759766
4838.1293300539255,32.8786506652832
4838.462973386049,32.87872314453125
4838.801857084036,32.878822326660156
4839.128177985549,32.879432678222656
4839.467403665185,32.87933349609375
4839.79404643178,32.87913513183594
4840.131863951683,32.879638671875
4840.459643304348,32.87997817993164
4840.797450765967,32.8798942565918
4841.124355047941,32.87948226928711
4841.463107988238,32.88017272949219
4841.791118681431,32.88045883178711
4842.128906026483,32.8804817199707
4842.455860599875,32.88056182861328
4842.794382199645,32.88025665283203
4843.132270127535,32.88029479980469
4843.4605322778225,32.87999725341797
4843.797343969345,32.879852294921875
4844.119933247566,32.880435943603516
4844.46385614574,32.88019561767578
4844.791353866458,32.88016891479492
4845.1232973486185,32.88032150268555
4845.457332953811,32.880271911621094
4845.79505994916,32.88031005859375
4846.122084930539,32.88045120239258
4846.460536122322,32.880615234375
4846.788245067,32.88045120239258
4847.126072645187,32.8804817199707
4847.453419491649,32.88076400756836
4847.791508585215,32.8803825378418
4848.119398579001,32.88079071044922
4848.456984758377,32.88115310668945
4848.784673586488,32.88115692138672
4849.122390523553,32.88123321533203
4849.45120587945,32.881595611572266
4849.787363782525,32.88208770751953
4850.115082785487,32.88207244873047
4850.454097241163,32.88262176513672
4850.781252980232,32.882835388183594
4851.120639592409,32.883338928222656
4851.456757262349,32.883121490478516
4851.784124225378,32.88380432128906
4852.122857049108,32.88428497314453
4852.450958266854,32.88454055786133
4852.787769958377,32.88483810424805
4853.116022050381,32.88523483276367
4853.4545335918665,32.88563537597656
4853.781468048692,32.886173248291016
4854.120834544301,32.886268615722656
4854.4470850378275,32.88656997680664
4854.779541492462,32.88661193847656
4855.113758146763,32.88726806640625
4855.451304093003,32.887516021728516
4855.778711289167,32.88764190673828
4856.11615665257,32.8878059387207
4856.44469037652,32.887935638427734
4856.782558187842,32.888065338134766
4857.109432294965,32.88817596435547
4857.4477426707745,32.887943267822266
4857.775119692087,32.88840866088867
4858.113420009613,32.8884391784668
4858.441139012575,32.8886833190918
4858.779348805547,32.88906478881836
4859.105941280723,32.88873291015625
4859.44376885891,32.889278411865234
4859.7830850631,32.889381408691406
4860.109928995371,32.88965606689453
4860.44752523303,32.889617919921875
4860.775012895465,32.88973617553711
4861.108233779669,32.8897819519043
4861.441454663873,32.890743255615234
4861.779201775789,32.89111328125
4862.107142060995,32.8908576965332
4862.455128505826,32.891357421875
4862.772990390658,32.89197540283203
4863.110546395183,32.891937255859375
4863.437571376562,32.89232635498047
4863.77598233521,32.89226150512695
4864.103047549725,32.892601013183594
4864.442142471671,32.892642974853516
4864.764047786593,32.89297866821289
4865.107125788927,32.8932991027832
4865.428518131375,32.89353942871094
4865.773617848754,32.89399337768555
4866.100592538714,32.893653869628906
4866.438289359212,32.89347839355469
4866.760265082121,32.89358139038086
4867.104409262538,32.89397430419922
4867.431776225567,32.89377975463867
4867.77022741735,32.893924713134766
4868.107592314482,32.89378356933594
4868.435230851173,32.89439392089844
4868.773511052132,32.89439392089844
4869.100596383214,32.89453887939453
4869.438102096319,32.89459991455078
4869.766313955188,32.89453125
4870.103316754103,32.89491653442383
4870.432262867689,32.89494323730469
4870.769838988781,32.8948974609375
4871.090939640999,32.89455032348633
4871.434802189469,32.89497756958008
4871.764070168138,32.89500045776367
4872.10138477385,32.89539337158203
4872.428600862622,32.89548110961914
4872.765734419227,32.89533996582031
4873.093503713608,32.89575958251953
4873.432809859514,32.89545440673828
4873.760277405381,32.896263122558594
4874.091466516256,32.895896911621094
4874.424717575312,32.8957633972168
4874.757807701826,32.89600372314453
4875.091601908207,32.89656066894531
4875.428805872798,32.896610260009766
4875.766200944781,32.896575927734375
4876.09449326992,32.897220611572266
4876.432320848107,32.89719009399414
4876.76012031734,32.89753341674805
4877.09800824523,32.89775466918945
4877.425807714462,32.89768981933594
4877.764289081097,32.89805221557617
4878.092209249735,32.89838790893555
4878.429775312543,32.89887237548828
4878.757021576166,32.89866638183594
4879.095080494881,32.898719787597656
4879.422477632761,32.899105072021484
4879.761140048504,32.89945602416992
4880.087360367179,32.89992141723633
4880.420380085707,32.89982986450195
4880.753922834992,32.900062561035156
4881.092132627964,32.9003791809082
4881.42015337944,32.90044021606445
4881.757266819477,32.900856018066406
4882.0855893194675,32.90095901489258
4882.422048971057,32.901397705078125
4882.751095667481,32.901615142822266
4883.088299632072,32.90167999267578
4883.416179567575,32.90220260620117
4883.754168078303,32.902198791503906
4884.081927314401,32.902252197265625
4884.420116990805,32.9023323059082
4884.757773578167,32.90245056152344
4885.085422173142,32.90241622924805
4885.423310101032,32.902801513671875
4885.7509184628725,32.902748107910156
4886.089077964425,32.90275955200195
4886.416133120656,32.90242385864258
4886.748016253114,32.90300369262695
4887.0820719748735,32.90313720703125
4887.420402467251,32.90321350097656
4887.746522203088,32.90327072143555
4888.085325434804,32.903377532958984
4888.41334618628,32.9034538269043
4888.751777261496,32.903892517089844
4889.078289270401,32.90383529663086
4889.415895566344,32.90363311767578
4889.744419232011,32.903724670410156
4890.082035586238,32.903926849365234
4890.410277619958,32.90439987182617
4890.747652575374,32.90422821044922
4891.0745568573475,32.904266357421875
4891.413752362132,32.90434646606445
4891.741290315986,32.9045524597168
4892.078705504537,32.904693603515625
4892.40624345839,32.90456771850586
4892.7435882389545,32.90449523925781
4893.093153834343,32.9046516418457
4893.410160765052,32.904598236083984
4893.747767060995,32.904701232910156
4894.074681401253,32.90445327758789
4894.413243234158,32.90428161621094
4894.741103053093,32.9036750793457
4895.078679174185,32.90375900268555
4895.406528934836,32.903587341308594
4895.743742957711,32.90354919433594
4896.072447672486,32.90351104736328
4896.410526707768,32.90336990356445
4896.737702563405,32.9033203125
4897.075077518821,32.903141021728516
4897.397797554731,32.90332794189453
4897.741177305579,32.90286636352539
4898.0691980570555,32.902950286865234
4898.406673595309,32.902740478515625
4898.734774813056,32.902645111083984
4899.073055014014,32.90293884277344
4899.400874599814,32.9022331237793
4899.737917631865,32.9019889831543
4900.065455585718,32.90248489379883
4900.403172522783,32.90198516845703
4900.731786713004,32.901668548583984
4901.069996505976,32.901546478271484
4901.40691883862,32.901973724365234
4901.734637841582,32.90210723876953
4902.073772996664,32.90184020996094
4902.401119843125,32.901710510253906
4902.738645672798,32.90167999267578
4903.06607298553,32.90200424194336
4903.403930738568,32.90214538574219
4903.732052072883,32.90193557739258
4904.0641363710165,32.902137756347656
4904.3974578380585,32.901893615722656
4904.734541103244,32.9022102355957
4905.063326284289,32.901893615722656
4905.40129467845,32.90161895751953
4905.728510767221,32.901573181152344
4906.0668513178825,32.90194320678711
4906.388032436371,32.90214157104492
4906.731995567679,32.90215301513672
4907.060780748725,32.902679443359375
4907.396777719259,32.90268325805664
4907.719196006656,32.90253448486328
4908.063853159547,32.902626037597656
4908.3907172083855,32.90250015258789
4908.729771897197,32.902896881103516
4909.056263789535,32.90290069580078
4909.39511731267,32.903194427490234
4909.732039645314,32.90346908569336
4910.059909522533,32.90341567993164
4910.397847741842,32.903682708740234
4910.725154355168,32.90372085571289
4911.058023199439,32.90398406982422
4911.39097250998,32.90401840209961
4911.729473993182,32.904266357421875
4912.0558351278305,32.904449462890625
4912.394759058952,32.90445327758789
4912.722850218415,32.90496826171875
4913.060758262873,32.90515899658203
4913.388577848673,32.90544128417969
4913.726345077157,32.90485763549805
4914.054023846984,32.90496826171875
4914.390936121345,32.90488815307617
4914.719329029322,32.90500259399414
4915.057005733252,32.905452728271484
4915.384624153376,32.90512466430664
4915.723175927997,32.904903411865234
4916.050623357296,32.904815673828125
4916.3876462727785,32.90458297729492
4916.715244576335,32.90454864501953
4917.052720114589,32.90420913696289
4917.382199317217,32.904335021972656
4917.719342932105,32.9036979675293
4918.041328713298,32.90406036376953
4918.384678289294,32.90426254272461
4918.717567250133,32.90445327758789
4919.051321223378,32.90408706665039
4919.388836994767,32.90425491333008
4919.715751335025,32.9046745300293
4920.0534380972385,32.90463638305664
4920.381810888648,32.90433120727539
4920.720252022147,32.90421676635742
4921.04770950973,32.90435028076172
4921.38538621366,32.90467834472656
4921.713095158339,32.9045295715332
4922.051737457514,32.904441833496094
4922.378983721137,32.904151916503906
4922.715996578336,32.90421676635742
4923.044339194894,32.9041633605957
4923.382418230176,32.90394973754883
4923.710066825151,32.90407943725586
4924.047421664,32.90432357788086
4924.37566369772,32.904693603515625
4924.712777137756,32.90454864501953
4925.041109696031,32.90476608276367
4925.378947332501,32.90481948852539
4925.700963288546,32.905147552490234
4926.044594496489,32.90516662597656
4926.373279094696,32.905517578125
4926.710030436516,32.90618133544922
4927.047817781568,32.90595626831055
4927.376009523869,32.906219482421875
4927.712740749121,32.90576934814453
4928.041867911816,32.9058837890625
4928.379222750664,32.90614318847656
4928.707082569599,32.90639877319336
4929.044990614057,32.906471252441406
4929.373192414641,32.90679931640625
4929.710154980421,32.90727996826172
4930.038487538695,32.9071159362793
4930.369736999273,32.90774917602539
4930.703289806843,32.90794372558594
4931.035524979234,32.90791702270508
4931.363515555859,32.90814208984375
4931.707156822085,32.907981872558594
4932.034805417061,32.90855407714844
4932.372974976897,32.9087028503418
4932.701136544347,32.90896987915039
4933.038933947682,32.90865707397461
4933.366381376982,32.909061431884766
4933.703645691276,32.90946578979492
4934.032239764929,32.90919876098633
4934.369403496385,32.909366607666016
4934.697192907333,32.90970230102539
4935.034738853574,32.90998458862305
4935.373884066939,32.90999221801758
4935.701633244753,32.91022872924805
4936.038304120302,32.910377502441406
4936.359927803278,32.91086196899414
4936.70411221683,32.910884857177734
4937.031841278076,32.91098403930664
4937.3644184321165,32.91080093383789
4937.697609141469,32.911094665527344
4938.0349438637495,32.910865783691406
4938.363105431199,32.91142272949219
4938.700892776251,32.91149139404297
4939.028611779213,32.91141891479492
4939.366801455617,32.911720275878906
4939.694218710065,32.91176223754883
4940.032881125808,32.91135025024414
4940.3598960489035,32.911476135253906
4940.698055550456,32.91237258911133
4941.0197496414185,32.91232681274414
4941.363209858537,32.91210174560547
4941.691602766514,32.91244125366211
4942.029088363051,32.912506103515625
4942.356988415122,32.91300582885742
4942.69447401166,32.913307189941406
4943.021639809012,32.91366195678711
4943.360231816769,32.91376495361328
4943.698512017727,32.91392517089844
4944.0256375819445,32.914608001708984
4944.363314285874,32.914573669433594
4944.6906208992,32.914886474609375
4945.02311758697,32.91472244262695
4945.355563983321,32.91525650024414
4945.695021003485,32.91550064086914
4946.022438257933,32.91595458984375
4946.360436826944,32.9156608581543
4946.6885179281235,32.915794372558594
4947.025661543012,32.91642379760742
4947.353491187096,32.91613006591797
4947.691630572081,32.916439056396484
4948.019852489233,32.91678237915039
4948.356905579567,32.91762924194336
4948.684936389327,32.91797637939453
4949.023105949163,32.91802978515625
4949.3504628539085,32.918270111083984
4949.688370898366,32.91818618774414
4950.01590885222,32.91836929321289
4950.353464856744,32.91900634765625
4950.681002810597,32.919044494628906
4951.020148023963,32.91903305053711
4951.346126943827,32.919437408447266
4951.684718951583,32.919830322265625
4952.022727578878,32.9195556640625
4952.349883317947,32.919498443603516
4952.688847482204,32.91977310180664
4953.015490248799,32.91986846923828
4953.353770449758,32.92009353637695
4953.681620210409,32.91994094848633
4954.020423442125,32.92007827758789
4954.359075799584,32.919952392578125
4954.685467109084,32.9200439453125
4955.006477236748,32.92021179199219
4955.351074039936,32.920249938964844
4955.678782984614,32.92029571533203
4956.015353277326,32.92012405395508
4956.34431950748,32.920345306396484
4956.68186545372,32.91998291015625
4957.00981579721,32.92025375366211
4957.347683608532,32.92031478881836
4957.675131037831,32.92082977294922
4958.01298879087,32.92081069946289
4958.341180533171,32.92047119140625
4958.6784850806,32.920684814453125
4959.0062744915485,32.920745849609375
4959.338358789682,32.92041015625
4959.672203287482,32.920406341552734
4960.009990632534,32.92028045654297
4960.348824039102,32.920379638671875
4960.675295814872,32.920127868652344
4961.013736948371,32.9201545715332
4961.340641230345,32.91997528076172
4961.680058017373,32.91952133178711
4962.011689692736,32.91936111450195
4962.34520226717,32.91898727416992
4962.672076374292,32.91911697387695
4963.009722903371,32.91908645629883
4963.337099924684,32.91909408569336
4963.674867153168,32.919212341308594
4964.003310352564,32.91893005371094
4964.341791719198,32.918861389160156
4964.668856933713,32.91884994506836
4965.007539466023,32.91851806640625
4965.334312990308,32.918121337890625
4965.67210033536,32.91824722290039
4965.999758988619,32.91851806640625
4966.338612511754,32.918338775634766
4966.665748134255,32.917633056640625
4967.003545537591,32.91743087768555
4967.331767454743,32.917236328125
4967.668931186199,32.91737365722656
4967.99754537642,32.91728973388672
4968.334186077118,32.91700744628906
4968.672999367118,32.917179107666016
4969.000829011202,32.917022705078125
4969.33881752193,32.91687774658203
4969.665178656578,32.916412353515625
4970.004273578525,32.916351318359375
4970.331570133567,32.91651153564453
4970.669920742512,32.91631317138672
4970.998192951083,32.91609573364258
4971.335215866566,32.915916442871094
4971.66262306273,32.915775299072266
4972.000792622566,32.916236877441406
4972.328240051866,32.91578674316406
4972.665685415268,32.915863037109375
4972.993967682123,32.91588592529297
4973.332479223609,32.9160041809082
4973.660268634558,32.9165153503418
4973.997372016311,32.91667175292969
4974.325020611286,32.916175842285156
4974.663059413433,32.91663360595703
4974.990768358111,32.917015075683594
4975.329199433327,32.91705322265625
4975.655842199922,32.91709899902344
4975.994172692299,32.916751861572266
4976.322857290506,32.91689682006836
4976.659719273448,32.916629791259766
4976.997737959027,32.91679000854492
4977.324833348393,32.91691970825195
4977.662691101432,32.91636657714844
4977.991687506437,32.916324615478516
4978.329404443502,32.91614532470703
4978.656489774585,32.91592788696289
4978.993824496865,32.916587829589844
4979.323032125831,32.91630554199219
4979.66062836349,32.916568756103516
4979.988256841898,32.916587829589844
4980.325581505895,32.916690826416016
4980.653240159154,32.91687774658203
4980.991429835558,32.91728591918945
4981.319018080831,32.91681671142578
4981.656584143639,32.91712951660156
4981.9787207990885,32.91747283935547
4982.321597635746,32.917911529541016
4982.650463283062,32.9175910949707
4982.988059520721,32.917449951171875
4983.315798640251,32.91743087768555
4983.653354644775,32.91737747192383
4983.981807902455,32.917171478271484
4984.320208802819,32.9172248840332
4984.64705273509,32.91728591918945
4984.997473284602,32.91748809814453
4985.323059931397,32.917274475097656
4985.650457069278,32.91744613647461
4985.988274589181,32.91761016845703
4986.309465765953,32.91763687133789
4986.653620004654,32.91789245605469
4986.982435360551,32.91790008544922
4987.319538742304,32.91793441772461
4987.6478008925915,32.91769790649414
4987.984833866358,32.918212890625
4988.312371820211,32.918121337890625
4988.651376217604,32.91847229003906
4988.972919434309,32.9189453125
4989.316399767995,32.918800354003906
4989.637540653348,32.918968200683594
4989.981584250927,32.918678283691406
4990.309011563659,32.91891098022461
4990.641739591956,32.919185638427734
4990.97538292408,32.9190559387207
4991.313049569726,32.9191780090332
4991.64045676589,32.91961669921875
4991.973295435309,32.9200325012207
4992.306113988161,32.91984939575195
4992.649332806468,32.92048645019531
4992.971630394459,32.920387268066406
4993.310725316405,32.9206428527832
4993.648251146078,32.92122268676758
4993.975245952606,32.92151641845703
4994.313445687294,32.92182922363281
4994.640681892633,32.92182159423828
4994.973269104958,32.92195510864258
4995.30098810792,32.922149658203125
4995.644890889525,32.92289352416992
4995.972288027406,32.92299270629883
4996.310638636351,32.92314147949219
4996.637633442879,32.9230842590332
4996.976275742054,32.92322540283203
4997.303019091487,32.923492431640625
4997.641601040959,32.92378616333008
4997.968837246299,32.92378616333008
4998.301183059812,32.92389678955078
4998.634112253785,32.92387771606445
4998.972915485501,32.92420196533203
4999.299598485231,32.92391586303711
4999.639135971665,32.923980712890625
4999.964923784137,32.92426681518555
5000.304209813476,32.92424774169922
5000.631184503436,32.92448043823242
5000.969032198191,32.92472839355469
5001.297565922141,32.924564361572266
5001.63444802165,32.9244384765625
5001.9663613289595,32.92449951171875
5002.299823611975,32.92472457885742
5002.638868242502,32.92431640625
5002.965973690152,32.92402267456055
5003.304585814476,32.92426681518555
5003.631258755922,32.924007415771484
5003.969005867839,32.92386245727539
5004.297328367829,32.92390441894531
5004.634411633015,32.923763275146484
5004.962281510234,32.92388153076172
5005.300984159112,32.924015045166016
5005.62797896564,32.92407989501953
5005.967254936695,32.9243049621582
5006.293616071343,32.92447280883789
5006.631695106626,32.924468994140625
5006.960017606616,32.92439651489258
5007.297171279788,32.9245491027832
5007.625363022089,32.924659729003906
5007.962375879288,32.92448425292969
5008.290829136968,32.92423629760742
5008.628606423736,32.92458724975586
5008.9563354849815,32.924842834472656
5009.294223412871,32.92487716674805
5009.622706845403,32.92461395263672
5009.960353374481,32.92466735839844
5010.297617688775,32.924495697021484
5010.625557973981,32.92428970336914
5010.962902754545,32.924137115478516
5011.291084438562,32.92411422729492
5011.629083007574,32.92423629760742
5011.956299096346,32.9241943359375
5012.294166907668,32.92384338378906
5012.621272355318,32.92376708984375
5012.960176169872,32.9235954284668
5013.288035988808,32.923072814941406
5013.625803217292,32.92333984375
5013.952999189496,32.92314529418945
5014.285425469279,32.92284393310547
5014.613084122539,32.922752380371094
5014.957117661834,32.922882080078125
5015.284343808889,32.92290115356445
5015.633426606655,32.92316818237305
5015.950644761324,32.92304229736328
5016.28831140697,32.922725677490234
5016.615165397525,32.9227294921875
5016.952842101455,32.922908782958984
5017.282401770353,32.9226188659668
5017.619163170457,32.92262268066406
5017.947696894407,32.92270278930664
5018.284428119659,32.92287826538086
5018.621813133359,32.92304611206055
5018.950779363513,32.92329406738281
5019.288446009159,32.92374038696289
5019.61592361331,32.9235954284668
5019.954052940011,32.92329788208008
5020.28205357492,32.92333221435547
5020.620112493634,32.923667907714844
5020.9478214383125,32.92362594604492
5021.284633129835,32.92332077026367
5021.612764522433,32.9232063293457
5021.951426938176,32.92325210571289
5022.279035300016,32.923011779785156
5022.6167522370815,32.922828674316406
5022.944089025259,32.922576904296875
5023.286754637957,32.92246627807617
5023.609997704625,32.92243957519531
5023.947593942285,32.922916412353516
5024.27495084703,32.922813415527344
5024.61262755096,32.92271423339844
5024.940638244152,32.922637939453125
5025.279491767287,32.92198181152344
5025.606898963451,32.9218635559082
5025.937625393271,32.921966552734375
5026.271137967706,32.921749114990234
5026.610393822193,32.92138671875
5026.94814093411,32.92156219482422
5027.275699004531,32.92179489135742
5027.613385766745,32.92183303833008
5027.94103436172,32.922401428222656
5028.27963642776,32.92222213745117
5028.601109236479,32.921939849853516
5028.944680094719,32.921875
5029.266042262316,32.921871185302734
5029.610991105437,32.92148208618164
5029.938056319952,32.921119689941406
5030.274747312069,32.92107391357422
5030.603381618857,32.92095184326172
5030.940997973084,32.92134475708008
5031.268475577235,32.920860290527344
5031.607570499182,32.92118835449219
5031.93414285779,32.92102813720703
5032.27224200964,32.920772552490234
5032.600071653724,32.920650482177734
5032.937446609139,32.920654296875
5033.2654774188995,32.920936584472656
5033.602510392666,32.921119689941406
5033.932080119848,32.92124938964844
5034.269143268466,32.92115783691406
5034.596198424697,32.92107391357422
5034.934498742223,32.92115020751953
5035.2725476026535,32.921119689941406
5035.600085556507,32.920597076416016
5035.937641561031,32.920684814453125
5036.265843361616,32.92059326171875
5036.602956801653,32.920867919921875
5036.930363997817,32.920799255371094
5037.269217520952,32.92088317871094
5037.597358971834,32.92066192626953
5037.934351712465,32.920921325683594
5038.261939957738,32.92079162597656
5038.594959676266,32.920658111572266
5038.928562775254,32.920997619628906
5039.266390353441,32.9206428527832
5039.593445509672,32.920753479003906
5039.9319268763065,32.9212646484375
5040.25959558785,32.921165466308594
5040.59743322432,32.920928955078125
5040.924930945039,32.9199333190918
5041.262778639793,32.920249938964844
5041.5907591581345,32.92026901245117
5041.92927069962,32.92002487182617
5042.257019877434,32.91997528076172
5042.5885912030935,32.92018127441406
5042.921902611852,32.920372009277344
5043.259921297431,32.92038345336914
5043.597507476807,32.920387268066406
5043.925337120891,32.920188903808594
5044.262832775712,32.919677734375
5044.592120870948,32.91958999633789
5044.929123669863,32.91984939575195
5045.256621390581,32.92027282714844
5045.594338327646,32.920372009277344
5045.922268554568,32.92047119140625
5046.271401643753,32.92099380493164
5046.587483212352,32.92156219482422
5046.9251699745655,32.921382904052734
5047.253683581948,32.92151641845703
5047.5908774882555,32.9211311340332
5047.918978706002,32.92083740234375
5048.257369548082,32.920658111572266
5048.584193363786,32.92131042480469
5048.922393098474,32.9212532043457
5049.250232800841,32.921268463134766
5049.588623642921,32.9212532043457
5049.910368025303,32.92158889770508
5050.253214687109,32.92102813720703
5050.575069710612,32.92148208618164
5050.920038670301,32.92143249511719
5051.247999072075,32.92118835449219
5051.583804935217,32.92206954956055
5051.922205835581,32.922359466552734
5052.250176295638,32.92252731323242
5052.589190751314,32.92269515991211
5052.916386723518,32.92301559448242
5053.253560513258,32.923187255859375
5053.581641614437,32.92317199707031
5053.919529542327,32.92380142211914
5054.24677580595,32.9239616394043
5054.584492743015,32.924415588378906
5054.912121221423,32.924442291259766
5055.2509646862745,32.92472457885742
5055.577697977424,32.92466354370117
5055.916973948479,32.92515182495117
5056.243757531047,32.92508316040039
5056.581524759531,32.9251594543457
5056.90981708467,32.92535400390625
5057.24820792675,32.92605972290039
5057.574458420277,32.92672348022461
5057.9131208360195,32.92650604248047
5058.241242170334,32.926631927490234
5058.578597009182,32.9271354675293
5058.905752748251,32.9270133972168
5059.243117645383,32.92747497558594
5059.57193300128,32.92805099487305
5059.909539297223,32.928524017333984
5060.248141363263,32.92828369140625
5060.576373338699,32.929012298583984
5060.912330076098,32.92905807495117
5061.241587996483,32.92921447753906
5061.578409746289,32.928955078125
5061.906420439482,32.929054260253906
5062.244268134236,32.929527282714844
5062.5711020082235,32.929420471191406
5062.910076230764,32.92928695678711
5063.2381573319435,32.929229736328125
5063.575119897723,32.92927932739258
5063.902899250388,32.92977523803711
5064.240857586265,32.9296760559082
5064.569250494242,32.92906951904297
5064.9064142256975,32.929447174072266
5065.23442491889,32.9295539855957
5065.5720714479685,32.92931365966797
5065.900695696473,32.929420471191406
5066.238362342119,32.92964553833008
5066.565819829702,32.929569244384766
5066.902561113238,32.92947006225586
5067.23104454577,32.929325103759766
5067.568922415376,32.92973709106445
5067.896631360054,32.9297981262207
5068.234468996525,32.9300422668457
5068.5735035687685,32.93009567260742
5068.901111930609,32.92977523803711
5069.238567352295,32.92983627319336
5069.5661053061485,32.93033981323242
5069.904073700309,32.930362701416016
5070.230927690864,32.93024444580078
5070.569197833538,32.93035888671875
5070.897097885609,32.930259704589844
5071.234482899308,32.93025207519531
5071.562051028013,32.930137634277344
5071.9014678150415,32.930389404296875
5072.228774428368,32.930503845214844
5072.566632181406,32.93034362792969
5072.893767803907,32.930904388427734
5073.2317462563515,32.9310302734375
5073.560108989477,32.93088150024414
5073.897906392813,32.93080139160156
5074.225484579802,32.931304931640625
5074.562507495284,32.93094253540039
5074.891534075141,32.930877685546875
5075.228305533528,32.930755615234375
5075.556477159262,32.931121826171875
5075.893681123853,32.93134689331055
5076.221128553152,32.93162155151367
5076.559901610017,32.93132781982422
5076.909779012203,32.93121337890625
5077.225025743246,32.93112564086914
5077.562420815229,32.93107986450195
5077.890049293637,32.931278228759766
5078.2291341573,32.93154525756836
5078.556973859668,32.93160629272461
5078.89463044703,32.93178176879883
5079.22236956656,32.93162536621094
5079.56012673676,32.93172073364258
5079.887795448303,32.9317741394043
5080.226095765829,32.9320068359375
5080.553915351629,32.9317626953125
5080.890737101436,32.93220138549805
5081.219210475683,32.93284606933594
5081.557158753276,32.93335723876953
5081.884465366602,32.933258056640625
5082.222715392709,32.93295669555664
5082.550243288279,32.93352508544922
5082.888251915574,32.93333053588867
5083.215518295765,32.93344497680664
5083.553164824843,32.933685302734375
5083.875271305442,32.933956146240234
5084.219204261899,32.93387985229492
5084.5476273447275,32.93415069580078
5084.883604198694,32.9345817565918
5085.222759470344,32.933929443359375
5085.550418123603,32.93424606323242
5085.889110714197,32.93399429321289
5086.216075345874,32.934078216552734
5086.54805906117,32.93423843383789
5086.88148111105,32.93385314941406
5087.219409272075,32.9338264465332
5087.54705786705,32.933746337890625
5087.885066494346,32.93354797363281
5088.2113471627235,32.93376922607422
5088.549949228764,32.933650970458984
5088.878070563078,32.93327713012695
5089.21088911593,32.933170318603516
5089.54325504601,32.933624267578125
5089.882007986307,32.93354034423828
5090.2095057070255,32.93392562866211
5090.547866374254,32.933616638183594
5090.876118466258,32.93365478515625
5091.2129905074835,32.93389129638672
5091.535177454352,32.93425369262695
5091.878315806389,32.93392562866211
5092.205602303147,32.93429946899414
5092.543932795525,32.93370819091797
5092.870837077498,32.93357849121094
5093.210002407432,32.93408203125
5093.5480915009975,32.933807373046875
5093.876293301582,32.93375015258789
5094.213587790728,32.9339714050293
5094.540823996067,32.933929443359375
5094.878550991416,32.93418502807617
5095.2062498778105,32.93434524536133
5095.544017106295,32.93440628051758
5095.871836692095,32.93456268310547
5096.209774911404,32.934696197509766
5096.537312865257,32.934791564941406
5096.8748185783625,32.93495559692383
5097.203050553799,32.93470001220703
5097.54033498466,32.935176849365234
5097.86870777607,32.93526840209961
5098.206233605742,32.9354248046875
5098.534244298935,32.934993743896484
5098.871890828013,32.934417724609375
5099.2005452513695,32.9354133605957
5099.5383728295565,32.93556213378906
5099.865116178989,32.93537521362305
5100.203678011894,32.935455322265625
5100.530964508653,32.9359245300293
5100.8695263415575,32.93585205078125
5101.197255402803,32.935935974121094
5101.533986628056,32.93598556518555
5101.872286945581,32.93592071533203
5102.200166881084,32.936492919921875
5102.538084983826,32.936580657958984
5102.865763753653,32.937129974365234
5103.203631564975,32.93732452392578
5103.531270101666,32.937313079833984
5103.870023041964,32.937374114990234
5104.197168722749,32.93744659423828
5104.534443095326,32.9381217956543
5104.862262681127,32.93819808959961
5105.200029909611,32.938907623291016
5105.528674274683,32.93907165527344
5105.8664213865995,32.93938064575195
5106.193727999926,32.93941116333008
5106.532098725438,32.939674377441406
5106.860210001469,32.94023513793945
5107.197041809559,32.93986892700195
5107.536559179425,32.94076919555664
5107.8628700226545,32.940677642822266
5108.189814537764,32.9410285949707
5108.5223112255335,32.940895080566406
5108.8560450822115,32.94152069091797
5109.194144234061,32.94091033935547
5109.521672129631,32.941104888916016
5109.8537262529135,32.941349029541016
5110.197297111154,32.94139862060547
5110.525539144874,32.94155502319336
5110.862934216857,32.941287994384766
5111.190934851766,32.9411735534668
5111.528722196817,32.94141387939453
5111.856793239713,32.94105529785156
5112.194309011102,32.941280364990234
5112.521857023239,32.94099426269531
5112.860680371523,32.94134521484375
5113.188188150525,32.94133377075195
5113.525030016899,32.941200256347656
5113.8535134494305,32.94089126586914
5114.19026479125,32.941162109375
5114.519593119621,32.94129180908203
5114.85702842474,32.94166564941406
5115.184596553445,32.941307067871094
5115.516761317849,32.941619873046875
5115.849469229579,32.941829681396484
5116.1878902465105,32.941741943359375
5116.515890881419,32.941951751708984
5116.853607818484,32.942481994628906
5117.180904373527,32.94297409057617
5117.518832534552,32.94266891479492
5117.847456783056,32.94325637817383
5118.18535476923,32.943565368652344
5118.516684696078,32.943878173828125
5118.850398436189,32.94405746459961
5119.18263360858,32.94436264038086
5119.5157036185265,32.94468307495117
5119.853963702917,32.944671630859375
5120.175255462527,32.94476318359375
5120.519590750337,32.94506072998047
5120.847923308611,32.945438385009766
5121.184976398945,32.945472717285156
5121.5122025460005,32.94538116455078
5121.85051292181,32.94545364379883
5122.178956121206,32.94595718383789
5122.516532242298,32.94621658325195
5122.843869030476,32.946136474609375
5123.18184748292,32.94643783569336
5123.509516194463,32.946250915527344
5123.848128318787,32.946739196777344
5124.175726622343,32.946842193603516
5124.512950703502,32.94657516479492
5124.840609356761,32.94684600830078
5125.179482996464,32.94639205932617
5125.506568327546,32.94667053222656
5125.84467753768,32.94647216796875
5126.172195374966,32.946529388427734
5126.509208232164,32.94656753540039
5126.847820356488,32.946414947509766
5127.175106853247,32.94625473022461
5127.512481808662,32.94606018066406
5127.834467589855,32.946285247802734
5128.178893402219,32.94614028930664
5128.506602346897,32.94572830200195
5128.843876719475,32.94519805908203
5129.172028228641,32.945411682128906
5129.5096244663,32.94572830200195
5129.8376854509115,32.94572067260742
5130.175281688571,32.94564437866211
5130.501954630017,32.945926666259766
5130.834853649139,32.94593811035156
5131.168969720602,32.94633865356445
5131.501204892993,32.946163177490234
5131.834455952048,32.94617462158203
5132.171991840005,32.946041107177734
5132.500264048576,32.945804595947266
5132.83787034452,32.94546890258789
5133.166233077645,32.94518280029297
5133.503215759993,32.94572830200195
5133.830854296684,32.94567108154297
5134.168490767479,32.94525909423828
5134.4967026263475,32.945213317871094
5134.835274517536,32.9451789855957
5135.161746293306,32.94512176513672
5135.500448942184,32.94514083862305
5135.838367044926,32.94522476196289
5136.165512725711,32.945037841796875
5136.504104733467,32.94493103027344
5136.831461638212,32.94491958618164
5137.168987467885,32.944923400878906
5137.49655559659,32.944923400878906
5137.835539877415,32.94454574584961
5138.172039762139,32.94436264038086
5138.500724360347,32.944580078125
5138.828352838755,32.94416046142578
5139.166110008955,32.94462966918945
5139.493577554822,32.94468307495117
5139.830660820007,32.944252014160156
5140.1537127792835,32.94425582885742
5140.497112646699,32.94409942626953
5140.824771299958,32.943946838378906
5141.163142025471,32.94340896606445
5141.490156948566,32.94363021850586
5141.82876907289,32.94374084472656
5142.156176269054,32.94356155395508
5142.494365945458,32.9432373046875
5142.821330577135,32.9429817199707
5143.159319087863,32.942386627197266
5143.497388064861,32.94253158569336
5143.825268000364,32.94218444824219
5144.163055345416,32.94187927246094
5144.490261375904,32.94143295288086
5144.829336181283,32.94086456298828
5145.155797898769,32.940521240234375
5145.495043694973,32.939727783203125
5145.821525529027,32.939693450927734
5146.16026841104,32.93922424316406
5146.487263217568,32.93919372558594
5146.825694292784,32.938880920410156
5147.1524979919195,32.93873977661133
5147.490084171295,32.93812942504883
5147.819221392274,32.93766784667969
5148.156857863069,32.937705993652344
5148.484566807747,32.93720245361328
5148.821197450161,32.93653106689453
5149.148936569691,32.93622589111328
5149.487267062068,32.93634796142578
5149.81519728899,32.93587112426758
5150.1528941094875,32.93561553955078
5150.480864569545,32.935367584228516
5150.812928751111,32.93511962890625
5151.14732645452,32.93470764160156
5151.484379544854,32.934391021728516
5151.812420412898,32.934112548828125
5152.149523794651,32.933773040771484
5152.4885684251785,32.93345642089844
5152.815241366625,32.933109283447266
5153.153290227056,32.932594299316406
5153.481029346585,32.93257141113281
5153.819500654936,32.932010650634766
5154.14754152298,32.93156433105469
5154.48521822691,32.93080139160156
5154.812182858586,32.93046188354492
5155.150221660733,32.92962646484375
5155.478755384684,32.92914581298828
5155.81621080637,32.927940368652344
5156.143145263195,32.927513122558594
5156.480630859733,32.926979064941406
5156.809174641967,32.92567443847656
5157.147303968668,32.92536544799805
5157.474419474602,32.9246711730957
5157.812810316682,32.92407989501953
5158.140106871724,32.92340850830078
5158.472331985831,32.92330551147461
5158.8057439774275,32.9228515625
5159.144014120102,32.92216873168945
5159.471783414483,32.9214973449707
5159.808524698019,32.92127227783203
5160.137712210417,32.920875549316406
5160.475227981806,32.920379638671875
5160.813377425075,32.9197998046875
5161.14018112421,32.91890335083008
5161.473110318184,32.91856384277344
5161.8069447577,32.918983459472656
5162.144028022885,32.91724395751953
5162.471696734428,32.91659927368164
5162.808910757303,32.916194915771484
5163.1382793188095,32.91549301147461
5163.475724682212,32.914981842041016
5163.796634227037,32.914276123046875
5164.140406250954,32.91366195678711
5164.469664171338,32.91332244873047
5164.807190001011,32.91238021850586
5165.134476497769,32.911617279052734
5165.471589937806,32.911521911621094
5165.7997615635395,32.91098403930664
5166.131644695997,32.91056442260742
5166.465750709176,32.90995407104492
5166.797513142228,32.909149169921875
5167.130985483527,32.909027099609375
5167.4690544605255,32.90793991088867
5167.796703055501,32.90779113769531
5168.134078010917,32.90751266479492
5168.456285074353,32.90728759765625
5168.8114531338215,32.90606689453125
5169.132091104984,32.905948638916016
5169.459749758244,32.90556716918945
5169.803159683943,32.90489196777344
5170.125195756555,32.90406799316406
5170.468897372484,32.90332794189453
5170.797783136368,32.90321350097656
5171.13543972373,32.90274429321289
5171.462887153029,32.90219497680664
5171.79971896112,32.902259826660156
5172.128242626786,32.90182876586914
5172.466150671244,32.90135955810547
5172.79353775084,32.90098190307617
5173.131174221635,32.90110778808594
5173.458913341165,32.900604248046875
5173.797465115786,32.900211334228516
5174.1251438856125,32.89984130859375
5174.462257325649,32.89922332763672
5174.790187552571,32.898563385009766
5175.128749385476,32.89828109741211
5175.455854833126,32.897918701171875
5175.794456899166,32.897132873535156
5176.121310889721,32.89674758911133
5176.459651440382,32.89649963378906
5176.787088811398,32.89566421508789
5177.1255400031805,32.895145416259766
5177.462975308299,32.89422607421875
5177.790996059775,32.89395523071289
5178.127827867866,32.89323043823242
5178.456190600991,32.892372131347656
5178.788757696748,32.89146423339844
5179.120630770922,32.891292572021484
5179.459403827786,32.89131164550781
5179.7870725393295,32.8912467956543
5180.12567460537,32.890586853027344
5180.452156439424,32.89020538330078
5180.791422352195,32.89000701904297
5181.118759140372,32.89023971557617
5181.456838175654,32.88963317871094
5181.783601641655,32.88936996459961
5182.122505456209,32.88916778564453
5182.44905769825,32.888465881347656
5182.788202911615,32.888423919677734
5183.115469291806,32.88797378540039
5183.453548327088,32.88780212402344
5183.7805934250355,32.88744354248047
5184.119215607643,32.88703918457031
5184.44710560143,32.88701629638672
5184.785275161266,32.88689041137695
5185.111586004496,32.886417388916016
5185.450167953968,32.885929107666016
5185.787905007601,32.8860969543457
5186.116428673267,32.886226654052734
5186.447788774967,32.885498046875
5186.780969426036,32.88571548461914
5187.112902849913,32.88555145263672
5187.446757405996,32.88536071777344
5187.785641103983,32.885555267333984
5188.112112879753,32.88534927368164
5188.450966402888,32.88485336303711
5188.778574764729,32.88446044921875
5189.116211235523,32.884559631347656
5189.44346755743,32.88392639160156
5189.780329540372,32.883827209472656
5190.1095774024725,32.88385772705078
5190.446459501982,32.88379669189453
5190.774510428309,32.88325881958008
5191.11255928874,32.88326644897461
5191.4396446198225,32.88262176513672
5191.778025403619,32.88258361816406
5192.106448486447,32.88127136230469
5192.4434915184975,32.881038665771484
5192.770677432418,32.880271911621094
5193.108555302024,32.87987518310547
5193.437591940165,32.87910842895508
5193.774705380201,32.878536224365234
5194.112623482943,32.877750396728516
5194.440754875541,32.8773078918457
5194.778330996633,32.87712860107422
5195.106904953718,32.876617431640625
5195.444068685174,32.87590408325195
5195.772019028664,32.87550735473633
5196.108710020781,32.87491226196289
5196.437183395028,32.874629974365234
5196.775745227933,32.87412643432617
5197.102780267596,32.87360763549805
5197.440155223012,32.87281036376953
5197.768900170922,32.87207794189453
5198.10646623373,32.871734619140625
5198.434396460652,32.87101745605469
5198.7714394927025,32.87021255493164
5199.099389836192,32.87006378173828
5199.448734149337,32.869834899902344
5199.765731021762,32.86986541748047
5200.103307142854,32.869266510009766
5200.430301949382,32.86844253540039
5200.768059119582,32.86833190917969
5201.097125932574,32.8684196472168
5201.434299722314,32.868167877197266
5201.762370765209,32.86802291870117
5202.099383622408,32.867462158203125
5202.438438311219,32.867164611816406
5202.766348421574,32.86704635620117
5203.104065358639,32.86643600463867
5203.425447642803,32.86601638793945
5203.768475353718,32.865299224853516
5204.096928611398,32.86468505859375
5204.434635490179,32.8640251159668
5204.762314260006,32.86355972290039
5205.100493878126,32.86350631713867
5205.427518859506,32.862892150878906
5205.766643956304,32.8624267578125
5206.088317930698,32.86238098144531
5206.4318887889385,32.861244201660156
5206.75889365375,32.86094284057617
5207.097586244345,32.860713958740234
5207.424862682819,32.86030197143555
5207.762499153614,32.86039733886719
5208.084102720022,32.86014175415039
5208.427542820573,32.86044692993164
5208.75543281436,32.860565185546875
5209.093642607331,32.86021041870117
5209.420607239008,32.859432220458984
5209.759098663926,32.859230041503906
5210.086566209793,32.85863494873047
5210.425701364875,32.857906341552734
5210.762593522668,32.85728073120117
5211.090372875333,32.856658935546875
5211.429427564144,32.856170654296875
5211.756603419781,32.85563278198242
5212.094853445888,32.8549919128418
5212.42151632905,32.85501480102539
5212.759253382683,32.85423278808594
5213.087998330593,32.853477478027344
5213.426258414984,32.85258483886719
5213.753283396363,32.852088928222656
5214.090779051185,32.85144805908203
5214.418870210648,32.85090255737305
5214.757059887052,32.85027313232422
5215.084577724338,32.84920120239258
5215.422274544835,32.848358154296875
5215.749993547797,32.847503662109375
5216.088102757931,32.846073150634766
5216.415178030729,32.845298767089844
5216.753488406539,32.84436798095703
5217.080935835838,32.843875885009766
5217.4183409661055,32.84343719482422
5217.74582862854,32.843292236328125
5218.084440752864,32.84286880493164
5218.411566317081,32.84269714355469
5218.750751763582,32.8425178527832
5219.089072197676,32.841705322265625
5219.415574148297,32.841522216796875
5219.753361493349,32.8415412902832
5220.080778747797,32.841548919677734
5220.4184755682945,32.84151077270508
5220.746214687824,32.841007232666016
5221.084836870432,32.84033966064453
5221.411348879337,32.83954620361328
5221.749850362539,32.8386344909668
5222.077810764313,32.83776092529297
5222.416090965271,32.83750534057617
5222.744182124734,32.83681106567383
5223.081104457378,32.83618927001953
5223.409175500274,32.836177825927734
5223.747335001826,32.83549118041992
5224.07508417964,32.8352165222168
5224.413283914328,32.83475112915039
5224.739323183894,32.83421325683594
5225.078327581286,32.83372116088867
5225.406026467681,32.833465576171875
5225.743129849434,32.83308410644531
5226.070768386126,32.83261489868164
5226.409098878503,32.832061767578125
5226.737743243575,32.83152389526367
5227.075259014964,32.83060836791992
5227.413599565625,32.829830169677734
5227.740131691098,32.829124450683594
5228.078753873706,32.82878875732422
5228.405939787626,32.82730484008789
5228.744702786207,32.826839447021484
5229.071677476168,32.825862884521484
5229.40912283957,32.82564163208008
5229.737254232168,32.8255500793457
5230.0852708518505,32.82544708251953
5230.402720347047,32.82512664794922
5230.740578100085,32.824466705322266
5231.067814305425,32.82439422607422
5231.406718119979,32.824275970458984
5231.733863800764,32.82366180419922
5232.071942836046,32.82334518432617
5232.399591431022,32.82286071777344
5232.7381029725075,32.822566986083984
5233.064956963062,32.82270431518555
5233.402482792735,32.822391510009766
5233.730674535036,32.82196807861328
5234.068200364709,32.82188034057617
5234.396663680673,32.82168960571289
5234.7339279949665,32.82177734375
5235.061999037862,32.82136535644531
5235.400420054793,32.82117462158203
5235.737764835358,32.820518493652344
5236.065815761685,32.8196907043457
5236.403613165021,32.81980895996094
5236.730175465345,32.81977462768555
5237.069089338183,32.81938934326172
5237.396647408605,32.819000244140625
5237.734545394778,32.818687438964844
5238.061912357807,32.81804275512695
5238.399267196655,32.81788635253906
5238.722097873688,32.817665100097656
5239.066151529551,32.81700897216797
5239.393498376012,32.81681442260742
5239.730692282319,32.81674575805664
5240.05838111043,32.81620788574219
5240.397425740957,32.81561279296875
5240.7250843942165,32.81500244140625
5241.061855852604,32.81460189819336
5241.3900677114725,32.81423568725586
5241.727905347943,32.813350677490234
5242.055885866284,32.812843322753906
5242.393954843283,32.81258010864258
5242.721553146839,32.812705993652344
5243.05896833539,32.81218338012695
5243.3879144489765,32.811893463134766
5243.724726140499,32.811798095703125
5244.062684476376,32.811439514160156
5244.389900565147,32.81132125854492
5244.727386161685,32.81166458129883
5245.056473091245,32.81135940551758
5245.393868163228,32.8107795715332
5245.721315592527,32.81064987182617
5246.059776842594,32.81046676635742
5246.387445554137,32.810245513916016
5246.72560505569,32.810489654541016
5247.052891552448,32.80986404418945
5247.390155866742,32.80923080444336
5247.717723995447,32.8092041015625
5248.0509750545025,32.808998107910156
5248.384678736329,32.808685302734375
5248.722103983164,32.80790328979492
5249.049470946193,32.807159423828125
5249.3882440030575,32.806556701660156
5249.709163606167,32.805850982666016
5250.052744522691,32.80544662475586
5250.380775332451,32.80546569824219
5250.718552619219,32.805057525634766
5251.0465532541275,32.80436706542969
5251.38386785984,32.80405044555664
5251.712280884385,32.8035774230957
5252.049404382706,32.80329895019531
5252.387825399637,32.8030891418457
5252.716188132763,32.80236053466797
5253.053492680192,32.80181121826172
5253.380608186126,32.80164337158203
5253.719149902463,32.80116271972656
5254.046878963709,32.80098342895508
5254.385128989816,32.80060577392578
5254.712314903736,32.79990005493164
5255.0501223653555,32.79927062988281
5255.37731833756,32.798988342285156
5255.71600086987,32.79861831665039
5256.0437399894,32.798004150390625
5256.38205036521,32.79737091064453
5256.708934530616,32.79660415649414
5257.04699344933,32.79616928100586
5257.374742627144,32.795372009277344
5257.7130530029535,32.794254302978516
5258.039394021034,32.79330062866211
5258.378438651562,32.792320251464844
5258.705352991819,32.7919921875
5259.044065698981,32.790931701660156
5259.371332079172,32.78964614868164
5259.708194062114,32.78857421875
5260.037411749363,32.787620544433594
5260.374937579036,32.786380767822266
5260.713801160455,32.78564453125
5261.039588972926,32.78460693359375
5261.37862354517,32.78388214111328
5261.706010624766,32.782718658447266
5262.043234705925,32.78152084350586
5262.371054291725,32.78046417236328
5262.709766998887,32.779869079589844
5263.037797808647,32.77919006347656
5263.375233113766,32.77838134765625
5263.702268153429,32.77800750732422
5264.039854332805,32.77686309814453
5264.36729170382,32.77616882324219
5264.70602452755,32.7755126953125
5265.033492073417,32.77458953857422
5265.372144430876,32.774131774902344
5265.69955162704,32.77332305908203
5266.037530079484,32.772377014160156
5266.365832462907,32.77164840698242
5266.7034186422825,32.77095031738281
5267.030011117458,32.76934814453125
5267.367838695645,32.76850891113281
5267.697207257152,32.76744079589844
5268.033908307552,32.76634216308594
5268.362230807543,32.76514434814453
5268.699786812067,32.764713287353516
5269.031881168485,32.763221740722656
5269.36576589942,32.76124572753906
5269.703010097146,32.76046371459961
5270.030236244202,32.759666442871094
5270.369371399283,32.75817108154297
5270.69086432457,32.7570915222168
5271.0342440754175,32.755958557128906
5271.362194418907,32.75485610961914
5271.699911355972,32.75366973876953
5272.026936337352,32.751792907714844
5272.3662827163935,32.75034713745117
5272.693790495396,32.74946975708008
5273.031376674771,32.748600006103516
5273.358311131597,32.74694061279297
5273.697214946151,32.746185302734375
5274.0243304520845,32.744171142578125
5274.362399429083,32.74320983886719
5274.683872237802,32.74188995361328
5275.027080997825,32.74122619628906
5275.356509909034,32.74016571044922
5275.69346241653,32.73965072631836
5276.015589013696,32.73873519897461
5276.358898356557,32.73817443847656
5276.687693595886,32.73703384399414
5277.02495791018,32.736576080322266
5277.362483739853,32.735652923583984
5277.68974006176,32.73505401611328
5278.027638047934,32.73442840576172
5278.35069000721,32.73395919799805
5278.694582730532,32.732791900634766
5279.021134972572,32.73281478881836
5279.359455406666,32.731964111328125
5279.688160121441,32.731632232666016
5280.025162920356,32.73041534423828
5280.353032797575,32.72996139526367
5280.690297111869,32.729042053222656
5281.01827763021,32.72861099243164
5281.350794434547,32.72746276855469
5281.6780507564545,32.726444244384766
5282.022154703736,32.72601318359375
5282.349823415279,32.72544860839844
5282.686514407396,32.72402572631836
5283.015742152929,32.72323226928711
5283.3535797894,32.72227096557617
5283.680433779955,32.7210578918457
5284.018824622035,32.720157623291016
5284.34610106051,32.71922302246094
5284.684823825955,32.718387603759766
5285.012241080403,32.71798324584961
5285.350018367171,32.717594146728516
5285.687695071101,32.7168083190918
5286.016188561916,32.71555709838867
5286.354096606374,32.71495819091797
5286.681574210525,32.714012145996094
5287.019210681319,32.71311569213867
5287.346648052335,32.71193313598633
5287.68457621336,32.71131134033203
5288.013019412756,32.70951461791992
5288.350243493915,32.70903778076172
5288.67810331285,32.707786560058594
5289.015085995197,32.70704650878906
5289.342925697565,32.70600128173828
5289.681175723672,32.705020904541016
5290.0027591735125,32.70431137084961
5290.346330031753,32.7033576965332
5290.674883872271,32.702030181884766
5291.012711450458,32.701725006103516
5291.349885240197,32.700958251953125
5291.671518981457,32.69968795776367
5292.00550429523,32.698387145996094
5292.343764379621,32.69794845581055
5292.670789361,32.697669982910156
5293.008687347174,32.69696044921875
5293.331256508827,32.69618225097656
5293.674746900797,32.69515609741211
5294.0125443041325,32.694644927978516
5294.340263307095,32.6940803527832
5294.678241759539,32.69342041015625
5295.006765425205,32.692386627197266
5295.343717932701,32.69184875488281
5295.671356469393,32.690773010253906
5296.00876159966,32.68991470336914
5296.337768062949,32.68907165527344
5296.674982085824,32.688236236572266
5297.003063187003,32.68727493286133
5297.339985519648,32.68581008911133
5297.667966037989,32.6850471496582
5298.007221892476,32.684383392333984
5298.334790021181,32.68312072753906
5298.6723359674215,32.68189239501953
5298.993778601289,32.68147659301758
5299.336816370487,32.68071365356445
5299.665380269289,32.67928695678711
5300.003117322922,32.67829513549805
5300.33132918179,32.67758560180664
5300.66808052361,32.677303314208984
5300.995799526572,32.6770133972168
5301.3285376131535,32.676368713378906
5301.662502810359,32.67576599121094
5301.9995257258415,32.67561721801758
5302.33738347888,32.67453384399414
5302.665514871478,32.674198150634766
5303.003030642867,32.67387008666992
5303.331262618303,32.6732177734375
5303.668134659529,32.67245101928711
5303.995954245329,32.67174530029297
5304.334666952491,32.671653747558594
5304.656672850251,32.670562744140625
5305.000092834234,32.6695442199707
5305.321827158332,32.669063568115234
5305.666363611817,32.66860580444336
5305.993640050292,32.66766357421875
5306.331558153033,32.66697311401367
5306.659246981144,32.666133880615234
5306.996853277087,32.665283203125
5307.324572280049,32.66463851928711
5307.663385570049,32.66345977783203
5307.988952100277,32.66267776489258
5308.327755331993,32.66179275512695
5308.655092120171,32.660865783691406
5308.993905410171,32.66025161743164
5309.326683729887,32.65940856933594
5309.659944847226,32.65894317626953
5309.981357306242,32.65805435180664
5310.324475541711,32.657493591308594
5310.663349181414,32.657066345214844
5310.99023334682,32.656585693359375
5311.328553780913,32.65510559082031
5311.65602132678,32.655250549316406
5311.993969604373,32.654335021972656
5312.321155518293,32.6539306640625
5312.6592848449945,32.65318298339844
5312.986380234361,32.65290832519531
5313.324388861656,32.65209197998047
5313.653123751283,32.65167999267578
5313.990257307887,32.650665283203125
5314.317986369133,32.65018081665039
5314.655964821577,32.64972686767578
5314.984206855297,32.64937973022461
5315.321270003915,32.648441314697266
5315.649149939418,32.64784240722656
5315.986836701632,32.64717483520508
5316.315641999245,32.646942138671875
5316.653198003769,32.645938873291016
5316.980132460594,32.645503997802734
5317.319167032838,32.64516830444336
5317.647077143192,32.64417266845703
5317.984210699797,32.64347457885742
5318.312352150679,32.64292907714844
5318.6488922685385,32.64253234863281
5318.98646838963,32.64214324951172
5319.315917417407,32.6413459777832
5319.657788425684,32.64063262939453
5319.980940967798,32.63984680175781
5320.318114757538,32.63801956176758
5320.640754327178,32.636959075927734
5320.984445884824,32.63584899902344
5321.3118229061365,32.634952545166016
5321.649479493499,32.6336669921875
5321.988443657756,32.63248825073242
5322.315317764878,32.63149642944336
5322.6439621299505,32.631351470947266
5322.980864346027,32.63062286376953
5323.3027294278145,32.62971496582031
5323.646290227771,32.629337310791016
5323.975558206439,32.6277961730957
5324.306556209922,32.62609100341797
5324.639495462179,32.62481689453125
5324.972082674503,32.6237907409668
5325.305776298046,32.62321853637695
5325.644589588046,32.6224250793457
5325.965237617493,32.62167739868164
5326.309120282531,32.621585845947266
5326.636607944965,32.62112808227539
5326.975109428167,32.620758056640625
5327.312484383583,32.62031936645508
5327.640816941857,32.62019729614258
5327.977809682488,32.619590759277344
5328.30536775291,32.619041442871094
5328.64383906126,32.61874771118164
5328.971879929304,32.618804931640625
5329.3090637773275,32.61794662475586
5329.637607559562,32.617427825927734
5329.975334554911,32.6168327331543
5330.303093791008,32.6167106628418
5330.640026181936,32.61611557006836
5330.962414294481,32.6158332824707
5331.306156143546,32.61534118652344
5331.633613631129,32.61486053466797
5331.972728669643,32.61463165283203
5332.29826502502,32.61381149291992
5332.637128606439,32.61410903930664
5332.964314520359,32.614139556884766
5333.303419500589,32.613468170166016
5333.630635589361,32.612972259521484
5333.968402817845,32.612857818603516
5334.296353161335,32.612308502197266
5334.634442254901,32.61122131347656
5334.961507469416,32.61075210571289
5335.2987717837095,32.61048126220703
5335.637192800641,32.61014175415039
5335.965173318982,32.60932540893555
5336.303212121129,32.60831069946289
5336.624835804105,32.60744857788086
5336.969060450792,32.60625457763672
5337.290724366903,32.605037689208984
5337.634878605604,32.604434967041016
5337.962869182229,32.60275650024414
5338.300314545631,32.601280212402344
5338.628254830837,32.600345611572266
5338.965307921171,32.599491119384766
5339.293560013175,32.59885025024414
5339.631840214133,32.598079681396484
5339.959458634257,32.59689712524414
5340.29677323997,32.59640884399414
5340.623959153891,32.595375061035156
5340.963174775243,32.59453201293945
5341.289385035634,32.59397888183594
5341.628630831838,32.5927734375
5341.9558469206095,32.59181213378906
5342.293272167444,32.591129302978516
5342.621172219515,32.589900970458984
5342.957973852754,32.58880615234375
5343.286135420203,32.588253021240234
5343.62509958446,32.58660888671875
5343.963580951095,32.58598327636719
5344.289600104094,32.584991455078125
5344.6291375905275,32.584144592285156
5344.956263154745,32.58380889892578
5345.293678343296,32.58291244506836
5345.621890202165,32.582523345947266
5345.959506556392,32.58171081542969
5346.286320313811,32.58098220825195
5346.625113487244,32.58085250854492
5346.952369809151,32.58042526245117
5347.2898453474045,32.5792350769043
5347.618278488517,32.57883071899414
5347.950594127178,32.57791519165039
5348.284509032965,32.57688522338867
5348.622205853462,32.57583236694336
5348.948717862368,32.57474899291992
5349.286686256528,32.57376480102539
5349.609003961086,32.57271194458008
5349.952987208962,32.57170104980469
5350.280444696546,32.57044219970703
5350.618674606085,32.569766998291016
5350.947097688913,32.569000244140625
5351.283838972449,32.56721878051758
5351.611336693168,32.56591033935547
5351.949214562774,32.5647087097168
5352.2774666547775,32.5634651184082
5352.625945955515,32.56239318847656
5352.953504025936,32.56108474731445
5353.280810639262,32.55983352661133
5353.6184169352055,32.55848693847656
5353.945713490248,32.557151794433594
5354.284647479653,32.556339263916016
5354.611632227898,32.555599212646484
5354.949731379747,32.55469512939453
5355.277882888913,32.55354309082031
5355.615871399641,32.552886962890625
5355.943489819765,32.552364349365234
5356.2810357660055,32.55132293701172
5356.6029611974955,32.55070877075195
5356.946079432964,32.54961395263672
5357.275216653943,32.548858642578125
5357.612742483616,32.547828674316406
5357.939847931266,32.54658508300781
5358.278017491102,32.54602813720703
5358.605746552348,32.5449104309082
5358.9441776275635,32.544437408447266
5359.271715581417,32.543907165527344
5359.608456864953,32.543174743652344
5359.936115518212,32.542579650878906
5360.274677351117,32.54241943359375
5360.602627694607,32.542274475097656
5360.933937504888,32.54176330566406
5361.277759820223,32.54124069213867
5361.606042087078,32.54051208496094
5361.943759024143,32.54010772705078
5362.272051349282,32.539119720458984
5362.609547004104,32.538082122802734
5362.936672568321,32.53776550292969
5363.26913908124,32.53738784790039
5363.603023812175,32.53673553466797
5363.940378651023,32.53623580932617
5364.267514273524,32.53564453125
5364.605402201414,32.535186767578125
5364.934147149324,32.53459930419922
5365.27202501893,32.53416442871094
5365.599422156811,32.533599853515625
5365.9369379282,32.5326042175293
5366.264475882053,32.532203674316406
5366.603319346905,32.531944274902344
5366.931199282408,32.531124114990234
5367.2624588012695,32.53059768676758
5367.596333473921,32.530242919921875
5367.9343320429325,32.5299186706543
5368.255865201354,32.5289192199707
5368.593280389905,32.52806091308594
5368.921572715044,32.52690505981445
5369.265817478299,32.52632141113281
5369.6032125502825,32.52509307861328
5369.931273534894,32.5245475769043
5370.268115401268,32.52289962768555
5370.601497218013,32.52198028564453
5370.935009792447,32.52125930786133
5371.262024715543,32.5203857421875
5371.600496023893,32.519683837890625
5371.927219256759,32.518836975097656
5372.265791147947,32.51836013793945
5372.592343389988,32.51741027832031
5372.925463691354,32.51695251464844
5373.258443176746,32.516231536865234
5373.590286076069,32.516014099121094
5373.923607543111,32.51505661010742
5374.2625415325165,32.51456832885742
5374.588912725449,32.51370620727539
5374.92817863822,32.51308059692383
5375.255183503032,32.51287841796875
5375.59367492795,32.511962890625
5375.921605154872,32.51133346557617
5376.258789002895,32.51072311401367
5376.586407423019,32.50986099243164
5376.924788206816,32.509159088134766
5377.251803129911,32.5083122253418
5377.591330558062,32.50720977783203
5377.927327528596,32.50624084472656
5378.256354108453,32.505496978759766
5378.592994809151,32.50419235229492
5378.921055793762,32.50271224975586
5379.258953779936,32.50202178955078
5379.585998877883,32.50029373168945
5379.924922809005,32.49899673461914
5380.252480879426,32.497982025146484
5380.5912137031555,32.49716567993164
5380.917132273316,32.49644470214844
5381.25574439764,32.495548248291016
5381.583382934332,32.494441986083984
5381.921170279384,32.49380874633789
5382.248838990927,32.49318313598633
5382.586002722383,32.49236297607422
5382.914787903428,32.491600036621094
5383.263337612152,32.49110794067383
5383.579791337252,32.49113845825195
5383.917468041182,32.49037170410156
5384.245730191469,32.489986419677734
5384.58356782794,32.489986419677734
5384.9120412021875,32.48968505859375
5385.248812660575,32.48938751220703
5385.571874678135,32.4890022277832
5385.914821922779,32.488739013671875
5386.253916844726,32.488887786865234
5386.581605672836,32.4888916015625
5386.91950365901,32.48828125
5387.246488407254,32.48794937133789
5387.583853304386,32.487342834472656
5387.911139801145,32.48651123046875
5388.250797986984,32.48601150512695
5388.576937839389,32.485191345214844
5388.915720954537,32.4842414855957
5389.243510365486,32.483367919921875
5389.582152664661,32.48264694213867
5389.908664673567,32.4823112487793
5390.247246623039,32.481754302978516
5390.574030205607,32.48122024536133
5390.91155603528,32.48031997680664
5391.239305213094,32.47956848144531
5391.577464714646,32.480464935302734
5391.899842768908,32.47947692871094
5392.24331304431,32.47901153564453
5392.570569366217,32.478519439697266
5392.908366769552,32.47836685180664
5393.236377462745,32.47808837890625
5393.574376031756,32.47807693481445
5393.901793286204,32.478084564208984
5394.240214303136,32.47760772705078
5394.577991589904,32.47732162475586
5394.904624298215,32.47712326049805
5395.2441819012165,32.47694396972656
5395.571609213948,32.476402282714844
5395.908702537417,32.47699737548828
5396.2370954453945,32.47665023803711
5396.575556695461,32.47639465332031
5396.902903541923,32.476348876953125
5397.240499779582,32.47636413574219
5397.568480297923,32.475830078125
5397.905603796244,32.47548294067383
5398.23404699564,32.47492980957031
5398.572025448084,32.474693298339844
5398.899482935667,32.47437286376953
5399.2371294647455,32.474388122558594
5399.564788118005,32.47393035888672
5399.902977794409,32.4744873046875
